country,date,case_age_00_19,case_age_20_39,case_age_40_59,case_age_60over,case_total,mask_age_00_19,mask_age_20_39,mask_age_40_59,mask_age_60over,mask_overall
AUS,2020/2/1,0,0,0,0,0,0.266077121,0.357054642,0.239251441,0.161875115,0.2609713
AUS,2020/2/2,0,0,0,0,0,0.266077121,0.357054642,0.239251441,0.161875115,0.2609713
AUS,2020/2/3,0,0,0,0,0,0.266077121,0.357054642,0.239251441,0.161875115,0.2609713
AUS,2020/2/4,1,1,0,0,2,0.266077121,0.357054642,0.239251441,0.161875115,0.2609713
AUS,2020/2/5,0,0,0,0,0,0.266077121,0.357054642,0.239251441,0.161875115,0.2609713
AUS,2020/2/6,0,1,0,0,1,0.266077121,0.357054642,0.239251441,0.161875115,0.2609713
AUS,2020/2/7,0,0,0,0,0,0.266077121,0.357054642,0.239251441,0.161875115,0.2609713
AUS,2020/2/8,0,0,0,0,0,0.266077121,0.357054642,0.239251441,0.161875115,0.2609713
AUS,2020/2/9,0,0,0,0,0,0.266077121,0.357054642,0.239251441,0.161875115,0.2609713
AUS,2020/2/10,0,0,0,0,0,0.266077121,0.357054642,0.239251441,0.161875115,0.2609713
AUS,2020/2/11,0,0,0,0,0,0.266077121,0.357054642,0.239251441,0.161875115,0.2609713
AUS,2020/2/12,0,0,0,0,0,0.266077121,0.357054642,0.239251441,0.161875115,0.2609713
AUS,2020/2/13,0,0,0,0,0,0.266077121,0.357054642,0.239251441,0.161875115,0.2609713
AUS,2020/2/14,0,0,0,0,0,0.266077121,0.357054642,0.239251441,0.161875115,0.2609713
AUS,2020/2/15,0,0,0,0,0,0.266077121,0.357054642,0.239251441,0.161875115,0.2609713
AUS,2020/2/16,0,0,0,0,0,0.266077121,0.357054642,0.239251441,0.161875115,0.2609713
AUS,2020/2/17,0,0,0,0,0,0.266077121,0.357054642,0.239251441,0.161875115,0.2609713
AUS,2020/2/18,0,0,0,0,0,0.266077121,0.357054642,0.239251441,0.161875115,0.2609713
AUS,2020/2/19,0,0,0,0,0,0.266077121,0.357054642,0.239251441,0.161875115,0.2609713
AUS,2020/2/20,0,0,0,0,0,0.266077121,0.357054642,0.239251441,0.161875115,0.2609713
AUS,2020/2/21,0,0,0,0,0,0.266077121,0.357054642,0.239251441,0.161875115,0.2609713
AUS,2020/2/22,0,1,2,1,4,0.266077121,0.357054642,0.239251441,0.161875115,0.2609713
AUS,2020/2/23,0,0,0,0,0,0.266077121,0.357054642,0.239251441,0.161875115,0.2609713
AUS,2020/2/24,0,0,1,0,1,0.266077121,0.357054642,0.239251441,0.161875115,0.2609713
AUS,2020/2/25,0,0,0,1,1,0.266077121,0.357054642,0.239251441,0.161875115,0.2609713
AUS,2020/2/26,0,0,0,0,0,0.266077121,0.357054642,0.239251441,0.161875115,0.2609713
AUS,2020/2/27,0,0,0,0,0,0.266077121,0.357054642,0.239251441,0.161875115,0.2609713
AUS,2020/2/28,0,0,0,1,1,0.266077121,0.357054642,0.239251441,0.161875115,0.2609713
AUS,2020/2/29,0,0,0,1,1,0.266077121,0.357054642,0.239251441,0.161875115,0.2609713
AUS,2020/3/1,0,1,0,1,2,0.266077121,0.357054642,0.239251441,0.161875115,0.2609713
AUS,2020/3/2,0,2,0,0,2,0.266077121,0.357054642,0.239251441,0.161875115,0.2609713
AUS,2020/3/3,0,1,0,0,1,0.266077121,0.357054642,0.239251441,0.161875115,0.2609713
AUS,2020/3/4,0,1,0,1,2,0.266077121,0.357054642,0.239251441,0.161875115,0.2609713
AUS,2020/3/5,0,1,0,0,1,0.266077121,0.357054642,0.239251441,0.161875115,0.2609713
AUS,2020/3/6,0,1,0,1,2,0.266077121,0.357054642,0.239251441,0.161875115,0.2609713
AUS,2020/3/7,0,0,1,0,1,0.266077121,0.357054642,0.239251441,0.161875115,0.2609713
AUS,2020/3/8,0,0,2,1,3,0.266077121,0.357054642,0.239251441,0.161875115,0.2609713
AUS,2020/3/9,1,8,7,3,19,0.266077121,0.357054642,0.239251441,0.161875115,0.2609713
AUS,2020/3/10,0,2,7,3,12,0.266077121,0.357054642,0.239251441,0.161875115,0.2609713
AUS,2020/3/11,2,9,11,8,30,0.266077121,0.357054642,0.239251441,0.161875115,0.2609713
AUS,2020/3/12,0,17,12,5,34,0.266077121,0.357054642,0.239251441,0.161875115,0.2609713
AUS,2020/3/13,0,22,17,12,51,0.266077121,0.357054642,0.239251441,0.161875115,0.2609713
AUS,2020/3/14,3,17,12,10,42,0.266077121,0.357054642,0.239251441,0.161875115,0.2609713
AUS,2020/3/15,2,23,19,9,53,0.266077121,0.357054642,0.239251441,0.161875115,0.2609713
AUS,2020/3/16,2,29,26,14,71,0.266077121,0.357054642,0.239251441,0.161875115,0.2609713
AUS,2020/3/17,3,61,48,23,135,0.266077121,0.357054642,0.239251441,0.161875115,0.2609713
AUS,2020/3/18,0,39,39,18,96,0.266077121,0.357054642,0.239251441,0.161875115,0.2609713
AUS,2020/3/19,9,46,39,32,126,0.266077121,0.357054642,0.239251441,0.161875115,0.2609713
AUS,2020/3/20,8,84,56,43,191,0.266077121,0.357054642,0.239251441,0.161875115,0.2609713
AUS,2020/3/21,4,77,74,71,226,0.266077121,0.357054642,0.239251441,0.161875115,0.2609713
AUS,2020/3/22,8,73,81,90,252,0.266077121,0.357054642,0.239251441,0.161875115,0.2609713
AUS,2020/3/23,10,91,76,113,290,0.266077121,0.357054642,0.239251441,0.161875115,0.2609713
AUS,2020/3/24,8,126,94,93,321,0.266077121,0.357054642,0.239251441,0.161875115,0.2609713
AUS,2020/3/25,8,121,84,110,323,0.266077121,0.357054642,0.239251441,0.161875115,0.2609713
AUS,2020/3/26,8,124,94,78,304,0.266077121,0.357054642,0.239251441,0.161875115,0.2609713
AUS,2020/3/27,22,146,90,123,381,0.266077121,0.357054642,0.239251441,0.161875115,0.2609713
AUS,2020/3/28,13,104,81,70,268,0.266077121,0.357054642,0.239251441,0.161875115,0.2609713
AUS,2020/3/29,9,91,55,56,211,0.266077121,0.357054642,0.239251441,0.161875115,0.2609713
AUS,2020/3/30,9,97,54,46,206,0.266077121,0.357054642,0.239251441,0.161875115,0.2609713
AUS,2020/3/31,11,87,61,66,225,0.252785266,0.345356233,0.233374899,0.163742372,0.255333437
AUS,2020/4/1,13,93,57,57,220,0.239493411,0.333657824,0.227498356,0.165609629,0.249695573
AUS,2020/4/2,13,68,49,47,177,0.226201556,0.321959415,0.221621814,0.167476886,0.24405771
AUS,2020/4/3,13,67,27,49,156,0.212909701,0.310261006,0.215745272,0.169344144,0.238419847
AUS,2020/4/4,3,41,42,26,112,0.199617846,0.298562597,0.20986873,0.171211401,0.232781984
AUS,2020/4/5,7,31,27,33,98,0.186325991,0.286864188,0.203992187,0.173078658,0.22714412
AUS,2020/4/6,5,34,21,19,79,0.173034136,0.275165779,0.198115645,0.174945915,0.221506257
AUS,2020/4/7,4,27,22,27,80,0.19977995,0.283455496,0.194985358,0.16959243,0.222379267
AUS,2020/4/8,5,22,23,17,67,0.226525763,0.291745212,0.19185507,0.164238945,0.223252278
AUS,2020/4/9,1,25,11,24,61,0.253271577,0.300034929,0.188724783,0.15888546,0.224125288
AUS,2020/4/10,5,23,14,26,68,0.28001739,0.308324646,0.185594496,0.153531974,0.224998298
AUS,2020/4/11,0,13,5,11,29,0.306763204,0.316614363,0.182464209,0.148178489,0.225871308
AUS,2020/4/12,4,6,5,9,24,0.333509017,0.324904079,0.179333921,0.142825004,0.226744319
AUS,2020/4/13,1,5,2,12,20,0.360254831,0.333193796,0.176203634,0.137471519,0.227617329
AUS,2020/4/14,1,10,9,9,29,0.343713503,0.340758945,0.184494999,0.139331736,0.233258656
AUS,2020/4/15,2,7,7,19,35,0.327172175,0.348324094,0.192786363,0.141191952,0.238899982
AUS,2020/4/16,2,12,5,16,35,0.310630847,0.355889243,0.201077728,0.143052169,0.244541309
AUS,2020/4/17,0,8,13,11,32,0.294089519,0.363454392,0.209369093,0.144912385,0.250182636
AUS,2020/4/18,1,11,7,15,34,0.277548191,0.371019541,0.217660458,0.146772602,0.255823963
AUS,2020/4/19,1,1,2,4,8,0.261006863,0.37858469,0.225951822,0.148632818,0.261465289
AUS,2020/4/20,1,4,3,2,10,0.244465535,0.386149839,0.234243187,0.150493035,0.267106616
AUS,2020/4/21,0,0,4,3,7,0.241322169,0.381577168,0.238720713,0.150140616,0.266674936
AUS,2020/4/22,0,1,2,3,6,0.238178804,0.377004496,0.243198238,0.149788197,0.266243256
AUS,2020/4/23,2,3,4,4,13,0.235035438,0.372431825,0.247675764,0.149435778,0.265811576
AUS,2020/4/24,0,2,5,14,21,0.231892072,0.367859154,0.25215329,0.149083359,0.265379896
AUS,2020/4/25,0,3,3,2,8,0.228748706,0.363286483,0.256630816,0.14873094,0.264948216
AUS,2020/4/26,0,1,1,2,4,0.225605341,0.358713811,0.261108341,0.148378521,0.264516536
AUS,2020/4/27,2,1,4,2,9,0.222461975,0.35414114,0.265585867,0.148026102,0.264084856
AUS,2020/4/28,3,5,4,1,13,0.230002874,0.352519938,0.252450792,0.149226507,0.260211219
AUS,2020/4/29,0,5,1,4,10,0.237543774,0.350898736,0.239315717,0.150426912,0.256337582
AUS,2020/4/30,2,4,5,9,20,0.245084673,0.349277534,0.226180642,0.151627317,0.252463945
AUS,2020/5/1,0,6,1,8,15,0.252625572,0.347656331,0.213045566,0.152827721,0.248590309
AUS,2020/5/2,1,6,6,3,16,0.260166471,0.346035129,0.199910491,0.154028126,0.244716672
AUS,2020/5/3,3,11,7,3,24,0.267707371,0.344413927,0.186775416,0.155228531,0.240843035
AUS,2020/5/4,0,10,6,5,21,0.27524827,0.342792725,0.173640341,0.156428936,0.236969398
AUS,2020/5/5,2,12,4,4,22,0.285790267,0.340851137,0.178425183,0.153807035,0.237080529
AUS,2020/5/6,1,10,6,1,18,0.296332264,0.338909548,0.183210024,0.151185135,0.237191659
AUS,2020/5/7,4,4,4,4,16,0.306874261,0.33696796,0.187994866,0.148563234,0.23730279
AUS,2020/5/8,2,4,5,6,17,0.317416257,0.335026371,0.192779707,0.145941334,0.23741392
AUS,2020/5/9,0,2,4,4,10,0.327958254,0.333084783,0.197564549,0.143319433,0.237525051
AUS,2020/5/10,2,2,2,1,7,0.338500251,0.331143194,0.20234939,0.140697533,0.237636181
AUS,2020/5/11,1,6,10,6,23,0.349042248,0.329201606,0.207134232,0.138075632,0.237747312
AUS,2020/5/12,5,4,0,2,11,0.338257762,0.330318389,0.206459543,0.137368303,0.237343601
AUS,2020/5/13,3,7,1,1,12,0.327473276,0.331435173,0.205784854,0.136660973,0.23693989
AUS,2020/5/14,4,11,6,2,23,0.31668879,0.332551956,0.205110165,0.135953644,0.23653618
AUS,2020/5/15,5,3,6,1,15,0.305904303,0.33366874,0.204435476,0.135246315,0.236132469
AUS,2020/5/16,1,5,1,0,7,0.295119817,0.334785523,0.203760787,0.134538985,0.235728758
AUS,2020/5/17,1,2,6,3,12,0.284335331,0.335902307,0.203086098,0.133831656,0.235325047
AUS,2020/5/18,5,0,0,3,8,0.273550845,0.33701909,0.202411409,0.133124327,0.234921336
AUS,2020/5/19,0,5,3,1,9,0.262766359,0.338135874,0.20173672,0.132416997,0.234517626
AUS,2020/5/20,1,3,0,2,6,0.251981873,0.339252657,0.201062031,0.131709668,0.234113915
AUS,2020/5/21,1,3,6,1,11,0.241197387,0.340369441,0.200387342,0.131002339,0.233710204
AUS,2020/5/22,0,7,3,2,12,0.2304129,0.341486224,0.199712652,0.130295009,0.233306493
AUS,2020/5/23,0,2,1,0,3,0.219628414,0.342603008,0.199037963,0.12958768,0.232902782
AUS,2020/5/24,0,4,0,1,5,0.208843928,0.343719791,0.198363274,0.128880351,0.232499071
AUS,2020/5/25,0,1,3,2,6,0.198059442,0.344836575,0.197688585,0.128173021,0.232095361
AUS,2020/5/26,1,4,4,2,11,0.187274956,0.345953358,0.197013896,0.127465692,0.23169165
AUS,2020/5/27,6,5,4,0,15,0.17649047,0.347070142,0.196339207,0.126758363,0.231287939
AUS,2020/5/28,3,4,2,1,10,0.165705984,0.348186925,0.195664518,0.126051033,0.230884228
AUS,2020/5/29,2,7,0,0,9,0.154921497,0.349303709,0.194989829,0.125343704,0.230480517
AUS,2020/5/30,4,3,2,3,12,0.144137011,0.350420492,0.19431514,0.124636375,0.230076807
AUS,2020/5/31,3,4,0,0,7,0.133352525,0.351537276,0.193640451,0.123929045,0.229673096
AUS,2020/6/1,2,6,3,0,11,0.122568039,0.352654059,0.192965762,0.123221716,0.229269385
AUS,2020/6/2,1,6,3,0,10,0.135918276,0.354980783,0.195050614,0.125157689,0.232637775
AUS,2020/6/3,0,6,4,0,10,0.149268514,0.357307508,0.197135466,0.127093663,0.236006165
AUS,2020/6/4,1,2,1,2,6,0.162618751,0.359634232,0.199220318,0.129029636,0.239374555
AUS,2020/6/5,1,3,0,1,5,0.175968989,0.361960957,0.20130517,0.13096561,0.242742944
AUS,2020/6/6,3,4,0,0,7,0.189319226,0.364287681,0.203390022,0.132901583,0.246111334
AUS,2020/6/7,2,6,2,1,11,0.202669464,0.366614406,0.205474874,0.134837557,0.249479724
AUS,2020/6/8,0,6,0,0,6,0.216019701,0.36894113,0.207559726,0.13677353,0.252848114
AUS,2020/6/9,0,4,1,1,6,0.211275474,0.364555741,0.203706296,0.133210199,0.248529613
AUS,2020/6/10,5,9,1,0,15,0.206531248,0.360170353,0.199852865,0.129646868,0.244211112
AUS,2020/6/11,1,4,2,0,7,0.201787021,0.355784964,0.195999435,0.126083536,0.23989261
AUS,2020/6/12,8,4,3,0,15,0.197042794,0.351399575,0.192146004,0.122520205,0.235574109
AUS,2020/6/13,2,3,3,3,11,0.192298567,0.347014187,0.188292574,0.118956874,0.231255608
AUS,2020/6/14,5,7,2,0,14,0.187554341,0.342628798,0.184439143,0.115393543,0.226937107
AUS,2020/6/15,3,6,9,1,19,0.182810114,0.33824341,0.180585713,0.111830212,0.222618606
AUS,2020/6/16,3,15,5,1,24,0.178065887,0.333858021,0.176732283,0.10826688,0.218300104
AUS,2020/6/17,3,11,5,5,24,0.173321661,0.329472632,0.172878852,0.104703549,0.213981603
AUS,2020/6/18,2,7,9,0,18,0.168577434,0.325087244,0.169025422,0.101140218,0.209663102
AUS,2020/6/19,8,17,4,6,35,0.163833207,0.320701855,0.165171991,0.097576887,0.205344601
AUS,2020/6/20,4,12,3,1,20,0.15908898,0.316316466,0.161318561,0.094013555,0.201026099
AUS,2020/6/21,4,12,0,3,19,0.154344754,0.311931078,0.15746513,0.090450224,0.196707598
AUS,2020/6/22,5,15,8,0,28,0.149600527,0.307545689,0.1536117,0.086886893,0.192389097
AUS,2020/6/23,7,11,5,1,24,0.146792282,0.309938201,0.159272551,0.089561231,0.195768105
AUS,2020/6/24,6,18,12,3,39,0.143984038,0.312330712,0.164933401,0.092235568,0.199147112
AUS,2020/6/25,6,19,9,3,37,0.141175793,0.314723224,0.170594252,0.094909906,0.20252612
AUS,2020/6/26,14,20,14,4,52,0.138367549,0.317115736,0.176255103,0.097584244,0.205905128
AUS,2020/6/27,9,27,15,4,55,0.135559304,0.319508247,0.181915954,0.100258582,0.209284136
AUS,2020/6/28,15,38,19,10,82,0.13275106,0.321900759,0.187576804,0.102932919,0.212663143
AUS,2020/6/29,8,35,19,5,67,0.129942815,0.324293271,0.193237655,0.105607257,0.216042151
AUS,2020/6/30,18,33,26,12,89,0.12713457,0.326685782,0.198898506,0.108281595,0.219421159
AUS,2020/7/1,25,29,21,7,82,0.124326326,0.329078294,0.204559356,0.110955932,0.222800166
AUS,2020/7/2,15,37,11,6,69,0.121518081,0.331470805,0.210220207,0.11363027,0.226179174
AUS,2020/7/3,46,29,16,12,103,0.118709837,0.333863317,0.215881058,0.116304608,0.229558182
AUS,2020/7/4,20,30,24,9,83,0.115901592,0.336255829,0.221541909,0.118978946,0.23293719
AUS,2020/7/5,37,43,25,10,115,0.113093348,0.33864834,0.227202759,0.121653283,0.236316197
AUS,2020/7/6,48,75,36,19,178,0.110285103,0.341040852,0.23286361,0.124327621,0.239695205
AUS,2020/7/7,25,64,27,15,131,0.135732831,0.348569697,0.236240421,0.125010971,0.244559055
AUS,2020/7/8,30,80,32,15,157,0.161180559,0.356098543,0.239617232,0.125694322,0.249422904
AUS,2020/7/9,44,62,39,12,157,0.186628288,0.363627388,0.242994042,0.126377672,0.254286754
AUS,2020/7/10,65,119,98,27,309,0.212076016,0.371156234,0.246370853,0.127061023,0.259150603
AUS,2020/7/11,39,115,86,36,276,0.237523744,0.378685079,0.249747664,0.127744373,0.264014453
AUS,2020/7/12,24,87,47,24,182,0.262971472,0.386213925,0.253124475,0.128427724,0.268878302
AUS,2020/7/13,33,116,67,46,262,0.288419201,0.39374277,0.256501286,0.129111074,0.273742152
AUS,2020/7/14,24,118,62,30,234,0.313866929,0.401271615,0.259878096,0.129794424,0.278606002
AUS,2020/7/15,49,132,92,29,302,0.339314657,0.408800461,0.263254907,0.130477775,0.283469851
AUS,2020/7/16,85,135,111,66,397,0.364762385,0.416329306,0.266631718,0.131161125,0.288333701
AUS,2020/7/17,46,97,49,37,229,0.390210113,0.423858152,0.270008529,0.131844476,0.29319755
AUS,2020/7/18,57,141,93,56,347,0.415657842,0.431386997,0.273385339,0.132527826,0.2980614
AUS,2020/7/19,52,120,56,49,277,0.44110557,0.438915843,0.27676215,0.133211177,0.302925249
AUS,2020/7/20,55,146,76,86,363,0.466553298,0.446444688,0.280138961,0.133894527,0.307789099
AUS,2020/7/21,52,197,117,85,451,0.481362591,0.456185014,0.291616691,0.156849341,0.321892903
AUS,2020/7/22,70,171,86,69,396,0.496171884,0.46592534,0.303094421,0.179804156,0.335996707
AUS,2020/7/23,39,137,77,53,306,0.510981177,0.475665666,0.314572151,0.20275897,0.350100512
AUS,2020/7/24,52,161,82,52,347,0.52579047,0.485405993,0.32604988,0.225713785,0.364204316
AUS,2020/7/25,53,169,99,96,417,0.540599763,0.495146319,0.33752761,0.248668599,0.37830812
AUS,2020/7/26,67,171,111,157,506,0.555409056,0.504886645,0.34900534,0.271623414,0.392411924
AUS,2020/7/27,43,168,86,72,369,0.570218349,0.514626971,0.36048307,0.294578228,0.406515728
AUS,2020/7/28,52,105,85,48,290,0.585027642,0.524367297,0.3719608,0.317533042,0.420619533
AUS,2020/7/29,103,288,160,86,637,0.599836935,0.534107623,0.38343853,0.340487857,0.434723337
AUS,2020/7/30,81,239,131,107,558,0.614646228,0.543847949,0.39491626,0.363442671,0.448827141
AUS,2020/7/31,64,166,80,76,386,0.629455521,0.553588276,0.406393989,0.386397486,0.462930945
AUS,2020/8/1,93,267,115,137,612,0.644264814,0.563328602,0.417871719,0.4093523,0.47703475
AUS,2020/8/2,68,156,93,57,374,0.659074107,0.573068928,0.429349449,0.432307115,0.491138554
AUS,2020/8/3,67,167,75,110,419,0.6738834,0.582809254,0.440827179,0.455261929,0.505242358
AUS,2020/8/4,94,250,149,203,696,0.686063029,0.582083344,0.440831375,0.448064344,0.503162162
AUS,2020/8/5,50,184,104,120,458,0.698242657,0.581357434,0.440835571,0.440866759,0.501081966
AUS,2020/8/6,76,182,96,74,428,0.710422286,0.580631525,0.440839767,0.433669174,0.499001769
AUS,2020/8/7,94,163,97,107,461,0.722601914,0.579905615,0.440843962,0.426471589,0.496921573
AUS,2020/8/8,54,171,70,84,379,0.734781543,0.579179705,0.440848158,0.419274004,0.494841377
AUS,2020/8/9,58,151,67,38,314,0.746961171,0.578453795,0.440852354,0.412076419,0.492761181
AUS,2020/8/10,57,106,74,91,328,0.7591408,0.577727886,0.44085655,0.404878834,0.490680985
AUS,2020/8/11,82,158,89,73,402,0.771320428,0.577001976,0.440860746,0.397681248,0.488600788
AUS,2020/8/12,33,108,69,51,261,0.783500057,0.576276066,0.440864942,0.390483663,0.486520592
AUS,2020/8/13,69,158,68,72,367,0.795679685,0.575550156,0.440869138,0.383286078,0.484440396
AUS,2020/8/14,64,119,72,50,305,0.807859314,0.574824246,0.440873333,0.376088493,0.4823602
AUS,2020/8/15,36,82,66,86,270,0.820038942,0.574098337,0.440877529,0.368890908,0.480280003
AUS,2020/8/16,36,113,55,66,270,0.832218571,0.573372427,0.440881725,0.361693323,0.478199807
AUS,2020/8/17,38,95,51,40,224,0.844398199,0.572646517,0.440885921,0.354495738,0.476119611
AUS,2020/8/18,30,72,52,67,221,0.828088643,0.57130263,0.441261718,0.36066054,0.477124539
AUS,2020/8/19,31,80,55,82,248,0.811779087,0.569958744,0.441637516,0.366825343,0.478129468
AUS,2020/8/20,32,60,45,44,181,0.795469531,0.568614857,0.442013313,0.372990145,0.479134396
AUS,2020/8/21,39,60,44,44,187,0.779159974,0.56727097,0.44238911,0.379154948,0.480139324
AUS,2020/8/22,39,92,40,45,216,0.762850418,0.565927084,0.442764908,0.38531975,0.481144253
AUS,2020/8/23,21,45,32,24,122,0.746540862,0.564583197,0.443140705,0.391484553,0.482149181
AUS,2020/8/24,14,81,40,27,162,0.730231306,0.563239311,0.443516503,0.397649355,0.48315411
AUS,2020/8/25,29,58,33,33,153,0.71392175,0.561895424,0.4438923,0.403814157,0.484159038
AUS,2020/8/26,17,55,26,21,119,0.697612194,0.560551537,0.444268097,0.40997896,0.485163966
AUS,2020/8/27,14,47,30,29,120,0.681302638,0.559207651,0.444643895,0.416143762,0.486168895
AUS,2020/8/28,16,47,21,19,103,0.664993081,0.557863764,0.445019692,0.422308565,0.487173823
AUS,2020/8/29,30,43,29,14,116,0.648683525,0.556519877,0.445395489,0.428473367,0.488178751
AUS,2020/8/30,10,38,19,16,83,0.632373969,0.555175991,0.445771287,0.43463817,0.48918368
AUS,2020/8/31,14,29,13,14,70,0.616064413,0.553832104,0.446147084,0.440802972,0.490188608
AUS,2020/9/1,20,50,14,16,100,0.618785865,0.555442862,0.443710334,0.439000534,0.489508786
AUS,2020/9/2,17,42,27,34,120,0.621507318,0.557053621,0.441273584,0.437198096,0.488828964
AUS,2020/9/3,17,34,17,15,83,0.62422877,0.558664379,0.438836834,0.435395658,0.488149143
AUS,2020/9/4,15,39,18,7,79,0.626950222,0.560275137,0.436400084,0.43359322,0.487469321
AUS,2020/9/5,16,25,15,14,70,0.629671674,0.561885896,0.433963334,0.431790782,0.486789499
AUS,2020/9/6,7,21,14,6,48,0.632393127,0.563496654,0.431526584,0.429988344,0.486109677
AUS,2020/9/7,7,25,11,15,58,0.635114579,0.565107413,0.429089834,0.428185906,0.485429856
AUS,2020/9/8,16,30,16,17,79,0.637836031,0.566718171,0.426653083,0.426383467,0.484750034
AUS,2020/9/9,5,22,8,16,51,0.640557484,0.568328929,0.424216333,0.424581029,0.484070212
AUS,2020/9/10,10,19,9,9,47,0.643278936,0.569939688,0.421779583,0.422778591,0.48339039
AUS,2020/9/11,11,14,8,5,38,0.646000388,0.571550446,0.419342833,0.420976153,0.482710568
AUS,2020/9/12,15,11,9,11,46,0.64872184,0.573161204,0.416906083,0.419173715,0.482030747
AUS,2020/9/13,11,13,2,5,31,0.651443293,0.574771963,0.414469333,0.417371277,0.481350925
AUS,2020/9/14,7,16,9,13,45,0.654164745,0.576382721,0.412032583,0.415568839,0.480671103
AUS,2020/9/15,10,19,4,12,45,0.666089524,0.566109468,0.415568205,0.412388564,0.48468644
AUS,2020/9/16,8,9,3,7,27,0.678014303,0.555836214,0.419103828,0.409208289,0.488701777
AUS,2020/9/17,8,15,7,16,46,0.689939082,0.545562961,0.42263945,0.406028014,0.492717114
AUS,2020/9/18,3,18,3,2,26,0.701863861,0.535289707,0.426175073,0.402847738,0.496732451
AUS,2020/9/19,4,4,3,4,15,0.71378864,0.525016454,0.429710695,0.399667463,0.500747788
AUS,2020/9/20,5,7,2,2,16,0.725713419,0.5147432,0.433246318,0.396487188,0.504763125
AUS,2020/9/21,3,13,6,9,31,0.737638199,0.504469947,0.43678194,0.393306913,0.508778462
AUS,2020/9/22,2,11,3,1,17,0.749562978,0.51400549,0.440317562,0.390126638,0.502040484
AUS,2020/9/23,3,5,2,3,13,0.761487757,0.523541032,0.443853185,0.386946363,0.495302506
AUS,2020/9/24,4,9,9,2,24,0.773412536,0.533076575,0.447388807,0.383766088,0.488564528
AUS,2020/9/25,6,7,1,2,16,0.785337315,0.542612118,0.45092443,0.380585812,0.481826551
AUS,2020/9/26,15,8,5,4,32,0.797262094,0.552147661,0.454460052,0.377405537,0.475088573
AUS,2020/9/27,0,7,1,3,11,0.809186873,0.561683203,0.457995675,0.374225262,0.468350595
AUS,2020/9/28,0,6,6,1,13,0.821111652,0.571218746,0.461531297,0.371044987,0.461612617
AUS,2020/9/29,0,13,3,1,17,0.739766999,0.548256184,0.471151235,0.377199619,0.455282999
AUS,2020/9/30,4,7,6,2,19,0.658422347,0.525293623,0.480771172,0.383354251,0.44895338
AUS,2020/10/1,4,11,4,3,22,0.577077694,0.502331061,0.49039111,0.389508882,0.442623762
AUS,2020/10/2,4,3,8,6,21,0.495733041,0.4793685,0.500011047,0.395663514,0.436294144
AUS,2020/10/3,6,8,4,2,20,0.414388388,0.456405938,0.509630985,0.401818146,0.429964526
AUS,2020/10/4,5,2,4,0,11,0.333043736,0.433443377,0.519250922,0.407972778,0.423634907
AUS,2020/10/5,9,7,5,0,21,0.251699083,0.410480815,0.52887086,0.41412741,0.417305289
AUS,2020/10/6,2,4,4,1,11,0.283972843,0.430429789,0.508916009,0.420282041,0.424578126
AUS,2020/10/7,3,4,7,1,15,0.316246604,0.450378763,0.488961158,0.426436673,0.431850963
AUS,2020/10/8,4,9,5,2,20,0.348520364,0.470327737,0.469006307,0.432591305,0.4391238
AUS,2020/10/9,6,5,5,3,19,0.380794124,0.490276712,0.449051455,0.438745937,0.446396638
AUS,2020/10/10,5,5,6,4,20,0.413067884,0.510225686,0.429096604,0.444900568,0.453669475
AUS,2020/10/11,5,6,3,3,17,0.445341645,0.53017466,0.409141753,0.4510552,0.460942312
AUS,2020/10/12,4,7,5,1,17,0.477615405,0.550123634,0.389186902,0.457209832,0.468215149
AUS,2020/10/13,1,2,6,3,12,0.475519548,0.535146924,0.38263147,0.44792541,0.4600685
AUS,2020/10/14,3,2,3,2,10,0.47342369,0.520170214,0.376076038,0.438640987,0.45192185
AUS,2020/10/15,2,11,3,3,19,0.471327833,0.505193504,0.369520606,0.429356565,0.443775201
AUS,2020/10/16,0,6,0,0,6,0.469231976,0.490216795,0.362965173,0.420072143,0.435628552
AUS,2020/10/17,3,2,1,0,6,0.467136119,0.475240085,0.356409741,0.410787721,0.427481903
AUS,2020/10/18,4,2,2,2,10,0.465040261,0.460263375,0.349854309,0.401503298,0.419335253
AUS,2020/10/19,1,1,2,1,5,0.462944404,0.445286665,0.343298877,0.392218876,0.411188604
AUS,2020/10/20,2,5,1,0,8,0.46694907,0.468673356,0.353523758,0.377977387,0.413468187
AUS,2020/10/21,6,4,3,0,13,0.470953736,0.492060046,0.363748639,0.363735898,0.415747769
AUS,2020/10/22,1,3,1,0,5,0.474958402,0.515446737,0.37397352,0.349494409,0.418027352
AUS,2020/10/23,4,5,2,1,12,0.478963068,0.538833428,0.384198401,0.335252921,0.420306935
AUS,2020/10/24,5,4,1,0,10,0.482967734,0.562220119,0.394423282,0.321011432,0.422586518
AUS,2020/10/25,4,3,3,0,10,0.4869724,0.585606809,0.404648163,0.306769943,0.4248661
AUS,2020/10/26,1,2,1,1,5,0.490977066,0.6089935,0.414873044,0.292528454,0.427145683
AUS,2020/10/27,1,5,1,1,8,0.498273022,0.596680988,0.423668157,0.297416153,0.438717489
AUS,2020/10/28,1,3,4,1,9,0.505568979,0.584368476,0.432463271,0.302303853,0.450289294
AUS,2020/10/29,1,3,3,0,7,0.512864935,0.572055964,0.441258384,0.307191552,0.4618611
AUS,2020/10/30,0,0,3,0,3,0.520160891,0.559743453,0.450053497,0.312079251,0.473432906
AUS,2020/10/31,2,4,0,0,6,0.527456847,0.547430941,0.45884861,0.31696695,0.485004712
AUS,2020/11/1,0,2,1,0,3,0.534752804,0.535118429,0.467643724,0.32185465,0.496576517
AUS,2020/11/2,2,4,2,0,8,0.54204876,0.522805917,0.476438837,0.326742349,0.508148323
AUS,2020/11/3,1,4,4,1,10,0.534702358,0.518368373,0.470150633,0.331630048,0.496800239
AUS,2020/11/4,0,1,1,0,2,0.527355957,0.513930828,0.463862428,0.336517748,0.485452155
AUS,2020/11/5,1,2,1,0,4,0.520009555,0.509493284,0.457574224,0.341405447,0.474104071
AUS,2020/11/6,0,3,0,3,6,0.512663153,0.50505574,0.451286019,0.346293146,0.462755988
AUS,2020/11/7,0,3,4,0,7,0.505316751,0.500618196,0.444997815,0.351180845,0.451407904
AUS,2020/11/8,1,2,1,0,4,0.49797035,0.496180651,0.43870961,0.356068545,0.44005982
AUS,2020/11/9,1,2,5,2,10,0.490623948,0.491743107,0.432421406,0.360956244,0.428711736
AUS,2020/11/10,0,10,0,0,10,0.481271059,0.49700531,0.431194387,0.355776406,0.434637074
AUS,2020/11/11,2,3,2,2,9,0.471918171,0.502267513,0.429967369,0.350596569,0.440562412
AUS,2020/11/12,1,4,1,1,7,0.462565282,0.507529716,0.42874035,0.345416731,0.44648775
AUS,2020/11/13,0,2,2,0,4,0.453212394,0.512791918,0.427513331,0.340236894,0.452413088
AUS,2020/11/14,0,5,0,0,5,0.443859505,0.518054121,0.426286312,0.335057056,0.458338426
AUS,2020/11/15,3,4,0,1,8,0.434506617,0.523316324,0.425059294,0.329877219,0.464263764
AUS,2020/11/16,2,2,1,0,5,0.425153728,0.528578527,0.423832275,0.324697381,0.470189102
AUS,2020/11/17,0,6,2,0,8,0.42713159,0.52795802,0.423629838,0.324588519,0.467469468
AUS,2020/11/18,1,5,5,0,11,0.429109451,0.527337512,0.423427401,0.324479658,0.464749834
AUS,2020/11/19,0,2,3,1,6,0.431087313,0.526717005,0.423224964,0.324370796,0.4620302
AUS,2020/11/20,2,7,1,1,11,0.433065174,0.526096498,0.423022527,0.324261934,0.459310566
AUS,2020/11/21,0,5,0,0,5,0.435043036,0.52547599,0.42282009,0.324153073,0.456590932
AUS,2020/11/22,1,4,1,0,6,0.437020898,0.524855483,0.422617653,0.324044211,0.453871298
AUS,2020/11/23,0,5,0,0,5,0.438998759,0.524234976,0.422415216,0.32393535,0.451151664
AUS,2020/11/24,1,6,0,0,7,0.440976621,0.523614468,0.42221278,0.323826488,0.44843203
AUS,2020/11/25,0,1,1,2,4,0.442954482,0.522993961,0.422010343,0.323717626,0.445712396
AUS,2020/11/26,0,2,0,1,3,0.444932344,0.522373454,0.421807906,0.323608765,0.442992762
AUS,2020/11/27,0,4,5,0,9,0.446910206,0.521752946,0.421605469,0.323499903,0.440273128
AUS,2020/11/28,1,3,5,0,9,0.448888067,0.521132439,0.421403032,0.323391041,0.437553494
AUS,2020/11/29,0,1,1,1,3,0.450865929,0.520511932,0.421200595,0.32328218,0.43483386
AUS,2020/11/30,0,5,1,0,6,0.452843791,0.519891424,0.420998158,0.323173318,0.432114226
AUS,2020/12/1,0,3,1,1,5,0.454821652,0.519270917,0.420795721,0.323064456,0.429394591
AUS,2020/12/2,3,3,0,2,8,0.456799514,0.51865041,0.420593284,0.322955595,0.426674957
AUS,2020/12/3,0,3,1,1,5,0.458777375,0.518029903,0.420390847,0.322846733,0.423955323
AUS,2020/12/4,2,1,6,2,11,0.460755237,0.517409395,0.42018841,0.322737871,0.421235689
AUS,2020/12/5,2,3,11,12,28,0.462733099,0.516788888,0.419985973,0.32262901,0.418516055
AUS,2020/12/6,6,9,11,5,31,0.46471096,0.516168381,0.419783536,0.322520148,0.415796421
AUS,2020/12/7,5,12,10,10,37,0.466688822,0.515547873,0.4195811,0.322411287,0.413076787
AUS,2020/12/8,6,11,6,5,28,0.468666683,0.514927366,0.419378663,0.322302425,0.410357153
AUS,2020/12/9,2,4,5,5,16,0.470644545,0.514306859,0.419176226,0.322193563,0.407637519
AUS,2020/12/10,3,6,4,0,13,0.472622407,0.513686351,0.418973789,0.322084702,0.404917885
AUS,2020/12/11,4,12,7,4,27,0.474600268,0.513065844,0.418771352,0.32197584,0.402198251
AUS,2020/12/12,5,4,2,2,13,0.47657813,0.512445337,0.418568915,0.321866978,0.399478617
AUS,2020/12/13,1,6,3,3,13,0.478555991,0.511824829,0.418366478,0.321758117,0.396758983
AUS,2020/12/14,1,10,2,1,14,0.480533853,0.511204322,0.418164041,0.321649255,0.394039349
AUS,2020/12/15,3,6,2,0,11,0.48839699,0.510420422,0.423061187,0.324374143,0.409303956
AUS,2020/12/16,0,5,3,1,9,0.496260128,0.509636523,0.427958332,0.327099032,0.424568563
AUS,2020/12/17,10,12,10,2,34,0.504123265,0.508852623,0.432855478,0.32982392,0.43983317
AUS,2020/12/18,3,4,1,0,8,0.511986402,0.508068724,0.437752623,0.332548808,0.455097776
AUS,2020/12/19,2,7,3,2,14,0.519849539,0.507284824,0.442649769,0.335273697,0.470362383
AUS,2020/12/20,6,6,5,1,18,0.527712677,0.506500925,0.447546914,0.337998585,0.48562699
AUS,2020/12/21,5,2,4,0,11,0.535575814,0.505717025,0.45244406,0.340723474,0.500891597
AUS,2020/12/22,2,3,7,1,13,0.567701471,0.508954669,0.445439526,0.343448362,0.492832964
AUS,2020/12/23,2,1,3,1,7,0.599827127,0.512192313,0.438434991,0.34617325,0.484774331
AUS,2020/12/24,1,3,1,0,5,0.631952784,0.515429957,0.431430457,0.348898139,0.476715698
AUS,2020/12/25,7,5,1,0,13,0.664078441,0.518667602,0.424425923,0.351623027,0.468657066
AUS,2020/12/26,1,3,2,0,6,0.696204098,0.521905246,0.417421389,0.354347915,0.460598433
AUS,2020/12/27,6,10,2,0,18,0.728329754,0.52514289,0.410416854,0.357072804,0.4525398
AUS,2020/12/28,3,2,3,2,10,0.760455411,0.528380534,0.40341232,0.359797692,0.444481167
AUS,2020/12/29,1,7,7,0,15,0.739793131,0.51520105,0.410517407,0.372491821,0.4438832
AUS,2020/12/30,1,6,8,3,18,0.719130851,0.502021565,0.417622494,0.38518595,0.443285232
AUS,2020/12/31,1,5,2,4,12,0.698468571,0.488842081,0.424727581,0.397880079,0.442687265
AUS,2021/1/1,3,5,7,0,15,0.677806291,0.475662596,0.431832667,0.410574208,0.442089297
AUS,2021/1/2,1,2,3,0,6,0.657144011,0.462483112,0.438937754,0.423268337,0.44149133
AUS,2021/1/3,3,7,7,3,20,0.63648173,0.449303627,0.446042841,0.435962466,0.440893362
AUS,2021/1/4,7,5,5,5,22,0.61581945,0.436124143,0.453147928,0.448656595,0.440295395
AUS,2021/1/5,0,5,2,0,7,0.59515717,0.470586969,0.46930799,0.461350723,0.462249468
AUS,2021/1/6,0,2,1,0,3,0.57449489,0.505049794,0.485468051,0.474044852,0.484203541
AUS,2021/1/7,2,6,2,0,10,0.55383261,0.53951262,0.501628113,0.486738981,0.506157614
AUS,2021/1/8,3,2,2,1,8,0.53317033,0.573975446,0.517788174,0.49943311,0.528111687
AUS,2021/1/9,2,3,2,0,7,0.51250805,0.608438272,0.533948236,0.512127239,0.55006576
AUS,2021/1/10,1,3,4,1,9,0.49184577,0.642901097,0.550108297,0.524821368,0.572019833
AUS,2021/1/11,1,3,0,0,4,0.47118349,0.677363923,0.566268359,0.537515497,0.593973906
AUS,2021/1/12,2,3,3,0,8,0.45052121,0.67103277,0.56777344,0.527646414,0.592416957
AUS,2021/1/13,0,4,2,1,7,0.429858929,0.664701617,0.569278521,0.51777733,0.590860007
AUS,2021/1/14,0,2,5,1,8,0.409196649,0.658370464,0.570783602,0.507908247,0.589303058
AUS,2021/1/15,1,5,1,0,7,0.388534369,0.652039311,0.572288683,0.498039164,0.587746108
AUS,2021/1/16,4,3,5,0,12,0.367872089,0.645708158,0.573793764,0.488170081,0.586189159
AUS,2021/1/17,2,3,0,0,5,0.347209809,0.639377005,0.575298845,0.478300997,0.584632209
AUS,2021/1/18,2,7,1,0,10,0.326547529,0.633045852,0.576803926,0.468431914,0.58307526
AUS,2021/1/19,0,1,3,1,5,0.363265347,0.62405091,0.559776961,0.481845952,0.576341543
AUS,2021/1/20,1,2,1,0,4,0.399983165,0.615055967,0.542749995,0.49525999,0.569607825
AUS,2021/1/21,0,5,2,0,7,0.436700983,0.606061025,0.52572303,0.508674028,0.562874108
AUS,2021/1/22,1,3,2,0,6,0.473418801,0.597066082,0.508696065,0.522088067,0.55614039
AUS,2021/1/23,2,2,1,0,5,0.510136619,0.58807114,0.4916691,0.535502105,0.549406673
AUS,2021/1/24,3,5,3,1,12,0.546854437,0.579076197,0.474642134,0.548916143,0.542672955
AUS,2021/1/25,0,0,2,0,2,0.583572255,0.570081255,0.457615169,0.562330181,0.535939238
AUS,2021/1/26,1,3,0,1,5,0.598181813,0.572841738,0.471929336,0.552161435,0.540560446
AUS,2021/1/27,1,0,4,0,5,0.612791371,0.57560222,0.486243503,0.541992689,0.545181654
AUS,2021/1/28,0,1,2,1,4,0.627400929,0.578362703,0.50055767,0.531823943,0.549802862
AUS,2021/1/29,0,2,0,0,2,0.642010486,0.581123185,0.514871838,0.521655198,0.554424069
AUS,2021/1/30,0,0,2,0,2,0.656620044,0.583883668,0.529186005,0.511486452,0.559045277
AUS,2021/1/31,0,0,4,0,4,0.671229602,0.58664415,0.543500172,0.501317706,0.563666485
AUS,2021/2/1,0,2,0,0,2,0.68583916,0.589404633,0.557814339,0.49114896,0.568287693
AUS,2021/2/2,0,1,2,0,3,0.695187635,0.587050104,0.55834834,0.493776363,0.564194399
AUS,2021/2/3,1,3,1,1,6,0.70453611,0.584695574,0.558882342,0.496403766,0.560101105
AUS,2021/2/4,1,2,2,0,5,0.713884585,0.582341045,0.559416343,0.499031169,0.556007811
AUS,2021/2/5,1,3,1,0,5,0.72323306,0.579986515,0.559950344,0.501658571,0.551914518
AUS,2021/2/6,1,3,1,0,5,0.732581535,0.577631986,0.560484345,0.504285974,0.547821224
AUS,2021/2/7,0,2,4,0,6,0.74193001,0.575277456,0.561018347,0.506913377,0.54372793
AUS,2021/2/8,0,2,3,0,5,0.751278485,0.572922927,0.561552348,0.50954078,0.539634636
AUS,2021/2/9,1,3,1,1,6,0.760626959,0.571977,0.560177237,0.502774688,0.544991289
AUS,2021/2/10,0,5,1,0,6,0.769975434,0.571031072,0.558802126,0.496008596,0.550347943
AUS,2021/2/11,2,8,1,1,12,0.779323909,0.570085145,0.557427015,0.489242505,0.555704596
AUS,2021/2/12,0,2,1,0,3,0.788672384,0.569139218,0.556051905,0.482476413,0.56106125
AUS,2021/2/13,1,4,3,1,9,0.798020859,0.568193291,0.554676794,0.475710321,0.566417903
AUS,2021/2/14,1,2,2,0,5,0.807369334,0.567247363,0.553301683,0.468944229,0.571774557
AUS,2021/2/15,5,4,3,1,13,0.816717809,0.566301436,0.551926572,0.462178138,0.57713121
AUS,2021/2/16,1,1,1,0,3,0.781782895,0.564419512,0.535522895,0.455412046,0.562244462
AUS,2021/2/17,0,1,2,0,3,0.746847981,0.562537587,0.519119218,0.448645954,0.547357713
AUS,2021/2/18,1,3,0,0,4,0.711913067,0.560655663,0.502715541,0.441879862,0.532470965
AUS,2021/2/19,0,3,1,1,5,0.676978153,0.558773738,0.486311864,0.43511377,0.517584217
AUS,2021/2/20,1,2,3,0,6,0.642043239,0.556891814,0.469908187,0.428347679,0.502697469
AUS,2021/2/21,1,4,3,1,9,0.607108325,0.555009889,0.45350451,0.421581587,0.48781072
AUS,2021/2/22,2,1,1,0,4,0.572173411,0.553127965,0.437100833,0.414815495,0.472923972
AUS,2021/2/23,1,3,1,0,5,0.561574028,0.530951298,0.39349934,0.392236049,0.449818456
AUS,2021/2/24,0,2,1,0,3,0.550974646,0.508774631,0.349897846,0.369656603,0.426712939
AUS,2021/2/25,2,8,2,1,13,0.540375264,0.486597964,0.306296353,0.347077157,0.403607423
AUS,2021/2/26,0,6,1,1,8,0.529775881,0.464421297,0.26269486,0.324497712,0.380501907
AUS,2021/2/27,0,0,0,1,1,0.519176499,0.44224463,0.219093367,0.301918266,0.357396391
AUS,2021/2/28,1,2,1,0,4,0.508577116,0.420067963,0.175491873,0.27933882,0.334290874
AUS,2021/3/1,2,5,2,1,10,0.497977733,0.397891296,0.13189038,0.256759374,0.311185358
AUS,2021/3/2,2,1,1,0,4,0.487378351,0.423740573,0.172217299,0.273648395,0.329799345
AUS,2021/3/3,0,1,2,1,4,0.476778969,0.449589851,0.212544218,0.290537416,0.348413331
AUS,2021/3/4,3,5,3,1,12,0.466179586,0.475439128,0.252871137,0.307426437,0.367027318
AUS,2021/3/5,0,5,0,0,5,0.455580204,0.501288405,0.293198056,0.324315457,0.385641305
AUS,2021/3/6,0,3,1,0,4,0.444980821,0.527137682,0.333524975,0.341204478,0.404255292
AUS,2021/3/7,1,5,2,1,9,0.434381439,0.55298696,0.373851894,0.358093499,0.422869278
AUS,2021/3/8,0,6,0,0,6,0.423782056,0.578836237,0.414178813,0.37498252,0.441483265
AUS,2021/3/9,0,3,2,3,8,0.398656809,0.551311061,0.391719549,0.37375893,0.430016802
AUS,2021/3/10,0,4,2,3,9,0.373531563,0.523785886,0.369260286,0.37253534,0.418550338
AUS,2021/3/11,0,2,2,0,4,0.348406316,0.49626071,0.346801022,0.37131175,0.407083875
AUS,2021/3/12,1,1,3,1,6,0.323281069,0.468735534,0.324341758,0.37008816,0.395617411
AUS,2021/3/13,0,1,0,1,2,0.298155822,0.441210358,0.301882494,0.36886457,0.384150948
AUS,2021/3/14,1,8,0,0,9,0.273030576,0.413685183,0.279423231,0.36764098,0.372684484
AUS,2021/3/15,2,5,1,3,11,0.247905329,0.386160007,0.256963967,0.36641739,0.361218021
AUS,2021/3/16,0,8,2,2,12,0.266513153,0.398442939,0.271869344,0.3651938,0.365231434
AUS,2021/3/17,1,2,3,3,9,0.285120978,0.410725871,0.28677472,0.36397021,0.369244847
AUS,2021/3/18,3,4,2,3,12,0.303728802,0.423008803,0.301680097,0.36274662,0.37325826
AUS,2021/3/19,1,2,2,2,7,0.322336626,0.435291735,0.316585474,0.36152303,0.377271673
AUS,2021/3/20,0,3,4,2,9,0.34094445,0.447574667,0.331490851,0.36029944,0.381285086
AUS,2021/3/21,1,5,3,1,10,0.359552275,0.459857599,0.346396227,0.35907585,0.385298499
AUS,2021/3/22,0,4,2,2,8,0.378160099,0.472140531,0.361301604,0.35785226,0.389311912
AUS,2021/3/23,0,4,3,1,8,0.348902621,0.487581279,0.363950434,0.35785226,0.40846794
AUS,2021/3/24,2,5,4,1,12,0.319645144,0.503022026,0.366599265,0.35785226,0.427623968
AUS,2021/3/25,1,2,2,3,8,0.290387666,0.518462774,0.369248095,0.35785226,0.446779996
AUS,2021/3/26,2,10,3,0,15,0.261130188,0.533903521,0.371896925,0.35785226,0.465936025
AUS,2021/3/27,1,5,2,2,10,0.23187271,0.549344269,0.374545755,0.35785226,0.485092053
AUS,2021/3/28,0,11,3,2,16,0.202615233,0.564785016,0.377194586,0.35785226,0.504248081
AUS,2021/3/29,2,7,3,1,13,0.173357755,0.580225764,0.379843416,0.35785226,0.523404109
AUS,2021/3/30,0,6,2,0,8,0.173357755,0.580225764,0.379843416,0.35785226,0.523404109
AUS,2021/3/31,4,13,5,0,22,0.173357755,0.580225764,0.379843416,0.35785226,0.523404109
HKG,2020/2/1,0,0,0,2,2,0.810835014,0.880998787,0.903512701,0.896485956,0.880998787
HKG,2020/2/2,0,0,0,0,0,0.810835014,0.880998787,0.903512701,0.896485956,0.880998787
HKG,2020/2/3,0,0,0,0,0,0.810835014,0.880998787,0.903512701,0.896485956,0.880998787
HKG,2020/2/4,0,1,0,2,3,0.810835014,0.880998787,0.903512701,0.896485956,0.880998787
HKG,2020/2/5,0,1,2,0,3,0.810835014,0.880998787,0.903512701,0.896485956,0.880998787
HKG,2020/2/6,0,0,1,2,3,0.810835014,0.880998787,0.903512701,0.896485956,0.880998787
HKG,2020/2/7,0,0,2,0,2,0.810835014,0.880998787,0.903512701,0.896485956,0.880998787
HKG,2020/2/8,0,0,0,0,0,0.810835014,0.880998787,0.903512701,0.896485956,0.880998787
HKG,2020/2/9,0,4,3,3,10,0.810835014,0.880998787,0.903512701,0.896485956,0.880998787
HKG,2020/2/10,0,0,2,4,6,0.810835014,0.880998787,0.903512701,0.896485956,0.880998787
HKG,2020/2/11,0,2,1,4,7,0.810835014,0.880998787,0.903512701,0.896485956,0.880998787
HKG,2020/2/12,0,0,1,0,1,0.810835014,0.880998787,0.903512701,0.896485956,0.880998787
HKG,2020/2/13,0,1,1,1,3,0.810835014,0.880998787,0.903512701,0.896485956,0.880998787
HKG,2020/2/14,0,0,1,2,3,0.810835014,0.880998787,0.903512701,0.896485956,0.880998787
HKG,2020/2/15,0,0,0,0,0,0.810835014,0.880998787,0.903512701,0.896485956,0.880998787
HKG,2020/2/16,0,0,1,0,1,0.810835014,0.880998787,0.903512701,0.896485956,0.880998787
HKG,2020/2/17,0,0,2,1,3,0.810835014,0.880998787,0.903512701,0.896485956,0.880998787
HKG,2020/2/18,0,1,1,0,2,0.810835014,0.880998787,0.903512701,0.896485956,0.880998787
HKG,2020/2/19,0,0,0,3,3,0.810835014,0.880998787,0.903512701,0.896485956,0.880998787
HKG,2020/2/20,0,1,2,1,4,0.810835014,0.880998787,0.903512701,0.896485956,0.880998787
HKG,2020/2/21,0,0,0,0,0,0.810835014,0.880998787,0.903512701,0.896485956,0.880998787
HKG,2020/2/22,0,0,0,1,1,0.810835014,0.880998787,0.903512701,0.896485956,0.880998787
HKG,2020/2/23,0,0,0,4,4,0.810835014,0.880998787,0.903512701,0.896485956,0.880998787
HKG,2020/2/24,0,1,5,1,7,0.810835014,0.880998787,0.903512701,0.896485956,0.880998787
HKG,2020/2/25,0,2,1,1,4,0.810835014,0.880998787,0.903512701,0.896485956,0.880998787
HKG,2020/2/26,1,3,1,1,6,0.810835014,0.880998787,0.903512701,0.896485956,0.880998787
HKG,2020/2/27,0,0,0,2,2,0.810835014,0.880998787,0.903512701,0.896485956,0.880998787
HKG,2020/2/28,0,0,0,1,1,0.810835014,0.880998787,0.903512701,0.896485956,0.880998787
HKG,2020/2/29,0,0,1,0,1,0.810835014,0.880998787,0.903512701,0.896485956,0.880998787
HKG,2020/3/1,0,0,1,4,5,0.810835014,0.880998787,0.903512701,0.896485956,0.880998787
HKG,2020/3/2,0,0,0,1,1,0.810835014,0.880998787,0.903512701,0.896485956,0.880998787
HKG,2020/3/3,0,0,0,0,0,0.810835014,0.880998787,0.903512701,0.896485956,0.880998787
HKG,2020/3/4,0,0,2,2,4,0.810835014,0.880998787,0.903512701,0.896485956,0.880998787
HKG,2020/3/5,0,0,0,0,0,0.810835014,0.880998787,0.903512701,0.896485956,0.880998787
HKG,2020/3/6,0,0,1,2,3,0.810835014,0.880998787,0.903512701,0.896485956,0.880998787
HKG,2020/3/7,0,1,0,1,2,0.810835014,0.880998787,0.903512701,0.896485956,0.880998787
HKG,2020/3/8,0,0,4,1,5,0.810835014,0.880998787,0.903512701,0.896485956,0.880998787
HKG,2020/3/9,0,0,1,0,1,0.810835014,0.880998787,0.903512701,0.896485956,0.880998787
HKG,2020/3/10,0,0,5,0,5,0.810835014,0.880998787,0.903512701,0.896485956,0.880998787
HKG,2020/3/11,0,4,3,2,9,0.810835014,0.880998787,0.903512701,0.896485956,0.880998787
HKG,2020/3/12,0,2,0,0,2,0.810835014,0.880998787,0.903512701,0.896485956,0.880998787
HKG,2020/3/13,1,1,1,3,6,0.810835014,0.880998787,0.903512701,0.896485956,0.880998787
HKG,2020/3/14,0,2,2,0,4,0.810835014,0.880998787,0.903512701,0.896485956,0.880998787
HKG,2020/3/15,0,5,1,1,7,0.810835014,0.880998787,0.903512701,0.896485956,0.880998787
HKG,2020/3/16,0,3,5,1,9,0.810835014,0.880998787,0.903512701,0.896485956,0.880998787
HKG,2020/3/17,1,7,1,1,10,0.810835014,0.880998787,0.903512701,0.896485956,0.880998787
HKG,2020/3/18,2,15,5,3,25,0.810835014,0.880998787,0.903512701,0.896485956,0.880998787
HKG,2020/3/19,2,8,6,0,16,0.810835014,0.880998787,0.903512701,0.896485956,0.880998787
HKG,2020/3/20,7,24,11,6,48,0.810835014,0.880998787,0.903512701,0.896485956,0.880998787
HKG,2020/3/21,3,6,5,3,17,0.810835014,0.880998787,0.903512701,0.896485956,0.880998787
HKG,2020/3/22,7,28,6,3,44,0.810835014,0.880998787,0.903512701,0.896485956,0.880998787
HKG,2020/3/23,4,18,13,4,39,0.810835014,0.880998787,0.903512701,0.896485956,0.880998787
HKG,2020/3/24,1,15,11,3,30,0.810835014,0.880998787,0.903512701,0.896485956,0.880998787
HKG,2020/3/25,4,12,8,0,24,0.810835014,0.880998787,0.903512701,0.896485956,0.880998787
HKG,2020/3/26,6,23,10,4,43,0.810835014,0.880998787,0.903512701,0.896485956,0.880998787
HKG,2020/3/27,12,29,18,6,65,0.810835014,0.880998787,0.903512701,0.896485956,0.880998787
HKG,2020/3/28,17,31,9,7,64,0.810835014,0.880998787,0.903512701,0.896485956,0.880998787
HKG,2020/3/29,10,30,12,7,59,0.810835014,0.880998787,0.903512701,0.896485956,0.880998787
HKG,2020/3/30,13,22,5,1,41,0.810835014,0.880998787,0.903512701,0.896485956,0.880998787
HKG,2020/3/31,7,12,5,8,32,0.810835014,0.880998787,0.903512701,0.896485956,0.880998787
HKG,2020/4/1,9,26,13,3,51,0.810835014,0.880998787,0.903512701,0.896485956,0.880998787
HKG,2020/4/2,11,15,7,4,37,0.810835014,0.880998787,0.903512701,0.896485956,0.880998787
HKG,2020/4/3,7,20,14,2,43,0.810835014,0.880998787,0.903512701,0.896485956,0.880998787
HKG,2020/4/4,3,10,2,2,17,0.810835014,0.880998787,0.903512701,0.896485956,0.880998787
HKG,2020/4/5,6,13,4,5,28,0.810835014,0.880998787,0.903512701,0.896485956,0.880998787
HKG,2020/4/6,4,7,9,4,24,0.810835014,0.880998787,0.903512701,0.896485956,0.880998787
HKG,2020/4/7,3,10,7,1,21,0.810835014,0.880998787,0.903512701,0.896485956,0.880998787
HKG,2020/4/8,2,15,5,3,25,0.810835014,0.880998787,0.903512701,0.896485956,0.880998787
HKG,2020/4/9,0,8,2,3,13,0.810835014,0.880998787,0.903512701,0.896485956,0.880998787
HKG,2020/4/10,3,9,3,1,16,0.810835014,0.880998787,0.903512701,0.896485956,0.880998787
HKG,2020/4/11,1,8,2,0,11,0.810835014,0.880998787,0.903512701,0.896485956,0.880998787
HKG,2020/4/12,0,2,1,1,4,0.810835014,0.880998787,0.903512701,0.896485956,0.880998787
HKG,2020/4/13,1,0,1,3,5,0.810835014,0.880998787,0.903512701,0.896485956,0.880998787
HKG,2020/4/14,1,1,1,0,3,0.810835014,0.880998787,0.903512701,0.896485956,0.880998787
HKG,2020/4/15,0,2,1,1,4,0.810835014,0.880998787,0.903512701,0.896485956,0.880998787
HKG,2020/4/16,1,0,0,0,1,0.810835014,0.880998787,0.903512701,0.896485956,0.880998787
HKG,2020/4/17,1,2,1,0,4,0.810835014,0.880998787,0.903512701,0.896485956,0.880998787
HKG,2020/4/18,1,1,0,0,2,0.810835014,0.880998787,0.903512701,0.896485956,0.880998787
HKG,2020/4/19,0,1,1,0,2,0.810835014,0.880998787,0.903512701,0.896485956,0.880998787
HKG,2020/4/20,0,0,0,0,0,0.810835014,0.880998787,0.903512701,0.896485956,0.880998787
HKG,2020/4/21,1,3,0,0,4,0.810835014,0.880998787,0.903512701,0.896485956,0.880998787
HKG,2020/4/22,1,1,1,1,4,0.810835014,0.880998787,0.903512701,0.896485956,0.880998787
HKG,2020/4/23,0,1,1,0,2,0.810835014,0.880998787,0.903512701,0.896485956,0.880998787
HKG,2020/4/24,0,0,0,0,0,0.810835014,0.880998787,0.903512701,0.896485956,0.880998787
HKG,2020/4/25,1,0,0,1,2,0.810835014,0.880998787,0.903512701,0.896485956,0.880998787
HKG,2020/4/26,0,0,0,0,0,0.810835014,0.880998787,0.903512701,0.896485956,0.880998787
HKG,2020/4/27,0,0,0,0,0,0.810835014,0.885709173,0.903512701,0.896485956,0.883415336
HKG,2020/4/28,0,0,0,0,0,0.810835014,0.890419559,0.903512701,0.896485956,0.885831886
HKG,2020/4/29,0,0,0,0,0,0.810835014,0.895129945,0.903512701,0.896485956,0.888248435
HKG,2020/4/30,0,0,0,0,0,0.810835014,0.899840331,0.903512701,0.896485956,0.890664985
HKG,2020/5/1,1,1,0,0,2,0.810835014,0.904550717,0.903512701,0.896485956,0.893081534
HKG,2020/5/2,0,0,0,0,0,0.810835014,0.909261103,0.903512701,0.896485956,0.895498084
HKG,2020/5/3,0,0,0,0,0,0.810835014,0.913971489,0.903512701,0.896485956,0.897914633
HKG,2020/5/4,0,1,0,0,1,0.828730463,0.915770659,0.90901346,0.896485956,0.902619795
HKG,2020/5/5,0,0,0,0,0,0.846625911,0.91756983,0.91451422,0.896485956,0.907324958
HKG,2020/5/6,0,0,0,0,0,0.86452136,0.919369,0.920014979,0.896485956,0.91203012
HKG,2020/5/7,1,1,2,0,4,0.882416808,0.921168171,0.925515738,0.896485956,0.916735282
HKG,2020/5/8,0,0,0,0,0,0.900312257,0.922967341,0.931016497,0.896485956,0.921440444
HKG,2020/5/9,0,0,0,0,0,0.918207705,0.924766512,0.936517257,0.896485956,0.926145607
HKG,2020/5/10,0,0,2,1,3,0.936103154,0.926565682,0.942018016,0.896485956,0.930850769
HKG,2020/5/11,0,0,0,0,0,0.935789255,0.931652382,0.946023105,0.899933776,0.934784993
HKG,2020/5/12,0,0,0,0,0,0.935475357,0.936739082,0.950028194,0.903381595,0.938719218
HKG,2020/5/13,1,1,0,1,3,0.935161458,0.941825782,0.954033283,0.906829415,0.942653442
HKG,2020/5/14,0,0,0,1,1,0.93484756,0.946912481,0.958038372,0.910277234,0.946587667
HKG,2020/5/15,0,0,1,0,1,0.934533661,0.951999181,0.962043461,0.913725054,0.950521891
HKG,2020/5/16,0,0,0,0,0,0.934219763,0.957085881,0.96604855,0.917172873,0.954456116
HKG,2020/5/17,1,1,0,1,3,0.933905864,0.962172581,0.970053639,0.920620693,0.95839034
HKG,2020/5/18,0,0,0,0,0,0.932887173,0.960096114,0.968470026,0.925255842,0.957417969
HKG,2020/5/19,0,0,0,0,0,0.931868482,0.958019647,0.966886412,0.929890992,0.956445598
HKG,2020/5/20,0,0,0,0,0,0.930849791,0.95594318,0.965302799,0.934526141,0.955473227
HKG,2020/5/21,2,4,1,1,8,0.9298311,0.953866712,0.963719186,0.939161291,0.954500855
HKG,2020/5/22,1,0,0,1,2,0.928812409,0.951790245,0.962135573,0.94379644,0.953528484
HKG,2020/5/23,0,0,0,0,0,0.927793718,0.949713778,0.960551959,0.94843159,0.952556113
HKG,2020/5/24,0,0,0,0,0,0.926775027,0.947637311,0.958968346,0.953066739,0.951583742
HKG,2020/5/25,0,0,0,0,0,0.929589882,0.947398948,0.959526559,0.953178164,0.952000492
HKG,2020/5/26,0,0,0,0,0,0.932404737,0.947160584,0.960084771,0.95328959,0.952417241
HKG,2020/5/27,0,1,0,0,1,0.935219592,0.946922221,0.960642984,0.953401015,0.952833991
HKG,2020/5/28,0,0,0,0,0,0.938034448,0.946683858,0.961201197,0.95351244,0.953250741
HKG,2020/5/29,4,8,1,0,13,0.940849303,0.946445495,0.96175941,0.953623865,0.953667491
HKG,2020/5/30,2,1,0,0,3,0.943664158,0.946207131,0.962317622,0.953735291,0.95408424
HKG,2020/5/31,0,1,1,0,2,0.946479013,0.945968768,0.962875835,0.953846716,0.95450099
HKG,2020/6/1,0,2,1,0,3,0.942088249,0.948249891,0.962369801,0.951428434,0.954373926
HKG,2020/6/2,1,0,3,2,6,0.937697485,0.950531015,0.961863767,0.949010152,0.954246862
HKG,2020/6/3,0,0,0,0,0,0.933306721,0.952812138,0.961357733,0.94659187,0.954119798
HKG,2020/6/4,1,2,2,1,6,0.928915957,0.955093261,0.960851699,0.944173587,0.953992733
HKG,2020/6/5,1,0,1,1,3,0.924525193,0.957374384,0.960345665,0.941755305,0.953865669
HKG,2020/6/6,1,1,1,0,3,0.920134429,0.959655508,0.959839631,0.939337023,0.953738605
HKG,2020/6/7,0,1,0,0,1,0.915743665,0.961936631,0.959333597,0.936918741,0.953611541
HKG,2020/6/8,0,1,0,0,1,0.922066708,0.961790113,0.95947039,0.940404088,0.954611261
HKG,2020/6/9,0,0,0,0,0,0.928389752,0.961643595,0.959607183,0.943889434,0.95561098
HKG,2020/6/10,0,0,0,0,0,0.934712795,0.961497077,0.959743976,0.947374781,0.9566107
HKG,2020/6/11,0,0,0,0,0,0.941035839,0.96135056,0.959880768,0.950860127,0.95761042
HKG,2020/6/12,0,0,1,0,1,0.947358882,0.961204042,0.960017561,0.954345474,0.95861014
HKG,2020/6/13,0,1,0,0,1,0.953681926,0.961057524,0.960154354,0.95783082,0.959609859
HKG,2020/6/14,0,0,0,0,0,0.960004969,0.960911006,0.960291147,0.961316167,0.960609579
HKG,2020/6/15,1,1,1,0,3,0.957942563,0.961776332,0.959715429,0.959954896,0.960290369
HKG,2020/6/16,0,0,0,0,0,0.955880156,0.962641658,0.959139711,0.958593626,0.959971158
HKG,2020/6/17,3,3,1,1,8,0.95381775,0.963506984,0.958563993,0.957232355,0.959651948
HKG,2020/6/18,3,1,0,0,4,0.951755343,0.964372309,0.957988275,0.955871084,0.959332737
HKG,2020/6/19,2,0,1,0,3,0.949692937,0.965237635,0.957412557,0.954509813,0.959013527
HKG,2020/6/20,0,0,1,0,1,0.94763053,0.966102961,0.956836839,0.953148543,0.958694316
HKG,2020/6/21,0,3,0,0,3,0.945568124,0.966968287,0.956261121,0.951787272,0.958375106
HKG,2020/6/22,10,14,4,2,30,0.943213068,0.964133102,0.958170769,0.952663373,0.958164569
HKG,2020/6/23,5,9,2,0,16,0.940858011,0.961297916,0.960080418,0.953539473,0.957954031
HKG,2020/6/24,0,0,2,0,2,0.938502955,0.958462731,0.961990066,0.954415574,0.957743494
HKG,2020/6/25,9,5,0,0,14,0.936147898,0.955627545,0.963899715,0.955291674,0.957532957
HKG,2020/6/26,2,1,0,0,3,0.933792842,0.95279236,0.965809363,0.956167775,0.95732242
HKG,2020/6/27,0,1,0,0,1,0.931437785,0.949957174,0.967719012,0.957043875,0.957111882
HKG,2020/6/28,1,1,0,0,2,0.929082729,0.947121989,0.96962866,0.957919976,0.956901345
HKG,2020/6/29,0,3,1,0,4,0.931256913,0.947892822,0.96805105,0.959662634,0.956858044
HKG,2020/6/30,1,0,1,0,2,0.933431098,0.948663656,0.966473439,0.961405292,0.956814742
HKG,2020/7/1,9,18,1,0,28,0.935605282,0.949434489,0.964895829,0.96314795,0.956771441
HKG,2020/7/2,3,5,1,0,9,0.937779467,0.950205323,0.963318219,0.964890609,0.956728139
HKG,2020/7/3,2,2,1,0,5,0.939953651,0.950976156,0.961740609,0.966633267,0.956684838
HKG,2020/7/4,0,7,3,1,11,0.942127836,0.95174699,0.960162998,0.968375925,0.956641536
HKG,2020/7/5,2,0,8,0,10,0.94430202,0.952517823,0.958585388,0.970118583,0.956598235
HKG,2020/7/6,4,9,3,1,17,0.940416871,0.952403555,0.957503501,0.967318031,0.955427587
HKG,2020/7/7,1,4,6,3,14,0.936531723,0.952289287,0.956421615,0.964517479,0.954256939
HKG,2020/7/8,0,3,11,10,24,0.932646574,0.952175019,0.955339728,0.961716927,0.953086291
HKG,2020/7/9,2,2,10,28,42,0.928761426,0.95206075,0.954257841,0.958916376,0.951915642
HKG,2020/7/10,9,10,11,8,38,0.924876277,0.951946482,0.953175954,0.956115824,0.950744994
HKG,2020/7/11,3,10,9,6,28,0.920991129,0.951832214,0.952094068,0.953315272,0.949574346
HKG,2020/7/12,4,6,13,15,38,0.91710598,0.951717946,0.951012181,0.95051472,0.948403698
HKG,2020/7/13,6,11,23,12,52,0.917695651,0.952250791,0.953910332,0.945558929,0.949332879
HKG,2020/7/14,2,12,12,22,48,0.918285322,0.952783637,0.956808483,0.940603139,0.950262061
HKG,2020/7/15,2,5,8,4,19,0.918874993,0.953316482,0.959706634,0.935647348,0.951191242
HKG,2020/7/16,3,16,26,22,67,0.919464664,0.953849327,0.962604786,0.930691558,0.952120424
HKG,2020/7/17,3,12,25,18,58,0.920054335,0.954382172,0.965502937,0.925735767,0.953049605
HKG,2020/7/18,2,11,27,24,64,0.920644006,0.954915018,0.968401088,0.920779977,0.953978787
HKG,2020/7/19,5,32,35,35,107,0.921233677,0.955447863,0.971299239,0.915824186,0.954907968
HKG,2020/7/20,6,14,30,23,73,0.919470083,0.953041523,0.970426244,0.917563864,0.953767752
HKG,2020/7/21,7,14,23,17,61,0.917706488,0.950635182,0.969553248,0.919303543,0.952627537
HKG,2020/7/22,5,26,43,39,113,0.915942894,0.948228842,0.968680253,0.921043221,0.951487321
HKG,2020/7/23,11,35,42,30,118,0.9141793,0.945822502,0.967807257,0.9227829,0.950347105
HKG,2020/7/24,12,21,48,42,123,0.912415706,0.943416162,0.966934262,0.924522578,0.949206889
HKG,2020/7/25,5,30,48,50,133,0.910652111,0.941009821,0.966061266,0.926262257,0.948066674
HKG,2020/7/26,16,40,45,27,128,0.908888517,0.938603481,0.965188271,0.928001935,0.946926458
HKG,2020/7/27,15,36,50,44,145,0.904720125,0.94008732,0.965088897,0.933095787,0.947705389
HKG,2020/7/28,9,30,31,36,106,0.900551732,0.941571159,0.964989522,0.93818964,0.948484321
HKG,2020/7/29,6,27,33,51,117,0.89638334,0.943054998,0.964890148,0.943283492,0.949263252
HKG,2020/7/30,15,48,51,35,149,0.892214948,0.944538836,0.964790774,0.948377345,0.950042184
HKG,2020/7/31,11,37,36,37,121,0.888046556,0.946022675,0.9646914,0.953471197,0.950821115
HKG,2020/8/1,16,42,34,33,125,0.883878163,0.947506514,0.964592025,0.95856505,0.951600047
HKG,2020/8/2,8,27,33,45,113,0.879709771,0.948990353,0.964492651,0.963658902,0.952378978
HKG,2020/8/3,5,32,26,17,80,0.885184404,0.948629007,0.964100775,0.960511897,0.952051653
HKG,2020/8/4,9,28,19,24,80,0.890659036,0.948267662,0.963708899,0.957364893,0.951724329
HKG,2020/8/5,7,21,26,31,85,0.896133669,0.947906316,0.963317023,0.954217888,0.951397004
HKG,2020/8/6,9,31,35,20,95,0.901608301,0.94754497,0.962925146,0.951070883,0.95106968
HKG,2020/8/7,10,32,28,19,89,0.907082934,0.947183624,0.96253327,0.947923878,0.950742355
HKG,2020/8/8,7,19,26,17,69,0.912557566,0.946822279,0.962141394,0.944776874,0.950415031
HKG,2020/8/9,1,34,18,19,72,0.918032199,0.946460933,0.961749518,0.941629869,0.950087706
HKG,2020/8/10,11,18,23,17,69,0.914387998,0.947138689,0.963488794,0.937760775,0.950331585
HKG,2020/8/11,3,12,8,10,33,0.910743796,0.947816444,0.96522807,0.933891681,0.950575464
HKG,2020/8/12,5,12,22,23,62,0.907099595,0.9484942,0.966967346,0.930022587,0.950819343
HKG,2020/8/13,0,20,27,22,69,0.903455394,0.949171955,0.968706622,0.926153494,0.951063223
HKG,2020/8/14,9,13,16,10,48,0.899811193,0.949849711,0.970445898,0.9222844,0.951307102
HKG,2020/8/15,2,18,13,13,46,0.896166991,0.950527466,0.972185174,0.918415306,0.951550981
HKG,2020/8/16,5,16,30,23,74,0.89252279,0.951205222,0.97392445,0.914546212,0.95179486
HKG,2020/8/17,6,17,12,9,44,0.893944869,0.952336444,0.973925971,0.916070162,0.952480518
HKG,2020/8/18,6,15,8,7,36,0.895366948,0.953467665,0.973927491,0.917594112,0.953166176
HKG,2020/8/19,2,10,8,6,26,0.896789027,0.954598887,0.973929012,0.919118062,0.953851834
HKG,2020/8/20,1,6,7,4,18,0.898211107,0.955730108,0.973930532,0.920642013,0.954537493
HKG,2020/8/21,6,8,6,7,27,0.899633186,0.95686133,0.973932053,0.922165963,0.955223151
HKG,2020/8/22,4,6,8,8,26,0.901055265,0.957992551,0.973933573,0.923689913,0.955908809
HKG,2020/8/23,6,6,5,8,25,0.902477344,0.959123773,0.973935094,0.925213863,0.956594467
HKG,2020/8/24,0,5,4,0,9,0.899677678,0.956115154,0.973975888,0.931493985,0.956349476
HKG,2020/8/25,1,5,8,5,19,0.896878011,0.953106535,0.974016682,0.937774106,0.956104484
HKG,2020/8/26,4,6,7,7,24,0.894078345,0.950097916,0.974057476,0.944054228,0.955859493
HKG,2020/8/27,3,7,9,2,21,0.891278679,0.947089298,0.974098269,0.95033435,0.955614501
HKG,2020/8/28,1,2,7,3,13,0.888479013,0.944080679,0.974139063,0.956614472,0.95536951
HKG,2020/8/29,2,3,7,6,18,0.885679346,0.94107206,0.974179857,0.962894593,0.955124518
HKG,2020/8/30,0,6,8,1,15,0.88287968,0.938063441,0.974220651,0.969174715,0.954879527
HKG,2020/8/31,1,3,3,2,9,0.89470263,0.936472115,0.974559713,0.96289007,0.954329962
HKG,2020/9/1,1,1,6,4,12,0.90652558,0.934880789,0.974898776,0.956605424,0.953780398
HKG,2020/9/2,0,2,2,4,8,0.91834853,0.933289463,0.975237838,0.950320779,0.953230833
HKG,2020/9/3,1,1,2,4,8,0.930171481,0.931698137,0.975576901,0.944036133,0.952681269
HKG,2020/9/4,2,3,3,4,12,0.941994431,0.930106811,0.975915963,0.937751488,0.952131704
HKG,2020/9/5,0,1,1,5,7,0.953817381,0.928515485,0.976255026,0.931466842,0.95158214
HKG,2020/9/6,0,9,5,7,21,0.965640331,0.926924159,0.976594088,0.925182197,0.951032575
HKG,2020/9/7,0,3,4,4,11,0.965826632,0.930393459,0.976114766,0.921332489,0.951482265
HKG,2020/9/8,0,3,2,1,6,0.966012932,0.933862758,0.975635444,0.917482782,0.951931954
HKG,2020/9/9,1,1,1,3,6,0.966199233,0.937332058,0.975156122,0.913633074,0.952381644
HKG,2020/9/10,1,7,4,0,12,0.966385533,0.940801357,0.974676799,0.909783366,0.952831333
HKG,2020/9/11,1,5,3,3,12,0.966571834,0.944270657,0.974197477,0.905933658,0.953281023
HKG,2020/9/12,0,7,3,3,13,0.966758134,0.947739956,0.973718155,0.902083951,0.953730712
HKG,2020/9/13,3,5,6,5,19,0.966944435,0.951209256,0.973238833,0.898234243,0.954180402
HKG,2020/9/14,1,3,6,4,14,0.963907342,0.953412205,0.973784287,0.906531165,0.956264114
HKG,2020/9/15,0,3,1,0,4,0.960870249,0.955615154,0.974329741,0.914828087,0.958347825
HKG,2020/9/16,2,4,2,1,9,0.957833156,0.957818103,0.974875195,0.923125009,0.960431537
HKG,2020/9/17,1,2,5,1,9,0.954796062,0.960021053,0.97542065,0.931421932,0.962515249
HKG,2020/9/18,0,1,2,0,3,0.951758969,0.962224002,0.975966104,0.939718854,0.964598961
HKG,2020/9/19,2,8,1,2,13,0.948721876,0.964426951,0.976511558,0.948015776,0.966682672
HKG,2020/9/20,6,5,8,4,23,0.945684783,0.9666299,0.977057012,0.956312698,0.968766384
HKG,2020/9/21,0,2,3,1,6,0.946465041,0.965054098,0.977578036,0.957778779,0.9687213
HKG,2020/9/22,3,4,1,0,8,0.947245298,0.963478297,0.978099059,0.95924486,0.968676217
HKG,2020/9/23,1,0,1,1,3,0.948025556,0.961902495,0.978620083,0.960710941,0.968631133
HKG,2020/9/24,0,2,5,0,7,0.948805813,0.960326694,0.979141107,0.962177022,0.96858605
HKG,2020/9/25,0,0,2,0,2,0.949586071,0.958750892,0.979662131,0.963643103,0.968540966
HKG,2020/9/26,0,0,1,0,1,0.950366328,0.957175091,0.980183154,0.965109184,0.968495883
HKG,2020/9/27,1,4,1,0,6,0.951146586,0.955599289,0.980704178,0.966575265,0.968450799
HKG,2020/9/28,2,1,5,2,10,0.950372668,0.95670566,0.976634559,0.964647481,0.966593974
HKG,2020/9/29,0,3,1,0,4,0.94959875,0.957812032,0.972564941,0.962719696,0.96473715
HKG,2020/9/30,1,2,2,3,8,0.948824832,0.958918403,0.968495322,0.960791912,0.962880325
HKG,2020/10/1,1,7,2,0,10,0.948050915,0.960024774,0.964425703,0.958864128,0.9610235
HKG,2020/10/2,1,3,3,0,7,0.947276997,0.961131145,0.960356084,0.956936344,0.959166675
HKG,2020/10/3,0,4,0,0,4,0.946503079,0.962237517,0.956286466,0.955008559,0.957309851
HKG,2020/10/4,0,2,0,3,5,0.945729161,0.963343888,0.952216847,0.953080775,0.955453026
HKG,2020/10/5,0,5,3,3,11,0.942120332,0.963163993,0.950226536,0.957963852,0.954840152
HKG,2020/10/6,0,6,2,0,8,0.938511503,0.962984099,0.948236226,0.962846929,0.954227278
HKG,2020/10/7,3,5,3,0,11,0.934902674,0.962804204,0.946245915,0.967730006,0.953614404
HKG,2020/10/8,0,6,8,4,18,0.931293846,0.962624309,0.944255605,0.972613084,0.953001531
HKG,2020/10/9,0,3,4,1,8,0.927685017,0.962444414,0.942265294,0.977496161,0.952388657
HKG,2020/10/10,2,2,2,0,6,0.924076188,0.96226452,0.940274984,0.982379238,0.951775783
HKG,2020/10/11,1,2,3,1,7,0.920467359,0.962084625,0.938284673,0.987262315,0.951162909
HKG,2020/10/12,1,3,6,1,11,0.927355669,0.964302131,0.94492287,0.986172503,0.955309515
HKG,2020/10/13,1,5,1,1,8,0.934243978,0.966519636,0.951561068,0.985082691,0.959456122
HKG,2020/10/14,0,0,0,0,0,0.941132288,0.968737142,0.958199265,0.983992879,0.963602728
HKG,2020/10/15,2,5,3,2,12,0.948020598,0.970954647,0.964837463,0.982903066,0.967749334
HKG,2020/10/16,2,3,2,0,7,0.954908908,0.973172153,0.97147566,0.981813254,0.97189594
HKG,2020/10/17,2,12,3,0,17,0.961797217,0.975389658,0.978113858,0.980723442,0.976042547
HKG,2020/10/18,1,1,1,1,4,0.968685527,0.977607164,0.984752055,0.97963363,0.980189153
HKG,2020/10/19,0,8,7,0,15,0.963712114,0.974986199,0.983774376,0.978543818,0.978394016
HKG,2020/10/20,0,1,3,1,5,0.958738702,0.972365233,0.982796696,0.977454006,0.976598878
HKG,2020/10/21,0,2,3,3,8,0.953765289,0.969744268,0.981819017,0.976364194,0.974803741
HKG,2020/10/22,1,5,2,3,11,0.948791876,0.967123303,0.980841338,0.975274381,0.973008603
HKG,2020/10/23,1,1,1,1,4,0.943818463,0.964502338,0.979863659,0.974184569,0.971213466
HKG,2020/10/24,0,1,3,1,5,0.938845051,0.961881372,0.978885979,0.973094757,0.969418328
HKG,2020/10/25,1,3,2,0,6,0.933871638,0.959260407,0.9779083,0.972004945,0.967623191
HKG,2020/10/26,4,3,1,0,8,0.93740381,0.959571431,0.977150033,0.972706548,0.967477256
HKG,2020/10/27,1,4,0,0,5,0.940935982,0.959882456,0.976391767,0.973408151,0.967331322
HKG,2020/10/28,0,2,0,0,2,0.944468154,0.96019348,0.9756335,0.974109754,0.967185387
HKG,2020/10/29,0,1,2,0,3,0.948000326,0.960504505,0.974875234,0.974811357,0.967039453
HKG,2020/10/30,1,3,2,1,7,0.951532498,0.960815529,0.974116967,0.97551296,0.966893518
HKG,2020/10/31,1,1,1,0,3,0.95506467,0.961126554,0.973358701,0.976214563,0.966747584
HKG,2020/11/1,1,5,1,0,7,0.958596842,0.961437578,0.972600434,0.976916166,0.966601649
HKG,2020/11/2,1,5,0,0,6,0.960260627,0.963803917,0.974181828,0.977617769,0.968682
HKG,2020/11/3,0,7,2,0,9,0.961924412,0.966170256,0.975763222,0.978319372,0.970762351
HKG,2020/11/4,0,2,1,0,3,0.963588197,0.968536595,0.977344616,0.979020975,0.972842702
HKG,2020/11/5,0,5,2,0,7,0.965251982,0.970902933,0.978926009,0.979722578,0.974923053
HKG,2020/11/6,1,3,2,0,6,0.966915767,0.973269272,0.980507403,0.980424181,0.977003404
HKG,2020/11/7,0,2,0,1,3,0.968579552,0.975635611,0.982088797,0.981125784,0.979083755
HKG,2020/11/8,0,5,5,0,10,0.970243337,0.97800195,0.983670191,0.981827387,0.981164106
HKG,2020/11/9,0,2,4,0,6,0.971907122,0.976910833,0.982607225,0.982528989,0.980222658
HKG,2020/11/10,1,5,3,0,9,0.973570907,0.975819717,0.981544259,0.983230592,0.97928121
HKG,2020/11/11,3,6,7,2,18,0.975234692,0.9747286,0.980481293,0.983932195,0.978339762
HKG,2020/11/12,1,7,9,6,23,0.976898477,0.973637484,0.979418328,0.984633798,0.977398313
HKG,2020/11/13,0,3,2,1,6,0.978562262,0.972546367,0.978355362,0.985335401,0.976456865
HKG,2020/11/14,0,4,2,2,8,0.980226047,0.971455251,0.977292396,0.986037004,0.975515417
HKG,2020/11/15,0,8,4,2,14,0.981889832,0.970364134,0.97622943,0.986738607,0.974573969
HKG,2020/11/16,1,3,2,2,8,0.979297613,0.971366829,0.976570063,0.98744021,0.97518085
HKG,2020/11/17,0,2,2,0,4,0.976705393,0.972369523,0.976910695,0.988141813,0.975787731
HKG,2020/11/18,3,2,2,2,9,0.974113174,0.973372218,0.977251328,0.988843416,0.976394612
HKG,2020/11/19,4,2,2,4,12,0.971520955,0.974374912,0.977591961,0.989545019,0.977001494
HKG,2020/11/20,0,10,7,9,26,0.968928736,0.975377607,0.977932594,0.990246622,0.977608375
HKG,2020/11/21,1,13,14,15,43,0.966336516,0.976380301,0.978273226,0.990948225,0.978215256
HKG,2020/11/22,1,16,21,30,68,0.963744297,0.977382996,0.978613859,0.991649828,0.978822137
HKG,2020/11/23,6,15,22,30,73,0.962621751,0.976002599,0.979541722,0.989788939,0.978427391
HKG,2020/11/24,2,12,26,40,80,0.961499204,0.974622202,0.980469585,0.987928049,0.978032646
HKG,2020/11/25,5,9,31,40,85,0.960376658,0.973241805,0.981397448,0.98606716,0.9776379
HKG,2020/11/26,3,18,28,32,81,0.959254112,0.971861409,0.98232531,0.98420627,0.977243155
HKG,2020/11/27,7,21,36,28,92,0.958131566,0.970481012,0.983253173,0.982345381,0.976848409
HKG,2020/11/28,2,19,34,29,84,0.957009019,0.969100615,0.984181036,0.980484491,0.976453664
HKG,2020/11/29,3,22,46,44,115,0.955886473,0.967720218,0.985108899,0.978623602,0.976058918
HKG,2020/11/30,9,18,27,22,76,0.95032479,0.966264312,0.983639172,0.973189077,0.973637868
HKG,2020/12/1,5,22,36,19,82,0.944763107,0.964808406,0.982169445,0.967754551,0.971216819
HKG,2020/12/2,4,34,45,20,103,0.939201424,0.9633525,0.980699718,0.962320026,0.968795769
HKG,2020/12/3,5,25,33,27,90,0.933639741,0.961896594,0.979229991,0.956885501,0.96637472
HKG,2020/12/4,6,29,42,35,112,0.928078058,0.960440688,0.977760264,0.951450976,0.96395367
HKG,2020/12/5,8,19,43,31,101,0.922516375,0.958984782,0.976290537,0.94601645,0.961532621
HKG,2020/12/6,10,15,38,32,95,0.916954692,0.957528876,0.97482081,0.940581925,0.959111571
HKG,2020/12/7,5,24,28,21,78,0.919166176,0.954398446,0.974821466,0.941899535,0.95855639
HKG,2020/12/8,11,26,30,33,100,0.921377659,0.951268015,0.974822123,0.943217144,0.958001209
HKG,2020/12/9,8,24,37,35,104,0.923589143,0.948137585,0.974822779,0.944534754,0.957446028
HKG,2020/12/10,7,35,37,33,112,0.925800627,0.945007154,0.974823436,0.945852364,0.956890846
HKG,2020/12/11,5,22,30,29,86,0.928012111,0.941876724,0.974824092,0.947169974,0.956335665
HKG,2020/12/12,10,12,28,19,69,0.930223594,0.938746293,0.974824749,0.948487583,0.955780484
HKG,2020/12/13,3,30,32,30,95,0.932435078,0.935615863,0.974825405,0.949805193,0.955225303
HKG,2020/12/14,11,16,29,26,82,0.929889691,0.93839183,0.975022304,0.95110984,0.956156532
HKG,2020/12/15,12,24,29,33,98,0.927344304,0.941167797,0.975219202,0.952414486,0.957087761
HKG,2020/12/16,9,20,36,17,82,0.924798917,0.943943764,0.975416101,0.953719133,0.95801899
HKG,2020/12/17,7,23,27,39,96,0.92225353,0.94671973,0.975612999,0.955023779,0.958950219
HKG,2020/12/18,5,15,33,17,70,0.919708143,0.949495697,0.975809898,0.956328426,0.959881448
HKG,2020/12/19,6,31,47,25,109,0.917162756,0.952271664,0.976006796,0.957633072,0.960812677
HKG,2020/12/20,8,26,26,14,74,0.914617369,0.955047631,0.976203695,0.958937719,0.961743906
HKG,2020/12/21,12,35,17,21,85,0.919003727,0.95615024,0.974689115,0.95046024,0.960663124
HKG,2020/12/22,3,25,15,20,63,0.923390086,0.957252849,0.973174536,0.941982761,0.959582342
HKG,2020/12/23,5,18,13,17,53,0.927776444,0.958355458,0.971659956,0.933505282,0.95850156
HKG,2020/12/24,11,18,25,17,71,0.932162802,0.959458066,0.970145377,0.925027804,0.957420779
HKG,2020/12/25,9,14,17,17,57,0.93654916,0.960560675,0.968630797,0.916550325,0.956339997
HKG,2020/12/26,5,15,23,16,59,0.940935519,0.961663284,0.967116218,0.908072846,0.955259215
HKG,2020/12/27,8,22,19,21,70,0.945321877,0.962765893,0.965601638,0.899595367,0.954178433
HKG,2020/12/28,9,17,19,16,61,0.947302177,0.963506288,0.967589583,0.908222501,0.956592147
HKG,2020/12/29,3,23,10,17,53,0.949282477,0.964246682,0.969577529,0.916849636,0.95900586
HKG,2020/12/30,3,15,19,17,54,0.951262777,0.964987077,0.971565474,0.92547677,0.961419574
HKG,2020/12/31,8,17,24,19,68,0.953243077,0.965727471,0.973553419,0.934103904,0.963833287
HKG,2021/1/1,3,15,10,14,42,0.955223377,0.966467866,0.975541364,0.942731038,0.966247001
HKG,2021/1/2,4,13,8,10,35,0.957203677,0.96720826,0.97752931,0.951358173,0.968660714
HKG,2021/1/3,3,16,17,5,41,0.959183977,0.967948655,0.979517255,0.959985307,0.971074428
HKG,2021/1/4,10,12,17,14,53,0.948746019,0.966700072,0.978850025,0.963440146,0.97007696
HKG,2021/1/5,3,10,8,11,32,0.938308062,0.965451489,0.978182795,0.966894985,0.969079492
HKG,2021/1/6,0,7,10,8,25,0.927870104,0.964202906,0.977515565,0.970349824,0.968082024
HKG,2021/1/7,3,8,15,7,33,0.917432146,0.962954324,0.976848334,0.973804663,0.967084555
HKG,2021/1/8,6,16,11,12,45,0.906994188,0.961705741,0.976181104,0.977259502,0.966087087
HKG,2021/1/9,7,19,17,16,59,0.896556231,0.960457158,0.975513874,0.980714341,0.965089619
HKG,2021/1/10,3,9,12,7,31,0.886118273,0.959208575,0.974846644,0.98416918,0.964092151
HKG,2021/1/11,7,14,13,7,41,0.890427178,0.957401279,0.975490061,0.985483173,0.964244273
HKG,2021/1/12,9,26,13,12,60,0.894736084,0.955593984,0.976133477,0.986797165,0.964396394
HKG,2021/1/13,4,18,14,6,42,0.899044989,0.953786688,0.976776894,0.988111158,0.964548516
HKG,2021/1/14,3,12,9,5,29,0.903353894,0.951979393,0.977420311,0.98942515,0.964700638
HKG,2021/1/15,7,14,12,5,38,0.907662799,0.950172097,0.978063728,0.990739143,0.96485276
HKG,2021/1/16,5,17,18,10,50,0.911971705,0.948364802,0.978707144,0.992053135,0.965004881
HKG,2021/1/17,7,15,26,7,55,0.91628061,0.946557506,0.979350561,0.993367128,0.965157003
HKG,2021/1/18,10,29,46,22,107,0.91550852,0.951272684,0.979296158,0.990934361,0.966134516
HKG,2021/1/19,7,14,22,13,56,0.91473643,0.955987863,0.979241756,0.988501594,0.967112029
HKG,2021/1/20,9,23,27,18,77,0.91396434,0.960703041,0.979187353,0.986068827,0.968089542
HKG,2021/1/21,15,20,15,20,70,0.91319225,0.96541822,0.979132951,0.98363606,0.969067055
HKG,2021/1/22,6,24,17,14,61,0.91242016,0.970133398,0.979078548,0.981203293,0.970044568
HKG,2021/1/23,5,29,30,17,81,0.91164807,0.974848577,0.979024146,0.978770526,0.971022081
HKG,2021/1/24,11,23,26,16,76,0.91087598,0.979563755,0.978969743,0.976337759,0.971999594
HKG,2021/1/25,7,20,23,23,73,0.91659354,0.969279035,0.979063057,0.974774217,0.968474574
HKG,2021/1/26,9,25,22,8,64,0.922311101,0.958994315,0.979156371,0.973210675,0.964949554
HKG,2021/1/27,9,22,13,16,60,0.928028661,0.948709595,0.979249685,0.971647134,0.961424534
HKG,2021/1/28,4,12,10,13,39,0.933746221,0.938424876,0.979342998,0.970083592,0.957899513
HKG,2021/1/29,7,14,17,12,50,0.939463781,0.928140156,0.979436312,0.96852005,0.954374493
HKG,2021/1/30,3,10,11,4,28,0.945181342,0.917855436,0.979529626,0.966956508,0.950849473
HKG,2021/1/31,5,21,18,9,53,0.950898902,0.907570716,0.97962294,0.965392967,0.947324453
HKG,2021/2/1,5,14,9,6,34,0.947448034,0.913805673,0.97964341,0.963829425,0.949570727
HKG,2021/2/2,7,10,5,3,25,0.943997167,0.92004063,0.979663881,0.962265883,0.951817002
HKG,2021/2/3,3,9,5,2,19,0.940546299,0.926275587,0.979684351,0.960702341,0.954063276
HKG,2021/2/4,4,8,5,5,22,0.937095431,0.932510543,0.979704821,0.959138799,0.95630955
HKG,2021/2/5,5,19,10,3,37,0.933644563,0.9387455,0.979725291,0.957575258,0.958555824
HKG,2021/2/6,5,8,4,2,19,0.930193696,0.944980457,0.979745762,0.956011716,0.960802099
HKG,2021/2/7,3,12,9,3,27,0.926742828,0.951215414,0.979766232,0.954448174,0.963048373
HKG,2021/2/8,6,10,10,6,32,0.926731005,0.952873975,0.977629593,0.952343388,0.962188668
HKG,2021/2/9,6,9,6,5,26,0.926719181,0.954532537,0.975492955,0.950238603,0.961328962
HKG,2021/2/10,1,4,8,4,17,0.926707358,0.956191098,0.973356316,0.948133817,0.960469257
HKG,2021/2/11,1,6,6,8,21,0.926695534,0.957849659,0.971219677,0.946029032,0.959609552
HKG,2021/2/12,3,11,6,4,24,0.926683711,0.95950822,0.969083038,0.943924246,0.958749847
HKG,2021/2/13,0,5,1,6,12,0.926671887,0.961166782,0.9669464,0.941819461,0.957890141
HKG,2021/2/14,0,9,1,2,12,0.926660064,0.962825343,0.964809761,0.939714675,0.957030436
HKG,2021/2/15,0,5,2,2,9,0.926660064,0.962400893,0.967290544,0.946389028,0.959580261
HKG,2021/2/16,1,5,1,1,8,0.926660064,0.961976442,0.969771327,0.953063382,0.962130087
HKG,2021/2/17,0,8,5,3,16,0.926660064,0.961551992,0.97225211,0.959737735,0.964679912
HKG,2021/2/18,2,1,4,1,8,0.926660064,0.961127541,0.974732894,0.966412089,0.967229737
HKG,2021/2/19,1,10,2,0,13,0.926660064,0.960703091,0.977213677,0.973086442,0.969779562
HKG,2021/2/20,0,6,5,4,15,0.926660064,0.96027864,0.97969446,0.979760796,0.972329388
HKG,2021/2/21,4,6,2,8,20,0.926660064,0.95985419,0.982175243,0.986435149,0.974879213
HKG,2021/2/22,1,3,7,5,16,0.926660064,0.958052606,0.98112204,0.988132175,0.973912462
HKG,2021/2/23,3,7,0,2,12,0.926660064,0.956251022,0.980068837,0.989829201,0.972945712
HKG,2021/2/24,0,5,4,8,17,0.926660064,0.954449438,0.979015634,0.991526227,0.971978961
HKG,2021/2/25,1,3,7,2,13,0.926660064,0.952647853,0.97796243,0.993223254,0.97101221
HKG,2021/2/26,3,6,12,3,24,0.926660064,0.950846269,0.976909227,0.99492028,0.970045459
HKG,2021/2/27,1,8,17,7,33,0.926660064,0.949044685,0.975856024,0.996617306,0.969078709
HKG,2021/2/28,3,12,5,2,22,0.926660064,0.947243101,0.974802821,0.998314332,0.968111958
HKG,2021/3/1,1,8,5,0,14,0.926660064,0.950056461,0.975364722,0.991852427,0.968468017
HKG,2021/3/2,1,7,1,4,13,0.926660064,0.95286982,0.975926622,0.985390521,0.968824076
HKG,2021/3/3,1,7,4,2,14,0.926660064,0.95568318,0.976488523,0.978928616,0.969180135
HKG,2021/3/4,1,4,1,3,9,0.926660064,0.95849654,0.977050424,0.97246671,0.969536193
HKG,2021/3/5,2,5,3,1,11,0.926660064,0.9613099,0.977612325,0.966004805,0.969892252
HKG,2021/3/6,1,1,5,1,8,0.926660064,0.964123259,0.978174225,0.959542899,0.970248311
HKG,2021/3/7,3,3,7,3,16,0.926660064,0.966936619,0.978736126,0.953080994,0.97060437
HKG,2021/3/8,1,5,3,0,9,0.926660064,0.967195258,0.978344812,0.957538868,0.971161214
HKG,2021/3/9,3,11,7,0,21,0.926660064,0.967453896,0.977953497,0.961996742,0.971718058
HKG,2021/3/10,0,5,2,1,8,0.926660064,0.967712535,0.977562183,0.966454616,0.972274902
HKG,2021/3/11,1,10,9,2,22,0.926660064,0.967971174,0.977170869,0.970912489,0.972831747
HKG,2021/3/12,2,36,19,3,60,0.926660064,0.968229813,0.976779555,0.975370363,0.973388591
HKG,2021/3/13,1,30,11,4,46,0.926660064,0.968488451,0.97638824,0.979828237,0.973945435
HKG,2021/3/14,2,12,5,4,23,0.926660064,0.96874709,0.975996926,0.984286111,0.974502279
HKG,2021/3/15,4,13,11,2,30,0.926660064,0.965350532,0.975582144,0.984248159,0.973133709
HKG,2021/3/16,3,8,6,1,18,0.926660064,0.961953974,0.975167363,0.984210207,0.971765139
HKG,2021/3/17,3,5,3,0,11,0.926660064,0.958557416,0.974752581,0.984172255,0.970396569
HKG,2021/3/18,1,6,3,0,10,0.926660064,0.955160858,0.9743378,0.984134302,0.969028
HKG,2021/3/19,1,2,5,4,12,0.926660064,0.9517643,0.973923018,0.98409635,0.96765943
HKG,2021/3/20,1,2,4,1,8,0.926660064,0.948367742,0.973508237,0.984058398,0.96629086
HKG,2021/3/21,1,3,2,2,8,0.926660064,0.944971184,0.973093455,0.984020446,0.96492229
HKG,2021/3/22,0,10,7,1,18,0.926660064,0.945303336,0.975310554,0.981171468,0.965489289
HKG,2021/3/23,1,7,3,1,12,0.926660064,0.945635488,0.977527653,0.978322491,0.966056289
HKG,2021/3/24,2,4,4,0,10,0.926660064,0.94596764,0.979744752,0.975473513,0.966623288
HKG,2021/3/25,3,3,3,0,9,0.926660064,0.946299791,0.98196185,0.972624535,0.967190288
HKG,2021/3/26,1,6,4,0,11,0.926660064,0.946631943,0.984178949,0.969775557,0.967757287
HKG,2021/3/27,0,4,2,0,6,0.926660064,0.946964095,0.986396048,0.96692658,0.968324287
HKG,2021/3/28,0,1,0,0,1,0.926660064,0.947296247,0.988613147,0.964077602,0.968891286
HKG,2021/3/29,0,7,1,0,8,0.926660064,0.947296247,0.988613147,0.964077602,0.968891286
HKG,2021/3/30,0,4,3,0,7,0.926660064,0.947296247,0.988613147,0.964077602,0.968891286
HKG,2021/3/31,0,3,3,0,6,0.926660064,0.947296247,0.988613147,0.964077602,0.968891286
JPN,2020/2/1,0,1,2,0,3,0.801874943,0.72131292,0.664769404,0.688690374,0.69195751
JPN,2020/2/2,0,0,0,0,0,0.801874943,0.72131292,0.664769404,0.688690374,0.69195751
JPN,2020/2/3,0,0,0,0,0,0.801874943,0.72131292,0.664769404,0.688690374,0.69195751
JPN,2020/2/4,0,2,2,0,4,0.801874943,0.72131292,0.664769404,0.688690374,0.69195751
JPN,2020/2/5,0,0,2,0,2,0.801874943,0.72131292,0.664769404,0.688690374,0.69195751
JPN,2020/2/6,0,0,0,0,0,0.801874943,0.72131292,0.664769404,0.688690374,0.69195751
JPN,2020/2/7,0,1,0,0,1,0.801874943,0.72131292,0.664769404,0.688690374,0.69195751
JPN,2020/2/8,0,0,0,0,0,0.801874943,0.72131292,0.664769404,0.688690374,0.69195751
JPN,2020/2/9,0,0,0,0,0,0.801874943,0.72131292,0.664769404,0.688690374,0.69195751
JPN,2020/2/10,0,0,2,0,2,0.801874943,0.72131292,0.664769404,0.688690374,0.69195751
JPN,2020/2/11,0,0,1,0,1,0.801874943,0.72131292,0.664769404,0.688690374,0.69195751
JPN,2020/2/12,0,0,0,0,0,0.801874943,0.72131292,0.664769404,0.688690374,0.69195751
JPN,2020/2/13,0,1,1,2,4,0.801874943,0.72131292,0.664769404,0.688690374,0.69195751
JPN,2020/2/14,0,1,2,5,8,0.801874943,0.72131292,0.664769404,0.688690374,0.69195751
JPN,2020/2/15,0,0,6,6,12,0.801874943,0.72131292,0.664769404,0.688690374,0.69195751
JPN,2020/2/16,0,2,0,4,6,0.801874943,0.72131292,0.664769404,0.688690374,0.69195751
JPN,2020/2/17,0,0,5,2,7,0.801874943,0.72131292,0.664769404,0.688690374,0.69195751
JPN,2020/2/18,1,2,2,5,10,0.801874943,0.72131292,0.664769404,0.688690374,0.69195751
JPN,2020/2/19,0,0,3,6,9,0.801874943,0.72131292,0.664769404,0.688690374,0.69195751
JPN,2020/2/20,0,1,1,7,9,0.801874943,0.72131292,0.664769404,0.688690374,0.69195751
JPN,2020/2/21,3,4,4,5,16,0.801874943,0.72131292,0.664769404,0.688690374,0.69195751
JPN,2020/2/22,2,2,11,11,26,0.801874943,0.72131292,0.664769404,0.688690374,0.69195751
JPN,2020/2/23,0,4,1,5,10,0.801874943,0.72131292,0.664769404,0.688690374,0.69195751
JPN,2020/2/24,0,2,8,2,12,0.801874943,0.72131292,0.664769404,0.688690374,0.69195751
JPN,2020/2/25,0,2,4,9,15,0.801874943,0.72131292,0.664769404,0.688690374,0.69195751
JPN,2020/2/26,0,0,5,11,16,0.801874943,0.72131292,0.664769404,0.688690374,0.69195751
JPN,2020/2/27,2,4,10,9,25,0.801874943,0.72131292,0.664769404,0.688690374,0.69195751
JPN,2020/2/28,2,2,4,12,20,0.801874943,0.72131292,0.664769404,0.688690374,0.69195751
JPN,2020/2/29,0,3,0,5,8,0.801874943,0.72131292,0.664769404,0.688690374,0.69195751
JPN,2020/3/1,0,2,7,5,14,0.801874943,0.72131292,0.664769404,0.688690374,0.69195751
JPN,2020/3/2,0,1,8,4,13,0.801874943,0.72131292,0.664769404,0.688690374,0.69195751
JPN,2020/3/3,0,4,6,10,20,0.801874943,0.72131292,0.664769404,0.688690374,0.69195751
JPN,2020/3/4,1,6,15,14,36,0.801874943,0.72131292,0.664769404,0.688690374,0.69195751
JPN,2020/3/5,3,7,11,15,36,0.801874943,0.72131292,0.664769404,0.688690374,0.69195751
JPN,2020/3/6,1,12,16,27,56,0.801874943,0.72131292,0.664769404,0.688690374,0.69195751
JPN,2020/3/7,0,5,16,17,38,0.801874943,0.72131292,0.664769404,0.688690374,0.69195751
JPN,2020/3/8,0,6,15,16,37,0.801874943,0.72131292,0.664769404,0.688690374,0.69195751
JPN,2020/3/9,1,4,8,13,26,0.801874943,0.72131292,0.664769404,0.688690374,0.69195751
JPN,2020/3/10,0,17,23,27,67,0.801874943,0.72131292,0.664769404,0.688690374,0.69195751
JPN,2020/3/11,2,13,20,22,57,0.801874943,0.72131292,0.664769404,0.688690374,0.69195751
JPN,2020/3/12,1,9,11,23,44,0.801874943,0.72131292,0.664769404,0.688690374,0.69195751
JPN,2020/3/13,3,6,14,17,40,0.801874943,0.72131292,0.664769404,0.688690374,0.69195751
JPN,2020/3/14,1,13,19,21,54,0.801874943,0.72131292,0.664769404,0.688690374,0.69195751
JPN,2020/3/15,2,4,10,14,30,0.801874943,0.72131292,0.664769404,0.688690374,0.69195751
JPN,2020/3/16,1,2,7,9,19,0.801874943,0.72131292,0.664769404,0.688690374,0.69195751
JPN,2020/3/17,0,10,20,14,44,0.801874943,0.72131292,0.664769404,0.688690374,0.69195751
JPN,2020/3/18,1,14,15,13,43,0.801874943,0.72131292,0.664769404,0.688690374,0.69195751
JPN,2020/3/19,1,13,15,17,46,0.801874943,0.72131292,0.664769404,0.688690374,0.69195751
JPN,2020/3/20,1,12,9,23,45,0.801874943,0.72131292,0.664769404,0.688690374,0.69195751
JPN,2020/3/21,0,8,20,15,43,0.801874943,0.72131292,0.664769404,0.688690374,0.69195751
JPN,2020/3/22,1,11,16,15,43,0.801874943,0.72131292,0.664769404,0.688690374,0.69195751
JPN,2020/3/23,0,8,15,15,38,0.801874943,0.72131292,0.664769404,0.688690374,0.69195751
JPN,2020/3/24,2,24,27,27,80,0.801874943,0.72131292,0.664769404,0.688690374,0.69195751
JPN,2020/3/25,2,20,35,32,89,0.801874943,0.72131292,0.664769404,0.688690374,0.69195751
JPN,2020/3/26,4,28,33,33,98,0.801874943,0.72131292,0.664769404,0.688690374,0.69195751
JPN,2020/3/27,3,43,47,32,125,0.801874943,0.72131292,0.664769404,0.688690374,0.69195751
JPN,2020/3/28,5,65,64,69,203,0.801874943,0.72131292,0.664769404,0.688690374,0.69195751
JPN,2020/3/29,4,73,49,33,159,0.801874943,0.72131292,0.664769404,0.688690374,0.69195751
JPN,2020/3/30,7,66,41,31,145,0.801874943,0.72131292,0.664769404,0.688690374,0.69195751
JPN,2020/3/31,9,102,74,50,235,0.830178522,0.721095042,0.677428203,0.702080359,0.702773067
JPN,2020/4/1,19,109,97,50,275,0.858482102,0.720877164,0.690087002,0.715470344,0.713588623
JPN,2020/4/2,15,103,102,71,291,0.886785682,0.720659285,0.702745802,0.728860329,0.72440418
JPN,2020/4/3,9,151,112,71,343,0.915089261,0.720441407,0.715404601,0.742250313,0.735219737
JPN,2020/4/4,18,149,126,97,390,0.943392841,0.720223529,0.7280634,0.755640298,0.746035294
JPN,2020/4/5,5,125,98,69,297,0.97169642,0.720005651,0.740722199,0.769030283,0.75685085
JPN,2020/4/6,6,96,95,63,260,1,0.719787773,0.753380998,0.782420268,0.767666407
JPN,2020/4/7,17,164,182,110,473,0.996189612,0.72509426,0.756898877,0.78801698,0.771630111
JPN,2020/4/8,17,189,169,100,475,0.992379223,0.730400748,0.760416756,0.793613692,0.775593815
JPN,2020/4/9,41,204,209,177,631,0.988568835,0.735707236,0.763934634,0.799210404,0.779557518
JPN,2020/4/10,19,223,238,156,636,0.984758446,0.741013724,0.767452513,0.804807115,0.783521222
JPN,2020/4/11,30,219,259,183,691,0.980948058,0.746320211,0.770970392,0.810403827,0.787484926
JPN,2020/4/12,25,132,141,158,456,0.977137669,0.751626699,0.774488271,0.816000539,0.79144863
JPN,2020/4/13,9,104,119,80,312,0.973327281,0.756933187,0.77800615,0.821597251,0.795412334
JPN,2020/4/14,21,172,203,126,522,0.969516892,0.762239675,0.781524029,0.827193963,0.799376037
JPN,2020/4/15,25,161,206,183,575,0.965706504,0.767546162,0.785041907,0.832790675,0.803339741
JPN,2020/4/16,24,179,190,136,529,0.961896115,0.77285265,0.788559786,0.838387387,0.807303445
JPN,2020/4/17,16,176,193,175,560,0.958085727,0.778159138,0.792077665,0.843984099,0.811267149
JPN,2020/4/18,22,150,178,211,561,0.954275338,0.783465626,0.795595544,0.849580811,0.815230853
JPN,2020/4/19,12,97,114,108,331,0.95046495,0.788772114,0.799113423,0.855177523,0.819194557
JPN,2020/4/20,10,107,104,137,358,0.946654561,0.794078601,0.802631302,0.860774235,0.82315826
JPN,2020/4/21,11,130,140,122,403,0.942844173,0.799385089,0.80614918,0.866370947,0.827121964
JPN,2020/4/22,29,113,120,145,407,0.939033784,0.804691577,0.809667059,0.871967659,0.831085668
JPN,2020/4/23,21,107,127,154,409,0.935223396,0.809998065,0.813184938,0.877564371,0.835049372
JPN,2020/4/24,18,132,121,122,393,0.931413007,0.815304552,0.816702817,0.883161083,0.839013076
JPN,2020/4/25,11,77,90,117,295,0.927602619,0.82061104,0.820220696,0.888757795,0.842976779
JPN,2020/4/26,13,47,70,77,207,0.92379223,0.825917528,0.823738575,0.894354506,0.846940483
JPN,2020/4/27,11,52,53,55,171,0.919981842,0.831224016,0.827256453,0.899951218,0.850904187
JPN,2020/4/28,14,71,74,132,291,0.911519898,0.833667227,0.833151389,0.90276367,0.856534263
JPN,2020/4/29,11,62,55,84,212,0.903057955,0.836110439,0.839046325,0.905576122,0.86216434
JPN,2020/4/30,4,50,47,78,179,0.894596011,0.83855365,0.844941261,0.908388574,0.867794416
JPN,2020/5/1,8,75,56,149,288,0.886134068,0.840996862,0.850836197,0.911201025,0.873424493
JPN,2020/5/2,15,90,87,107,299,0.877672124,0.843440073,0.856731132,0.914013477,0.879054569
JPN,2020/5/3,8,56,61,60,185,0.869210181,0.845883285,0.862626068,0.916825929,0.884684646
JPN,2020/5/4,1,44,35,71,151,0.860748237,0.848326496,0.868521004,0.919638381,0.890314722
JPN,2020/5/5,5,39,30,42,116,0.852286293,0.84297202,0.874060985,0.919614581,0.890295347
JPN,2020/5/6,0,28,23,45,96,0.84382435,0.837617544,0.879600965,0.919590782,0.890275972
JPN,2020/5/7,1,21,26,36,84,0.835362406,0.832263068,0.885140946,0.919566983,0.890256596
JPN,2020/5/8,3,38,26,28,95,0.826900463,0.826908592,0.890680926,0.919543184,0.890237221
JPN,2020/5/9,4,39,28,40,111,0.818438519,0.821554117,0.896220907,0.919519385,0.890217846
JPN,2020/5/10,4,23,11,29,67,0.809976575,0.816199641,0.901760887,0.919495585,0.89019847
JPN,2020/5/11,1,10,7,16,34,0.801514632,0.810845165,0.907300867,0.919471786,0.890179095
JPN,2020/5/12,5,20,12,38,75,0.793052688,0.817797757,0.899528868,0.916644524,0.886646933
JPN,2020/5/13,6,19,21,31,77,0.784590745,0.824750349,0.891756869,0.913817261,0.883114771
JPN,2020/5/14,3,24,6,28,61,0.776128801,0.831702941,0.883984869,0.910989999,0.87958261
JPN,2020/5/15,4,17,14,25,60,0.767666858,0.838655533,0.87621287,0.908162737,0.876050448
JPN,2020/5/16,2,19,13,8,42,0.759204914,0.845608125,0.86844087,0.905335474,0.872518286
JPN,2020/5/17,1,6,5,12,24,0.75074297,0.852560717,0.860668871,0.902508212,0.868986124
JPN,2020/5/18,0,11,1,9,21,0.742281027,0.859513309,0.852896871,0.89968095,0.865453963
JPN,2020/5/19,3,11,18,13,45,0.746883151,0.852882487,0.858996425,0.905626969,0.871010984
JPN,2020/5/20,2,8,12,9,31,0.751485276,0.846251664,0.865095979,0.911572987,0.876568006
JPN,2020/5/21,3,11,8,13,35,0.7560874,0.839620842,0.871195532,0.917519006,0.882125028
JPN,2020/5/22,1,11,4,14,30,0.760689525,0.83299002,0.877295086,0.923465025,0.887682049
JPN,2020/5/23,1,9,5,8,23,0.765291649,0.826359198,0.88339464,0.929411044,0.893239071
JPN,2020/5/24,2,10,6,11,29,0.769893774,0.819728375,0.889494194,0.935357063,0.898796093
JPN,2020/5/25,3,9,6,8,26,0.774495899,0.813097553,0.895593747,0.941303082,0.904353114
JPN,2020/5/26,1,10,3,6,20,0.779098023,0.814538741,0.891374311,0.939796198,0.901958618
JPN,2020/5/27,4,15,9,17,45,0.783700148,0.81597993,0.887154874,0.938289315,0.899564123
JPN,2020/5/28,7,22,10,7,46,0.788302272,0.817421118,0.882935437,0.936782431,0.897169627
JPN,2020/5/29,8,30,20,27,85,0.792904397,0.818862307,0.878716001,0.935275547,0.894775131
JPN,2020/5/30,1,21,8,12,42,0.797506521,0.820303495,0.874496564,0.933768663,0.892380636
JPN,2020/5/31,8,9,2,6,25,0.802108646,0.821744684,0.870277128,0.93226178,0.88998614
JPN,2020/6/1,1,20,8,7,36,0.80671077,0.823185873,0.866057691,0.930754896,0.887591644
JPN,2020/6/2,2,18,8,22,50,0.811312895,0.824627061,0.861838254,0.929248012,0.885197149
JPN,2020/6/3,1,13,7,8,29,0.815915019,0.82606825,0.857618818,0.927741128,0.882802653
JPN,2020/6/4,2,26,8,18,54,0.820517144,0.827509438,0.853399381,0.926234245,0.880408157
JPN,2020/6/5,2,23,10,11,46,0.825119268,0.828950627,0.849179944,0.924727361,0.878013662
JPN,2020/6/6,1,25,7,6,39,0.829721393,0.830391815,0.844960508,0.923220477,0.875619166
JPN,2020/6/7,3,7,10,10,30,0.834323517,0.831833004,0.840741071,0.921713594,0.87322467
JPN,2020/6/8,0,15,6,4,25,0.838925642,0.833274192,0.836521634,0.92020671,0.870830175
JPN,2020/6/9,8,15,10,8,41,0.843527766,0.829480171,0.840657436,0.922379522,0.869170097
JPN,2020/6/10,2,18,6,11,37,0.848129891,0.82568615,0.844793238,0.924552335,0.86751002
JPN,2020/6/11,1,23,3,17,44,0.852732015,0.821892128,0.84892904,0.926725147,0.865849943
JPN,2020/6/12,1,37,9,6,53,0.85733414,0.818098107,0.853064842,0.92889796,0.864189865
JPN,2020/6/13,2,21,4,13,40,0.861936264,0.814304086,0.857200644,0.931070772,0.862529788
JPN,2020/6/14,9,43,8,10,70,0.866538389,0.810510065,0.861336446,0.933243585,0.86086971
JPN,2020/6/15,4,5,7,8,24,0.871140513,0.806716044,0.865472248,0.935416397,0.859209633
JPN,2020/6/16,2,31,8,7,48,0.875742638,0.807544949,0.867746248,0.925935095,0.859285819
JPN,2020/6/17,2,18,8,10,38,0.880344762,0.808373854,0.870020248,0.916453792,0.859362004
JPN,2020/6/18,3,38,10,15,66,0.884946887,0.809202759,0.872294247,0.90697249,0.85943819
JPN,2020/6/19,6,33,11,9,59,0.889549012,0.810031664,0.874568247,0.897491187,0.859514376
JPN,2020/6/20,3,45,12,3,63,0.894151136,0.81086057,0.876842247,0.888009884,0.859590562
JPN,2020/6/21,4,41,4,3,52,0.898753261,0.811689475,0.879116247,0.878528582,0.859666747
JPN,2020/6/22,3,25,11,5,44,0.903355385,0.81251838,0.881390247,0.869047279,0.859742933
JPN,2020/6/23,4,32,11,14,61,0.90795751,0.790535395,0.879084914,0.878911263,0.858547626
JPN,2020/6/24,13,52,22,12,99,0.912559634,0.76855241,0.87677958,0.888775247,0.85735232
JPN,2020/6/25,7,41,18,12,78,0.917161759,0.746569425,0.874474247,0.89863923,0.856157013
JPN,2020/6/26,4,69,16,7,96,0.921763883,0.72458644,0.872168914,0.908503214,0.854961706
JPN,2020/6/27,4,59,21,15,99,0.926366008,0.702603455,0.869863581,0.918367198,0.8537664
JPN,2020/6/28,2,68,23,10,103,0.930968132,0.68062047,0.867558248,0.928231181,0.852571093
JPN,2020/6/29,6,72,19,23,120,0.935570257,0.658637486,0.865252915,0.938095165,0.851375786
JPN,2020/6/30,17,74,34,13,138,0.940172381,0.691368925,0.862774156,0.934652179,0.854350602
JPN,2020/7/1,7,92,22,13,134,0.944774506,0.724100364,0.860295396,0.931209194,0.857325418
JPN,2020/7/2,13,118,39,25,195,0.94937663,0.756831803,0.857816636,0.927766208,0.860300234
JPN,2020/7/3,9,173,44,21,247,0.953978755,0.789563243,0.855337877,0.924323223,0.86327505
JPN,2020/7/4,15,184,41,19,259,0.958580879,0.822294682,0.852859117,0.920880238,0.866249866
JPN,2020/7/5,21,118,40,15,194,0.963183004,0.855026121,0.850380358,0.917437252,0.869224682
JPN,2020/7/6,9,114,41,15,179,0.967785128,0.887757561,0.847901598,0.913994267,0.872199497
JPN,2020/7/7,21,121,44,17,203,0.972387253,0.885390154,0.849531416,0.918746514,0.873817016
JPN,2020/7/8,21,112,45,9,187,0.976989377,0.883022746,0.851161234,0.923498761,0.875434534
JPN,2020/7/9,38,251,56,25,370,0.981591502,0.880655339,0.852791051,0.928251008,0.877052052
JPN,2020/7/10,29,269,87,39,424,0.986193626,0.878287932,0.854420869,0.933003255,0.87866957
JPN,2020/7/11,34,244,80,35,393,0.990795751,0.875920525,0.856050686,0.937755502,0.880287088
JPN,2020/7/12,51,206,64,37,358,0.995397875,0.873553118,0.857680504,0.942507749,0.881904606
JPN,2020/7/13,20,167,66,22,275,1,0.871185711,0.859310322,0.947259996,0.883522124
JPN,2020/7/14,25,207,75,30,337,0.969608402,0.874120356,0.86651506,0.942842882,0.886657722
JPN,2020/7/15,46,262,100,49,457,0.939216805,0.877055001,0.873719798,0.938425769,0.889793319
JPN,2020/7/16,51,372,121,59,603,0.908825207,0.879989645,0.880924536,0.934008655,0.892928916
JPN,2020/7/17,32,407,139,64,642,0.878433609,0.88292429,0.888129274,0.929591542,0.896064513
JPN,2020/7/18,48,368,127,73,616,0.848042012,0.885858935,0.895334012,0.925174429,0.89920011
JPN,2020/7/19,41,288,95,43,467,0.817650414,0.888793579,0.90253875,0.920757315,0.902335708
JPN,2020/7/20,21,275,119,66,481,0.787258816,0.891728224,0.909743488,0.916340202,0.905471305
JPN,2020/7/21,38,392,156,56,642,0.788992193,0.89521754,0.904978135,0.910641293,0.902900746
JPN,2020/7/22,63,500,174,83,820,0.790725569,0.898706855,0.900212782,0.904942384,0.900330187
JPN,2020/7/23,74,546,185,101,906,0.792458945,0.90219617,0.895447429,0.899243474,0.897759629
JPN,2020/7/24,73,489,155,54,771,0.794192321,0.905685486,0.890682077,0.893544565,0.89518907
JPN,2020/7/25,85,464,210,74,833,0.795925698,0.909174801,0.885916724,0.887845656,0.892618511
JPN,2020/7/26,61,449,171,89,770,0.797659074,0.912664117,0.881151371,0.882146747,0.890047952
JPN,2020/7/27,44,345,193,99,681,0.79939245,0.916153432,0.876386018,0.876447838,0.887477394
JPN,2020/7/28,59,614,292,126,1091,0.801125826,0.910136192,0.877136974,0.881176042,0.886995504
JPN,2020/7/29,88,725,328,157,1298,0.802859202,0.904118951,0.87788793,0.885904246,0.886513615
JPN,2020/7/30,90,805,275,151,1321,0.804592579,0.89810171,0.878638885,0.890632449,0.886031726
JPN,2020/7/31,94,1041,355,174,1664,0.806325955,0.89208447,0.879389841,0.895360653,0.885549836
JPN,2020/8/1,115,834,290,170,1409,0.808059331,0.886067229,0.880140796,0.900088857,0.885067947
JPN,2020/8/2,95,679,270,151,1195,0.809792707,0.880049989,0.880891752,0.904817061,0.884586058
JPN,2020/8/3,87,541,248,143,1019,0.811526083,0.874032748,0.881642708,0.909545265,0.884104168
JPN,2020/8/4,95,673,298,182,1248,0.81325946,0.877242512,0.88216462,0.908285957,0.885045332
JPN,2020/8/5,106,732,327,225,1390,0.814992836,0.880452276,0.882686531,0.90702665,0.885986495
JPN,2020/8/6,111,756,356,231,1454,0.816726212,0.88366204,0.883208443,0.905767343,0.886927658
JPN,2020/8/7,143,903,415,318,1779,0.818459588,0.886871804,0.883730355,0.904508036,0.887868822
JPN,2020/8/8,200,735,353,214,1502,0.820192965,0.890081568,0.884252267,0.903248729,0.888809985
JPN,2020/8/9,101,561,267,208,1137,0.821926341,0.893291332,0.884774179,0.901989422,0.889751148
JPN,2020/8/10,58,324,188,161,731,0.823659717,0.896501096,0.885296091,0.900730115,0.890692312
JPN,2020/8/11,90,322,208,172,792,0.825393093,0.89971086,0.885818003,0.899470808,0.891633475
JPN,2020/8/12,90,479,276,229,1074,0.827126469,0.902920624,0.886339915,0.8982115,0.892574638
JPN,2020/8/13,118,453,317,298,1186,0.828859846,0.906130388,0.886861827,0.896952193,0.893515802
JPN,2020/8/14,125,610,342,290,1367,0.830593222,0.909340152,0.887383739,0.895692886,0.894456965
JPN,2020/8/15,84,507,302,243,1136,0.832326598,0.912549916,0.887905651,0.894433579,0.895398128
JPN,2020/8/16,93,366,237,183,879,0.834059974,0.91575968,0.888427563,0.893174272,0.896339292
JPN,2020/8/17,73,277,207,155,712,0.83579335,0.918969444,0.888949475,0.891914965,0.897280455
JPN,2020/8/18,97,427,280,236,1040,0.838399805,0.930545238,0.904813836,0.899635325,0.911954676
JPN,2020/8/19,86,453,318,276,1133,0.84100626,0.942121031,0.920678197,0.907355684,0.926628896
JPN,2020/8/20,100,462,300,264,1126,0.843612715,0.953696825,0.936542557,0.915076044,0.941303117
JPN,2020/8/21,80,442,296,202,1020,0.846219169,0.965272619,0.952406918,0.922796404,0.955977338
JPN,2020/8/22,66,412,225,176,879,0.848825624,0.976848413,0.968271279,0.930516763,0.970651559
JPN,2020/8/23,57,276,182,172,687,0.851432079,0.988424206,0.984135639,0.938237123,0.985325779
JPN,2020/8/24,47,213,151,123,534,0.854038534,1,1,0.945957482,1
JPN,2020/8/25,60,299,249,141,749,0.856644988,0.976810912,0.986017481,0.953677842,0.985766582
JPN,2020/8/26,68,389,212,224,893,0.859251443,0.953621823,0.972034963,0.961398202,0.971533165
JPN,2020/8/27,88,347,202,189,826,0.861857898,0.930432735,0.958052444,0.969118561,0.957299747
JPN,2020/8/28,95,349,254,203,901,0.864464353,0.907243646,0.944069926,0.976838921,0.94306633
JPN,2020/8/29,83,318,210,189,800,0.867070807,0.884054558,0.930087407,0.984559281,0.928832912
JPN,2020/8/30,43,197,141,139,520,0.869677262,0.860865469,0.916104889,0.99227964,0.914599495
JPN,2020/8/31,48,185,116,105,454,0.872283717,0.837676381,0.90212237,1,0.900366077
JPN,2020/9/1,47,263,166,160,636,0.874890172,0.832753876,0.90318438,0.989817438,0.898536172
JPN,2020/9/2,56,249,190,159,654,0.877496627,0.827831371,0.90424639,0.979634876,0.896706267
JPN,2020/9/3,51,226,172,144,593,0.880103081,0.822908866,0.905308399,0.969452314,0.894876363
JPN,2020/9/4,52,231,176,148,607,0.882709536,0.817986361,0.906370409,0.959269752,0.893046458
JPN,2020/9/5,39,172,131,110,452,0.885315991,0.813063857,0.907432419,0.94908719,0.891216553
JPN,2020/9/6,24,108,82,69,283,0.887922446,0.808141352,0.908494428,0.938904629,0.889386648
JPN,2020/9/7,44,197,150,126,517,0.8905289,0.803218847,0.909556438,0.928722067,0.887556743
JPN,2020/9/8,44,196,149,125,514,0.893135355,0.806786864,0.911106381,0.924206975,0.887865091
JPN,2020/9/9,70,282,203,141,696,0.89574181,0.810354882,0.912656324,0.919691883,0.888173439
JPN,2020/9/10,63,253,182,127,625,0.898348265,0.8139229,0.914206267,0.915176791,0.888481787
JPN,2020/9/11,63,253,182,127,625,0.900954719,0.817490917,0.91575621,0.910661699,0.888790135
JPN,2020/9/12,44,177,128,89,438,0.903561174,0.821058935,0.917306154,0.906146608,0.889098483
JPN,2020/9/13,26,105,75,52,258,0.906167629,0.824626953,0.918856097,0.901631516,0.889406831
JPN,2020/9/14,52,208,149,104,513,0.908774084,0.82819497,0.92040604,0.897116424,0.889715179
JPN,2020/9/15,54,217,156,108,535,0.911380538,0.831762988,0.921955983,0.892601332,0.890023527
JPN,2020/9/16,53,206,152,110,521,0.913986993,0.835331006,0.923505926,0.88808624,0.890331875
JPN,2020/9/17,62,238,176,127,603,0.916593448,0.838899023,0.925055869,0.883571149,0.890640223
JPN,2020/9/18,66,253,187,136,642,0.919199903,0.842467041,0.926605813,0.879056057,0.890948571
JPN,2020/9/19,52,200,148,107,507,0.921806357,0.846035059,0.928155756,0.874540965,0.891256919
JPN,2020/9/20,34,130,96,70,330,0.924412812,0.849603076,0.929705699,0.870025873,0.891565267
JPN,2020/9/21,35,134,99,72,340,0.927019267,0.853171094,0.931255642,0.865510781,0.891873615
JPN,2020/9/22,25,96,71,52,244,0.929625722,0.858211546,0.926218456,0.854636431,0.890076438
JPN,2020/9/23,37,162,125,86,410,0.932232176,0.863251999,0.92118127,0.84376208,0.888279261
JPN,2020/9/24,45,195,151,103,494,0.934838631,0.868292451,0.916144083,0.83288773,0.886482084
JPN,2020/9/25,50,218,168,115,551,0.937445086,0.873332904,0.911106897,0.82201338,0.884684907
JPN,2020/9/26,38,164,126,86,414,0.940051541,0.878373356,0.906069711,0.811139029,0.88288773
JPN,2020/9/27,23,102,78,54,257,0.942657995,0.883413809,0.901032525,0.800264679,0.881090553
JPN,2020/9/28,41,180,139,95,455,0.94526445,0.888454261,0.895995338,0.789390328,0.879293376
JPN,2020/9/29,45,195,151,103,494,0.947870905,0.891835581,0.902911293,0.806459301,0.885021195
JPN,2020/9/30,54,255,174,128,611,0.95047736,0.8952169,0.909827247,0.823528274,0.890749014
JPN,2020/10/1,47,222,151,112,532,0.953083814,0.89859822,0.916743201,0.840597246,0.896476833
JPN,2020/10/2,49,230,157,116,552,0.955690269,0.901979539,0.923659155,0.857666219,0.902204653
JPN,2020/10/3,35,164,112,83,394,0.958296724,0.905360859,0.930575109,0.874735192,0.907932472
JPN,2020/10/4,23,111,75,56,265,0.960903179,0.908742178,0.937491063,0.891804164,0.913660291
JPN,2020/10/5,43,202,138,102,485,0.963509633,0.912123497,0.944407017,0.908873137,0.91938811
JPN,2020/10/6,44,208,142,105,499,0.966116088,0.901700922,0.936767457,0.917662941,0.915396512
JPN,2020/10/7,54,251,175,112,592,0.968722543,0.891278347,0.929127896,0.926452745,0.911404914
JPN,2020/10/8,52,241,168,107,568,0.971328998,0.880855771,0.921488336,0.93524255,0.907413315
JPN,2020/10/9,58,269,188,120,635,0.973935452,0.870433196,0.913848775,0.944032354,0.903421717
JPN,2020/10/10,38,177,123,79,417,0.976541907,0.860010621,0.906209215,0.952822158,0.899430119
JPN,2020/10/11,24,112,78,50,264,0.979148362,0.849588045,0.898569655,0.961611962,0.89543852
JPN,2020/10/12,43,199,139,89,470,0.981754817,0.83916547,0.890930094,0.970401766,0.891446922
JPN,2020/10/13,48,224,156,100,528,0.984361271,0.844734917,0.901590125,0.965734594,0.898824614
JPN,2020/10/14,65,267,203,140,675,0.986967726,0.850304363,0.912250156,0.961067422,0.906202306
JPN,2020/10/15,58,239,182,126,605,0.989574181,0.85587381,0.922910188,0.95640025,0.913579998
JPN,2020/10/16,56,231,176,121,584,0.992180636,0.861443256,0.933570219,0.951733077,0.92095769
JPN,2020/10/17,39,160,122,84,405,0.99478709,0.867012703,0.94423025,0.947065905,0.928335382
JPN,2020/10/18,28,116,88,61,293,0.997393545,0.872582149,0.954890281,0.942398733,0.935713074
JPN,2020/10/19,44,180,137,94,455,1,0.878151596,0.965550312,0.937731561,0.943090766
JPN,2020/10/20,57,235,179,124,595,0.994780935,0.873586771,0.959845757,0.931585792,0.936639957
JPN,2020/10/21,40,237,165,128,570,0.989561871,0.869021947,0.954141201,0.925440023,0.930189148
JPN,2020/10/22,50,295,206,160,711,0.984342806,0.864457123,0.948436646,0.919294254,0.923738339
JPN,2020/10/23,47,279,194,151,671,0.979123741,0.859892298,0.94273209,0.913148485,0.917287529
JPN,2020/10/24,32,192,134,104,462,0.973904676,0.855327474,0.937027535,0.907002716,0.91083672
JPN,2020/10/25,27,160,111,86,384,0.968685612,0.85076265,0.93132298,0.900856947,0.904385911
JPN,2020/10/26,43,253,177,137,610,0.963466547,0.846197825,0.925618424,0.894711178,0.897935102
JPN,2020/10/27,48,286,199,155,688,0.958247482,0.843010178,0.923334636,0.900001577,0.896741113
JPN,2020/10/28,62,323,237,165,787,0.953028418,0.839822531,0.921050848,0.905291976,0.895547125
JPN,2020/10/29,60,311,228,159,758,0.947809353,0.836634883,0.918767059,0.910582375,0.894353136
JPN,2020/10/30,67,349,256,179,851,0.942590288,0.833447236,0.916483271,0.915872774,0.893159148
JPN,2020/10/31,47,243,179,125,594,0.937371223,0.830259589,0.914199483,0.921163173,0.891965159
JPN,2020/11/1,37,193,142,99,471,0.932152159,0.827071941,0.911915695,0.926453572,0.890771171
JPN,2020/11/2,67,347,255,178,847,0.926933094,0.823884294,0.909631907,0.931743971,0.889577182
JPN,2020/11/3,47,245,180,125,597,0.921714029,0.829021476,0.904398837,0.933155302,0.889890884
JPN,2020/11/4,78,359,257,199,893,0.916494965,0.834158659,0.899165767,0.934566633,0.890204586
JPN,2020/11/5,85,391,280,217,973,0.9112759,0.839295841,0.893932698,0.935977964,0.890518288
JPN,2020/11/6,97,444,318,246,1105,0.906056835,0.844433023,0.888699628,0.937389295,0.89083199
JPN,2020/11/7,71,325,233,180,809,0.90083777,0.849570206,0.883466559,0.938800625,0.891145692
JPN,2020/11/8,58,264,190,147,659,0.895618706,0.854707388,0.878233489,0.940211956,0.891459394
JPN,2020/11/9,96,439,315,244,1094,0.890399641,0.859844571,0.87300042,0.941623287,0.891773096
JPN,2020/11/10,115,527,378,293,1313,0.883759024,0.86034226,0.891143217,0.941508848,0.892575405
JPN,2020/11/11,124,547,432,327,1430,0.877118408,0.860839949,0.909286014,0.941394409,0.893377713
JPN,2020/11/12,128,567,448,339,1482,0.870477791,0.861337638,0.927428811,0.941279971,0.894180022
JPN,2020/11/13,131,578,456,346,1511,0.863837174,0.861835328,0.945571608,0.941165532,0.894982331
JPN,2020/11/14,108,478,377,286,1249,0.857196558,0.862333017,0.963714406,0.941051093,0.89578464
JPN,2020/11/15,72,317,250,190,829,0.850555941,0.862830706,0.981857203,0.940936654,0.896586949
JPN,2020/11/16,129,567,448,340,1484,0.843915324,0.863328396,1,0.940822215,0.897389258
JPN,2020/11/17,164,724,571,433,1892,0.837274708,0.863213701,0.99661648,0.940707776,0.897428538
JPN,2020/11/18,146,689,604,453,1892,0.830634091,0.863099007,0.993232959,0.940593337,0.897467818
JPN,2020/11/19,149,702,616,462,1929,0.823993475,0.862984312,0.989849439,0.940478899,0.897507098
JPN,2020/11/20,159,751,659,494,2063,0.817352858,0.862869617,0.986465919,0.94036446,0.897546377
JPN,2020/11/21,132,623,546,410,1711,0.810712241,0.862754923,0.983082398,0.940250021,0.897585657
JPN,2020/11/22,93,439,385,289,1206,0.804071625,0.862640228,0.979698878,0.940135582,0.897624937
JPN,2020/11/23,75,352,309,232,968,0.797431008,0.862525534,0.976315358,0.940021143,0.897664217
JPN,2020/11/24,118,558,490,367,1533,0.790790391,0.862410839,0.972931837,0.939906704,0.897703497
JPN,2020/11/25,180,675,565,498,1918,0.784149775,0.862296145,0.969548317,0.939792266,0.897742776
JPN,2020/11/26,180,677,566,500,1923,0.777509158,0.86218145,0.966164797,0.939677827,0.897782056
JPN,2020/11/27,192,722,604,533,2051,0.770868541,0.862066756,0.962781276,0.939563388,0.897821336
JPN,2020/11/28,147,554,463,409,1573,0.764227925,0.861952061,0.959397756,0.939448949,0.897860616
JPN,2020/11/29,102,385,322,284,1093,0.757587308,0.861837366,0.956014236,0.93933451,0.897899895
JPN,2020/11/30,145,543,454,401,1543,0.750946692,0.861722672,0.952630715,0.939220071,0.897939175
JPN,2020/12/1,174,652,546,482,1854,0.744306075,0.861607977,0.949247195,0.939105632,0.897978455
JPN,2020/12/2,179,657,557,512,1905,0.737665458,0.861493283,0.945863675,0.938991194,0.898017735
JPN,2020/12/3,174,637,539,496,1846,0.731024842,0.861378588,0.942480154,0.938876755,0.898057015
JPN,2020/12/4,179,658,557,512,1906,0.724384225,0.861263894,0.939096634,0.938762316,0.898096294
JPN,2020/12/5,144,529,448,412,1533,0.717743608,0.861149199,0.935713114,0.938647877,0.898135574
JPN,2020/12/6,108,396,335,308,1147,0.711102992,0.861034505,0.932329594,0.938533438,0.898174854
JPN,2020/12/7,154,565,478,440,1637,0.704462375,0.86091981,0.928946073,0.938418999,0.898214134
JPN,2020/12/8,200,733,621,571,2125,0.697821758,0.860805115,0.925562553,0.93830456,0.898253414
JPN,2020/12/9,259,829,680,577,2345,0.691181142,0.860690421,0.922179033,0.938190122,0.898292693
JPN,2020/12/10,245,784,644,546,2219,0.684540525,0.860575726,0.918795512,0.938075683,0.898331973
JPN,2020/12/11,265,846,695,589,2395,0.677899909,0.860461032,0.915411992,0.937961244,0.898371253
JPN,2020/12/12,208,666,547,463,1884,0.671259292,0.860346337,0.912028472,0.937846805,0.898410533
JPN,2020/12/13,144,462,379,321,1306,0.664618675,0.860231643,0.908644951,0.937732366,0.898449812
JPN,2020/12/14,212,678,557,472,1919,0.657978059,0.860116948,0.905261431,0.937617927,0.898489092
JPN,2020/12/15,261,833,684,580,2358,0.667423412,0.860719445,0.896618725,0.938669419,0.898428684
JPN,2020/12/16,276,1063,849,729,2917,0.676868766,0.861321942,0.887976019,0.93972091,0.898368276
JPN,2020/12/17,243,938,749,644,2574,0.686314119,0.861924439,0.879333314,0.940772401,0.898307867
JPN,2020/12/18,262,1009,806,692,2769,0.695759473,0.862526936,0.870690608,0.941823892,0.898247459
JPN,2020/12/19,205,791,632,543,2171,0.705204826,0.863129433,0.862047902,0.942875383,0.898187051
JPN,2020/12/20,155,598,478,410,1641,0.714650179,0.86373193,0.853405196,0.943926874,0.898126643
JPN,2020/12/21,229,884,706,607,2426,0.724095533,0.864334427,0.844762491,0.944978365,0.898066234
JPN,2020/12/22,280,1079,862,741,2962,0.733540886,0.864936924,0.85101646,0.946029857,0.899974023
JPN,2020/12/23,284,1214,971,852,3321,0.74298624,0.865539421,0.857270429,0.947081348,0.901881811
JPN,2020/12/24,292,1250,999,877,3418,0.752431593,0.866141918,0.863524399,0.948132839,0.903789599
JPN,2020/12/25,295,1262,1009,886,3452,0.761876947,0.866744415,0.869778368,0.94918433,0.905697387
JPN,2020/12/26,223,953,762,668,2606,0.7713223,0.867346912,0.876032337,0.950235821,0.907605176
JPN,2020/12/27,182,777,621,545,2125,0.780767654,0.867949409,0.882286307,0.951287312,0.909512964
JPN,2020/12/28,275,1177,941,826,3219,0.790213007,0.868551906,0.888540276,0.952338804,0.911420752
JPN,2020/12/29,294,1257,1005,882,3438,0.799658361,0.869154403,0.894794246,0.953390295,0.91332854
JPN,2020/12/30,337,1550,1145,889,3921,0.809103714,0.8697569,0.901048215,0.954441786,0.915236329
JPN,2020/12/31,242,1113,822,638,2815,0.818549068,0.870359397,0.907302184,0.955493277,0.917144117
JPN,2021/1/1,228,1047,773,600,2648,0.827994421,0.870961894,0.913556154,0.956544768,0.919051905
JPN,2021/1/2,234,1074,794,616,2718,0.837439775,0.871564391,0.919810123,0.957596259,0.920959693
JPN,2021/1/3,248,1142,843,655,2888,0.846885128,0.872166888,0.926064093,0.958647751,0.922867481
JPN,2021/1/4,368,1691,1249,969,4277,0.856330481,0.872769385,0.932318062,0.959699242,0.92477527
JPN,2021/1/5,451,2071,1529,1187,5238,0.876854698,0.867980008,0.92839338,0.948417984,0.91894274
JPN,2021/1/6,744,3038,2031,1459,7272,0.897378915,0.863190631,0.924468698,0.937136726,0.913110211
JPN,2021/1/7,774,3159,2112,1517,7562,0.917903132,0.858401254,0.920544015,0.925855468,0.907277681
JPN,2021/1/8,762,3111,2080,1494,7447,0.938427349,0.853611877,0.916619333,0.914574211,0.901445151
JPN,2021/1/9,595,2430,1625,1167,5817,0.958951566,0.8488225,0.912694651,0.903292953,0.895612622
JPN,2021/1/10,477,1946,1301,935,4659,0.979475783,0.844033123,0.908769969,0.892011695,0.889780092
JPN,2021/1/11,448,1827,1221,877,4373,1,0.839243746,0.904845286,0.880730438,0.883947563
JPN,2021/1/12,575,2348,1570,1128,5621,1,0.800775896,0.906482694,0.885916037,0.839093452
JPN,2021/1/13,702,2342,1819,1528,6391,1,0.762308045,0.908120103,0.891101637,0.794239342
JPN,2021/1/14,755,2518,1956,1643,6872,1,0.723840194,0.909757511,0.896287237,0.749385232
JPN,2021/1/15,741,2471,1920,1612,6744,1,0.685372343,0.911394919,0.901472837,0.704531121
JPN,2021/1/16,608,2028,1575,1323,5534,1,0.646904492,0.913032327,0.906658437,0.659677011
JPN,2021/1/17,520,1736,1349,1133,4738,1,0.608436641,0.914669735,0.911844037,0.614822901
JPN,2021/1/18,561,1872,1455,1222,5110,1,0.56996879,0.916307143,0.917029637,0.56996879
JPN,2021/1/19,584,1950,1514,1272,5320,1,0.616913258,0.917944551,0.922215237,0.621084455
JPN,2021/1/20,671,1753,1591,1699,5714,1,0.663857727,0.91958196,0.927400837,0.672200119
JPN,2021/1/21,601,1569,1424,1521,5115,1,0.710802195,0.921219368,0.932586437,0.723315784
JPN,2021/1/22,559,1459,1324,1414,4756,1,0.757746663,0.922856776,0.937772036,0.774431449
JPN,2021/1/23,474,1237,1123,1199,4033,1,0.804691132,0.924494184,0.942957636,0.825547113
JPN,2021/1/24,326,852,773,826,2777,1,0.8516356,0.926131592,0.948143236,0.876662778
JPN,2021/1/25,458,1195,1085,1158,3896,1,0.898580068,0.927769,0.953328836,0.927778443
JPN,2021/1/26,470,1228,1115,1190,4003,1,0.896543305,0.929484612,0.952845687,0.927947338
JPN,2021/1/27,449,1230,1151,1365,4195,1,0.894506543,0.931200223,0.952362537,0.928116234
JPN,2021/1/28,383,1051,983,1166,3583,1,0.89246978,0.932915834,0.951879388,0.92828513
JPN,2021/1/29,363,996,932,1105,3396,1,0.890433017,0.934631445,0.951396238,0.928454025
JPN,2021/1/30,291,798,746,885,2720,1,0.888396254,0.936347056,0.950913089,0.928622921
JPN,2021/1/31,194,531,497,589,1811,1,0.886359491,0.938062668,0.950429939,0.928791817
JPN,2021/2/1,253,693,648,769,2363,1,0.884322728,0.939778279,0.94994679,0.928960712
JPN,2021/2/2,286,785,734,871,2676,1,0.882285965,0.94149389,0.94946364,0.929129608
JPN,2021/2/3,264,796,660,884,2604,1,0.880249202,0.943209501,0.94898049,0.929298504
JPN,2021/2/4,243,732,607,813,2395,1,0.878212439,0.944925113,0.948497341,0.929467399
JPN,2021/2/5,233,703,583,781,2300,1,0.876175676,0.946640724,0.948014191,0.929636295
JPN,2021/2/6,167,503,417,559,1646,1,0.874138913,0.948356335,0.947531042,0.929805191
JPN,2021/2/7,125,376,312,418,1231,1,0.87210215,0.950071946,0.947047892,0.929974086
JPN,2021/2/8,161,484,402,538,1585,1,0.870065387,0.951787557,0.946564743,0.930142982
JPN,2021/2/9,192,578,479,642,1891,0.992880852,0.875865906,0.95012436,0.946637386,0.930917236
JPN,2021/2/10,166,515,456,591,1728,0.985761703,0.881666425,0.948461163,0.94671003,0.93169149
JPN,2021/2/11,127,393,348,451,1319,0.978642555,0.887466944,0.946797966,0.946782673,0.932465745
JPN,2021/2/12,133,411,365,472,1381,0.971523406,0.893267462,0.94513477,0.946855317,0.933239999
JPN,2021/2/13,133,413,366,474,1386,0.964404258,0.899067981,0.943471573,0.946927961,0.934014253
JPN,2021/2/14,94,291,258,334,977,0.957285109,0.9048685,0.941808376,0.947000604,0.934788507
JPN,2021/2/15,128,396,351,455,1330,0.950165961,0.910669019,0.940145179,0.947073248,0.935562761
JPN,2021/2/16,141,438,388,503,1470,0.943046812,0.916469537,0.938481982,0.947145891,0.936337016
JPN,2021/2/17,148,488,399,532,1567,0.935927664,0.922270056,0.936818785,0.947218535,0.93711127
JPN,2021/2/18,125,412,337,448,1322,0.928808515,0.928070575,0.935155588,0.947291178,0.937885524
JPN,2021/2/19,118,390,319,425,1252,0.921689367,0.933871094,0.933492391,0.947363822,0.938659778
JPN,2021/2/20,99,326,267,355,1047,0.914570218,0.939671613,0.931829194,0.947436465,0.939434032
JPN,2021/2/21,71,235,192,256,754,0.90745107,0.945472131,0.930165997,0.947509109,0.940208287
JPN,2021/2/22,104,342,280,373,1099,0.900331921,0.95127265,0.9285028,0.947581752,0.940982541
JPN,2021/2/23,88,291,238,317,934,0.893212773,0.949850367,0.928023102,0.946943368,0.940035501
JPN,2021/2/24,95,301,246,341,983,0.886093624,0.948428083,0.927543404,0.946304984,0.93908846
JPN,2021/2/25,94,297,242,336,969,0.878974476,0.9470058,0.927063707,0.9456666,0.93814142
JPN,2021/2/26,108,342,280,387,1117,0.871855327,0.945583516,0.926584009,0.945028215,0.93719438
JPN,2021/2/27,89,280,229,317,915,0.864736179,0.944161233,0.926104311,0.944389831,0.93624734
JPN,2021/2/28,61,192,157,218,628,0.85761703,0.942738949,0.925624613,0.943751447,0.9353003
JPN,2021/3/1,79,250,204,283,816,0.850497882,0.941316666,0.925144915,0.943113063,0.934353259
JPN,2021/3/2,110,349,285,395,1139,0.843378733,0.939894382,0.924665218,0.942474678,0.933406219
JPN,2021/3/3,103,351,301,367,1122,0.836259585,0.938472099,0.92418552,0.941836294,0.932459179
JPN,2021/3/4,101,344,294,359,1098,0.829140436,0.937049815,0.923705822,0.94119791,0.931512139
JPN,2021/3/5,92,313,268,328,1001,0.822021288,0.935627532,0.923226124,0.940559526,0.930565099
JPN,2021/3/6,94,319,274,334,1021,0.814902139,0.934205248,0.922746427,0.939921141,0.929618058
JPN,2021/3/7,53,179,154,188,574,0.807782991,0.932782965,0.922266729,0.939282757,0.928671018
JPN,2021/3/8,99,338,289,353,1079,0.800663842,0.931360681,0.921787031,0.938644373,0.927723978
JPN,2021/3/9,115,393,337,411,1256,0.800663842,0.931607087,0.921234529,0.937386568,0.9273814
JPN,2021/3/10,125,426,327,370,1248,0.800663842,0.931853493,0.920682026,0.936128763,0.927038822
JPN,2021/3/11,121,412,316,358,1207,0.800663842,0.9320999,0.920129524,0.934870958,0.926696244
JPN,2021/3/12,125,426,327,371,1249,0.800663842,0.932346306,0.919577021,0.933613153,0.926353666
JPN,2021/3/13,93,318,244,277,932,0.800663842,0.932592712,0.919024519,0.932355348,0.926011088
JPN,2021/3/14,65,223,171,194,653,0.800663842,0.932839118,0.918472016,0.931097544,0.92566851
JPN,2021/3/15,108,367,281,319,1075,0.800663842,0.933085524,0.917919514,0.929839739,0.925325931
JPN,2021/3/16,144,492,378,428,1442,0.800663842,0.93333193,0.917367012,0.928581934,0.924983353
JPN,2021/3/17,162,489,360,364,1375,0.800663842,0.933578336,0.916814509,0.927324129,0.924640775
JPN,2021/3/18,158,479,352,357,1346,0.800663842,0.933824742,0.916262007,0.926066324,0.924298197
JPN,2021/3/19,165,498,367,372,1402,0.800663842,0.934071148,0.915709504,0.924808519,0.923955619
JPN,2021/3/20,121,365,268,272,1026,0.800663842,0.934317554,0.915157002,0.923550714,0.923613041
JPN,2021/3/21,88,266,196,199,749,0.800663842,0.93456396,0.914604499,0.922292909,0.923270463
JPN,2021/3/22,162,488,359,364,1373,0.800663842,0.934810366,0.914051997,0.921035104,0.922927885
JPN,2021/3/23,209,632,465,471,1777,0.800663842,0.918149799,0.918155746,0.926159066,0.921765186
JPN,2021/3/24,192,630,467,418,1707,0.800663842,0.901489233,0.922259494,0.931283028,0.920602488
JPN,2021/3/25,203,668,495,443,1809,0.800663842,0.884828666,0.926363243,0.93640699,0.919439789
JPN,2021/3/26,207,679,504,451,1841,0.800663842,0.8681681,0.930466991,0.941530952,0.918277091
JPN,2021/3/27,177,580,430,385,1572,0.800663842,0.851507533,0.93457074,0.946654914,0.917114392
JPN,2021/3/28,134,440,326,292,1192,0.800663842,0.834846966,0.938674489,0.951778876,0.915951693
JPN,2021/3/29,208,683,507,454,1852,0.800663842,0.8181864,0.942778237,0.956902838,0.914788995
JPN,2021/3/30,283,931,690,618,2522,0.800663842,0.8181864,0.942778237,0.956902838,0.914788995
JPN,2021/3/31,255,964,622,457,2298,0.800663842,0.8181864,0.942778237,0.956902838,0.914788995
MYS,2020/2/1,0,0,0,0,0,0.585837422,0.745102717,0.744848115,0.769181433,0.718011847
MYS,2020/2/2,0,0,0,0,0,0.585837422,0.745102717,0.744848115,0.769181433,0.718011847
MYS,2020/2/3,0,0,0,0,0,0.585837422,0.745102717,0.744848115,0.769181433,0.718011847
MYS,2020/2/4,0,0,1,1,2,0.585837422,0.745102717,0.744848115,0.769181433,0.718011847
MYS,2020/2/5,1,0,1,0,2,0.585837422,0.745102717,0.744848115,0.769181433,0.718011847
MYS,2020/2/6,0,1,1,0,2,0.585837422,0.745102717,0.744848115,0.769181433,0.718011847
MYS,2020/2/7,0,0,1,0,1,0.585837422,0.745102717,0.744848115,0.769181433,0.718011847
MYS,2020/2/8,0,0,0,1,1,0.585837422,0.745102717,0.744848115,0.769181433,0.718011847
MYS,2020/2/9,0,0,0,1,1,0.585837422,0.745102717,0.744848115,0.769181433,0.718011847
MYS,2020/2/10,0,1,0,0,1,0.585837422,0.745102717,0.744848115,0.769181433,0.718011847
MYS,2020/2/11,0,0,0,0,0,0.585837422,0.745102717,0.744848115,0.769181433,0.718011847
MYS,2020/2/12,0,0,0,0,0,0.585837422,0.745102717,0.744848115,0.769181433,0.718011847
MYS,2020/2/13,0,0,0,0,0,0.585837422,0.745102717,0.744848115,0.769181433,0.718011847
MYS,2020/2/14,0,1,0,0,1,0.585837422,0.745102717,0.744848115,0.769181433,0.718011847
MYS,2020/2/15,0,2,0,1,3,0.585837422,0.745102717,0.744848115,0.769181433,0.718011847
MYS,2020/2/16,0,0,0,0,0,0.585837422,0.745102717,0.744848115,0.769181433,0.718011847
MYS,2020/2/17,0,0,0,0,0,0.585837422,0.745102717,0.744848115,0.769181433,0.718011847
MYS,2020/2/18,0,0,0,0,0,0.585837422,0.745102717,0.744848115,0.769181433,0.718011847
MYS,2020/2/19,0,0,0,0,0,0.585837422,0.745102717,0.744848115,0.769181433,0.718011847
MYS,2020/2/20,0,0,0,0,0,0.585837422,0.745102717,0.744848115,0.769181433,0.718011847
MYS,2020/2/21,0,0,0,0,0,0.585837422,0.745102717,0.744848115,0.769181433,0.718011847
MYS,2020/2/22,0,0,0,0,0,0.585837422,0.745102717,0.744848115,0.769181433,0.718011847
MYS,2020/2/23,0,0,0,0,0,0.585837422,0.745102717,0.744848115,0.769181433,0.718011847
MYS,2020/2/24,0,0,0,0,0,0.585837422,0.745102717,0.744848115,0.769181433,0.718011847
MYS,2020/2/25,0,0,0,0,0,0.585837422,0.745102717,0.744848115,0.769181433,0.718011847
MYS,2020/2/26,0,0,0,0,0,0.585837422,0.745102717,0.744848115,0.769181433,0.718011847
MYS,2020/2/27,0,0,1,0,1,0.585837422,0.745102717,0.744848115,0.769181433,0.718011847
MYS,2020/2/28,0,0,2,0,2,0.585837422,0.745102717,0.744848115,0.769181433,0.718011847
MYS,2020/2/29,0,0,0,0,0,0.585837422,0.745102717,0.744848115,0.769181433,0.718011847
MYS,2020/3/1,0,2,2,0,4,0.585837422,0.745102717,0.744848115,0.769181433,0.718011847
MYS,2020/3/2,0,0,0,0,0,0.585837422,0.745102717,0.744848115,0.769181433,0.718011847
MYS,2020/3/3,0,1,6,0,7,0.585837422,0.745102717,0.744848115,0.769181433,0.718011847
MYS,2020/3/4,0,3,7,4,14,0.585837422,0.745102717,0.744848115,0.769181433,0.718011847
MYS,2020/3/5,1,1,2,1,5,0.585837422,0.745102717,0.744848115,0.769181433,0.718011847
MYS,2020/3/6,2,10,13,3,28,0.585837422,0.745102717,0.744848115,0.769181433,0.718011847
MYS,2020/3/7,1,1,6,2,10,0.585837422,0.745102717,0.744848115,0.769181433,0.718011847
MYS,2020/3/8,1,4,1,0,6,0.585837422,0.745102717,0.744848115,0.769181433,0.718011847
MYS,2020/3/9,1,2,10,5,18,0.585837422,0.745102717,0.744848115,0.769181433,0.718011847
MYS,2020/3/10,0,9,2,1,12,0.585837422,0.745102717,0.744848115,0.769181433,0.718011847
MYS,2020/3/11,2,6,4,8,20,0.585837422,0.745102717,0.744848115,0.769181433,0.718011847
MYS,2020/3/12,0,2,4,3,9,0.585837422,0.745102717,0.744848115,0.769181433,0.718011847
MYS,2020/3/13,0,18,13,8,39,0.585837422,0.745102717,0.744848115,0.769181433,0.718011847
MYS,2020/3/14,0,15,19,7,41,0.585837422,0.745102717,0.744848115,0.769181433,0.718011847
MYS,2020/3/15,5,65,63,48,181,0.585837422,0.745102717,0.744848115,0.769181433,0.718011847
MYS,2020/3/16,6,44,41,31,122,0.585837422,0.745102717,0.744848115,0.769181433,0.718011847
MYS,2020/3/17,8,49,42,21,120,0.585837422,0.745102717,0.744848115,0.769181433,0.718011847
MYS,2020/3/18,12,34,44,26,116,0.585837422,0.745102717,0.744848115,0.769181433,0.718011847
MYS,2020/3/19,13,34,43,20,110,0.585837422,0.745102717,0.744848115,0.769181433,0.718011847
MYS,2020/3/20,9,56,40,22,127,0.585837422,0.745102717,0.744848115,0.769181433,0.718011847
MYS,2020/3/21,11,66,40,33,150,0.585837422,0.745102717,0.744848115,0.769181433,0.718011847
MYS,2020/3/22,8,54,41,20,123,0.585837422,0.745102717,0.744848115,0.769181433,0.718011847
MYS,2020/3/23,6,91,64,35,196,0.585837422,0.745102717,0.744848115,0.769181433,0.718011847
MYS,2020/3/24,12,33,38,18,101,0.585837422,0.745102717,0.744848115,0.769181433,0.718011847
MYS,2020/3/25,10,57,57,43,167,0.585837422,0.745102717,0.744848115,0.769181433,0.718011847
MYS,2020/3/26,30,115,53,32,230,0.585837422,0.745102717,0.744848115,0.769181433,0.718011847
MYS,2020/3/27,10,50,45,23,128,0.585837422,0.745102717,0.744848115,0.769181433,0.718011847
MYS,2020/3/28,13,69,44,32,158,0.585837422,0.745102717,0.744848115,0.769181433,0.718011847
MYS,2020/3/29,11,64,45,27,147,0.585837422,0.745102717,0.744848115,0.769181433,0.718011847
MYS,2020/3/30,17,66,51,20,154,0.585837422,0.745102717,0.744848115,0.769181433,0.718011847
MYS,2020/3/31,11,67,33,28,139,0.585837422,0.745102717,0.744848115,0.769181433,0.718011847
MYS,2020/4/1,16,58,45,22,141,0.585837422,0.745102717,0.744848115,0.769181433,0.718011847
MYS,2020/4/2,21,84,58,37,200,0.585837422,0.745102717,0.744848115,0.769181433,0.718011847
MYS,2020/4/3,25,117,47,25,214,0.585837422,0.745102717,0.744848115,0.769181433,0.718011847
MYS,2020/4/4,10,57,54,15,136,0.585837422,0.745102717,0.744848115,0.769181433,0.718011847
MYS,2020/4/5,36,68,46,23,173,0.585837422,0.745102717,0.744848115,0.769181433,0.718011847
MYS,2020/4/6,19,44,33,30,126,0.585837422,0.745102717,0.744848115,0.769181433,0.718011847
MYS,2020/4/7,27,80,32,23,162,0.585837422,0.745102717,0.744848115,0.769181433,0.718011847
MYS,2020/4/8,28,64,37,26,155,0.585837422,0.745102717,0.744848115,0.769181433,0.718011847
MYS,2020/4/9,10,56,28,14,108,0.585837422,0.745102717,0.744848115,0.769181433,0.718011847
MYS,2020/4/10,13,55,29,20,117,0.585837422,0.745102717,0.744848115,0.769181433,0.718011847
MYS,2020/4/11,23,79,37,18,157,0.585837422,0.745102717,0.744848115,0.769181433,0.718011847
MYS,2020/4/12,21,60,24,17,122,0.585837422,0.745102717,0.744848115,0.769181433,0.718011847
MYS,2020/4/13,14,59,40,10,123,0.585837422,0.745102717,0.744848115,0.769181433,0.718011847
MYS,2020/4/14,16,97,27,25,165,0.585837422,0.745102717,0.744848115,0.769181433,0.718011847
MYS,2020/4/15,6,33,22,24,85,0.585837422,0.745102717,0.744848115,0.769181433,0.718011847
MYS,2020/4/16,30,41,21,16,108,0.585837422,0.745102717,0.744848115,0.769181433,0.718011847
MYS,2020/4/17,14,30,14,8,66,0.585837422,0.745102717,0.744848115,0.769181433,0.718011847
MYS,2020/4/18,9,23,14,8,54,0.585837422,0.745102717,0.744848115,0.769181433,0.718011847
MYS,2020/4/19,11,58,8,3,80,0.585837422,0.745102717,0.744848115,0.769181433,0.718011847
MYS,2020/4/20,5,20,6,5,36,0.585837422,0.745102717,0.744848115,0.769181433,0.718011847
MYS,2020/4/21,10,34,9,4,57,0.585837422,0.745102717,0.744848115,0.769181433,0.718011847
MYS,2020/4/22,4,25,8,5,42,0.585837422,0.745102717,0.744848115,0.769181433,0.718011847
MYS,2020/4/23,6,34,5,4,49,0.585837422,0.745102717,0.744848115,0.769181433,0.718011847
MYS,2020/4/24,9,30,8,2,49,0.585837422,0.745102717,0.744848115,0.769181433,0.718011847
MYS,2020/4/25,5,14,5,6,30,0.585837422,0.745102717,0.744848115,0.769181433,0.718011847
MYS,2020/4/26,3,9,13,8,33,0.585837422,0.745102717,0.744848115,0.769181433,0.718011847
MYS,2020/4/27,4,11,7,2,24,0.591654241,0.746096977,0.753299627,0.769181433,0.722132865
MYS,2020/4/28,2,11,6,4,23,0.597471059,0.747091237,0.761751139,0.769181433,0.726253882
MYS,2020/4/29,6,76,8,1,91,0.603287878,0.748085497,0.770202651,0.769181433,0.7303749
MYS,2020/4/30,7,33,11,5,56,0.609104696,0.749079758,0.778654162,0.769181433,0.734495917
MYS,2020/5/1,4,28,7,1,40,0.614921515,0.750074018,0.787105674,0.769181433,0.738616935
MYS,2020/5/2,10,62,25,4,101,0.620738333,0.751068278,0.795557186,0.769181433,0.742737952
MYS,2020/5/3,20,75,14,3,112,0.626555152,0.752062538,0.804008698,0.769181433,0.74685897
MYS,2020/5/4,6,30,12,0,48,0.635439481,0.762223275,0.808957834,0.770146995,0.754881871
MYS,2020/5/5,0,19,4,2,25,0.644323811,0.772384011,0.813906969,0.771112557,0.762904773
MYS,2020/5/6,4,27,6,5,42,0.65320814,0.782544748,0.818856105,0.772078119,0.770927674
MYS,2020/5/7,2,21,4,4,31,0.662092469,0.792705485,0.82380524,0.773043682,0.778950576
MYS,2020/5/8,1,57,8,1,67,0.670976798,0.802866222,0.828754376,0.774009244,0.786973477
MYS,2020/5/9,0,42,5,1,48,0.679861128,0.813026958,0.833703511,0.774974806,0.794996379
MYS,2020/5/10,5,53,5,1,64,0.688745457,0.823187695,0.838652647,0.775940368,0.80301928
MYS,2020/5/11,8,32,24,4,68,0.696974135,0.826322178,0.83904764,0.779583671,0.806094241
MYS,2020/5/12,0,4,4,1,9,0.705202813,0.829456661,0.839442633,0.783226973,0.809169201
MYS,2020/5/13,2,30,2,2,36,0.713431491,0.832591144,0.839837626,0.786870276,0.812244162
MYS,2020/5/14,2,20,3,0,25,0.72166017,0.835725626,0.840232619,0.790513578,0.815319122
MYS,2020/5/15,1,18,2,5,26,0.729888848,0.838860109,0.840627612,0.794156881,0.818394083
MYS,2020/5/16,2,10,4,1,17,0.738117526,0.841994592,0.841022605,0.797800183,0.821469043
MYS,2020/5/17,1,13,4,1,19,0.746346204,0.845129075,0.841417598,0.801443486,0.824544004
MYS,2020/5/18,0,30,6,3,39,0.74553857,0.845905123,0.84255795,0.789184778,0.824501519
MYS,2020/5/19,2,15,7,5,29,0.744730935,0.846681171,0.843698302,0.776926069,0.824459034
MYS,2020/5/20,2,16,8,1,27,0.743923301,0.847457219,0.844838654,0.764667361,0.824416549
MYS,2020/5/21,2,8,4,1,15,0.743115666,0.848233266,0.845979005,0.752408653,0.824374065
MYS,2020/5/22,8,33,6,2,49,0.742308032,0.849009314,0.847119357,0.740149945,0.82433158
MYS,2020/5/23,2,34,7,4,47,0.741500397,0.849785362,0.848259709,0.727891236,0.824289095
MYS,2020/5/24,4,43,8,2,57,0.740692763,0.85056141,0.849400061,0.715632528,0.82424661
MYS,2020/5/25,2,75,14,2,93,0.744595362,0.849649412,0.849063669,0.724289001,0.824792804
MYS,2020/5/26,2,71,36,2,111,0.748497961,0.848737414,0.848727278,0.732945474,0.825338998
MYS,2020/5/27,1,8,4,0,13,0.75240056,0.847825416,0.848390886,0.741601947,0.825885192
MYS,2020/5/28,1,3,2,0,6,0.75630316,0.846913417,0.848054494,0.750258419,0.826431387
MYS,2020/5/29,4,65,6,1,76,0.760205759,0.846001419,0.847718102,0.758914892,0.826977581
MYS,2020/5/30,2,10,1,4,17,0.764108358,0.845089421,0.847381711,0.767571365,0.827523775
MYS,2020/5/31,3,36,12,1,52,0.768010957,0.844177423,0.847045319,0.776227838,0.828069969
MYS,2020/6/1,4,27,4,0,35,0.766867275,0.844631991,0.850031522,0.78128844,0.829339188
MYS,2020/6/2,1,17,2,0,20,0.765723594,0.845086559,0.853017725,0.786349042,0.830608406
MYS,2020/6/3,30,56,1,0,87,0.764579912,0.845541127,0.856003928,0.791409644,0.831877625
MYS,2020/6/4,4,181,74,2,261,0.763436231,0.845995696,0.85899013,0.796470245,0.833146844
MYS,2020/6/5,5,9,2,1,17,0.762292549,0.846450264,0.861976333,0.801530847,0.834416063
MYS,2020/6/6,6,16,7,1,30,0.761148868,0.846904832,0.864962536,0.806591449,0.835685281
MYS,2020/6/7,3,9,4,2,18,0.760005186,0.8473594,0.867948739,0.811652051,0.8369545
MYS,2020/6/8,1,6,0,0,7,0.763756665,0.846302809,0.863097013,0.820195044,0.836197862
MYS,2020/6/9,0,6,0,0,6,0.767508144,0.845246217,0.858245287,0.828738038,0.835441225
MYS,2020/6/10,0,1,1,0,2,0.771259623,0.844189626,0.853393561,0.837281031,0.834684587
MYS,2020/6/11,1,27,1,0,29,0.775011102,0.843133034,0.848541836,0.845824024,0.83392795
MYS,2020/6/12,3,20,3,1,27,0.778762581,0.842076443,0.84369011,0.854367017,0.833171312
MYS,2020/6/13,20,16,5,2,43,0.78251406,0.841019851,0.838838384,0.862910011,0.832414675
MYS,2020/6/14,0,1,2,1,4,0.786265539,0.83996326,0.833986658,0.871453004,0.831658037
MYS,2020/6/15,10,22,5,2,39,0.787707954,0.837291804,0.834934494,0.860232078,0.830183617
MYS,2020/6/16,1,6,3,0,10,0.78915037,0.834620347,0.835882331,0.849011152,0.828709196
MYS,2020/6/17,3,3,1,3,10,0.790592785,0.831948891,0.836830167,0.837790226,0.827234776
MYS,2020/6/18,0,9,4,1,14,0.792035201,0.829277434,0.837778004,0.8265693,0.825760355
MYS,2020/6/19,1,2,2,1,6,0.793477616,0.826605978,0.83872584,0.815348374,0.824285935
MYS,2020/6/20,6,2,2,4,14,0.794920032,0.823934521,0.839673677,0.804127448,0.822811514
MYS,2020/6/21,0,11,3,2,16,0.796362447,0.821263065,0.840621513,0.792906522,0.821337094
MYS,2020/6/22,0,11,4,0,15,0.788760871,0.81732632,0.834910971,0.783552844,0.815785755
MYS,2020/6/23,0,2,0,1,3,0.781159295,0.813389576,0.829200428,0.774199165,0.810234417
MYS,2020/6/24,1,2,3,0,6,0.773557719,0.809452831,0.823489886,0.764845487,0.804683078
MYS,2020/6/25,0,2,1,1,4,0.765956144,0.805516086,0.817779344,0.755491809,0.79913174
MYS,2020/6/26,1,3,1,1,6,0.758354568,0.801579341,0.812068802,0.746138131,0.793580401
MYS,2020/6/27,3,4,3,0,10,0.750752992,0.797642597,0.806358259,0.736784452,0.788029063
MYS,2020/6/28,1,15,2,0,18,0.743151416,0.793705852,0.800647717,0.727430774,0.782477724
MYS,2020/6/29,1,2,0,0,3,0.747503748,0.792932065,0.801684983,0.750839745,0.784787589
MYS,2020/6/30,0,2,0,0,2,0.75185608,0.792158278,0.80272225,0.774248716,0.787097453
MYS,2020/7/1,0,1,0,0,1,0.756208412,0.791384491,0.803759516,0.797657687,0.789407318
MYS,2020/7/2,0,1,2,0,3,0.760560745,0.790610705,0.804796782,0.821066659,0.791717182
MYS,2020/7/3,0,2,2,1,5,0.764913077,0.789836918,0.805834048,0.84447563,0.794027047
MYS,2020/7/4,4,4,2,0,10,0.769265409,0.789063131,0.806871315,0.867884601,0.796336911
MYS,2020/7/5,1,1,2,1,5,0.773617741,0.788289344,0.807908581,0.891293572,0.798646776
MYS,2020/7/6,0,3,2,0,5,0.7710752,0.78412217,0.805137822,0.870210515,0.794040571
MYS,2020/7/7,0,5,1,0,6,0.768532658,0.779954996,0.802367063,0.849127459,0.789434366
MYS,2020/7/8,0,2,1,0,3,0.765990117,0.775787822,0.799596304,0.828044402,0.784828161
MYS,2020/7/9,2,3,1,0,6,0.763447575,0.771620648,0.796825544,0.806961346,0.780221955
MYS,2020/7/10,3,5,4,1,13,0.760905034,0.767453474,0.794054785,0.785878289,0.77561575
MYS,2020/7/11,0,6,0,2,8,0.758362492,0.7632863,0.791284026,0.764795233,0.771009545
MYS,2020/7/12,0,11,1,0,12,0.755819951,0.759119126,0.788513267,0.743712176,0.76640334
MYS,2020/7/13,0,2,4,1,7,0.760217896,0.761717424,0.794897734,0.75852612,0.771114135
MYS,2020/7/14,0,2,2,0,4,0.764615842,0.764315721,0.801282201,0.773340064,0.775824929
MYS,2020/7/15,0,1,4,0,5,0.769013787,0.766914019,0.807666668,0.788154008,0.780535724
MYS,2020/7/16,0,2,1,0,3,0.773411732,0.769512316,0.814051135,0.802967952,0.785246518
MYS,2020/7/17,3,10,2,3,18,0.777809677,0.772110614,0.820435602,0.817781896,0.789957313
MYS,2020/7/18,0,3,3,3,9,0.782207623,0.774708911,0.826820069,0.83259584,0.794668107
MYS,2020/7/19,0,7,5,2,14,0.786605568,0.777307209,0.833204536,0.847409784,0.799378902
MYS,2020/7/20,1,7,2,10,20,0.79308661,0.785501546,0.838270517,0.857424494,0.806593139
MYS,2020/7/21,1,7,6,1,15,0.799567652,0.793695882,0.843336498,0.867439203,0.813807376
MYS,2020/7/22,0,8,4,4,16,0.806048694,0.801890219,0.848402479,0.877453913,0.821021613
MYS,2020/7/23,0,7,1,1,9,0.812529736,0.810084556,0.853468461,0.887468622,0.828235849
MYS,2020/7/24,0,7,11,3,21,0.819010778,0.818278893,0.858534442,0.897483332,0.835450086
MYS,2020/7/25,0,12,8,3,23,0.82549182,0.826473229,0.863600423,0.907498041,0.842664323
MYS,2020/7/26,1,9,3,0,13,0.831972862,0.834667566,0.868666404,0.917512751,0.84987856
MYS,2020/7/27,1,5,0,1,7,0.839158528,0.841711056,0.873009246,0.913139199,0.855366259
MYS,2020/7/28,5,14,15,4,38,0.846344194,0.848754547,0.877352088,0.908765647,0.860853958
MYS,2020/7/29,1,7,4,1,13,0.85352986,0.855798037,0.88169493,0.904392095,0.866341657
MYS,2020/7/30,0,2,3,3,8,0.860715525,0.862841528,0.886037771,0.900018543,0.871829356
MYS,2020/7/31,0,7,4,1,12,0.867901191,0.869885018,0.890380613,0.895644991,0.877317055
MYS,2020/8/1,0,3,3,3,9,0.875086857,0.876928509,0.894723455,0.891271439,0.882804754
MYS,2020/8/2,5,5,4,0,14,0.882272523,0.883971999,0.899066297,0.886897887,0.888292453
MYS,2020/8/3,0,1,0,1,2,0.883385955,0.885854286,0.900292288,0.890272724,0.889961666
MYS,2020/8/4,0,1,0,0,1,0.884499387,0.887736574,0.901518278,0.89364756,0.891630879
MYS,2020/8/5,3,14,2,2,21,0.885612819,0.889618861,0.902744269,0.897022397,0.893300092
MYS,2020/8/6,2,8,4,1,15,0.88672625,0.891501148,0.903970259,0.900397233,0.894969306
MYS,2020/8/7,5,12,6,2,25,0.887839682,0.893383435,0.90519625,0.90377207,0.896638519
MYS,2020/8/8,0,3,4,0,7,0.888953114,0.895265723,0.90642224,0.907146906,0.898307732
MYS,2020/8/9,0,6,6,1,13,0.890066546,0.89714801,0.907648231,0.910521743,0.899976945
MYS,2020/8/10,1,8,2,0,11,0.893632392,0.898870215,0.907758022,0.916029265,0.901751112
MYS,2020/8/11,0,6,2,1,9,0.897198239,0.90059242,0.907867814,0.921536787,0.903525279
MYS,2020/8/12,0,6,3,2,11,0.900764085,0.902314625,0.907977605,0.927044309,0.905299446
MYS,2020/8/13,2,7,5,1,15,0.904329932,0.904036831,0.908087397,0.93255183,0.907073612
MYS,2020/8/14,1,13,5,1,20,0.907895778,0.905759036,0.908197188,0.938059352,0.908847779
MYS,2020/8/15,5,8,10,3,26,0.911461625,0.907481241,0.90830698,0.943566874,0.910621946
MYS,2020/8/16,4,14,6,0,24,0.915027471,0.909203446,0.908416771,0.949074396,0.912396113
MYS,2020/8/17,3,5,2,2,12,0.91250593,0.907048522,0.909934869,0.947247001,0.911330703
MYS,2020/8/18,4,2,0,1,7,0.909984388,0.904893599,0.911452967,0.945419606,0.910265293
MYS,2020/8/19,3,3,7,3,16,0.907462847,0.902738675,0.912971065,0.943592211,0.909199883
MYS,2020/8/20,0,3,2,0,5,0.904941306,0.900583752,0.914489164,0.941764816,0.908134473
MYS,2020/8/21,1,6,2,0,9,0.902419765,0.898428828,0.916007262,0.939937421,0.907069063
MYS,2020/8/22,1,4,3,0,8,0.899898223,0.896273905,0.91752536,0.938110026,0.906003653
MYS,2020/8/23,0,8,1,1,10,0.897376682,0.894118981,0.919043458,0.936282631,0.904938243
MYS,2020/8/24,0,5,2,0,7,0.898009948,0.894109212,0.919155372,0.933430128,0.904879988
MYS,2020/8/25,6,2,1,2,11,0.898643214,0.894099443,0.919267286,0.930577625,0.904821732
MYS,2020/8/26,3,0,2,1,6,0.89927648,0.894089674,0.9193792,0.927725122,0.904763477
MYS,2020/8/27,0,2,2,1,5,0.899909747,0.894079906,0.919491113,0.924872618,0.904705221
MYS,2020/8/28,1,6,2,1,10,0.900543013,0.894070137,0.919603027,0.922020115,0.904646966
MYS,2020/8/29,0,5,2,4,11,0.901176279,0.894060368,0.919714941,0.919167612,0.90458871
MYS,2020/8/30,4,10,3,0,17,0.901809545,0.894050599,0.919826855,0.916315109,0.904530455
MYS,2020/8/31,1,3,1,1,6,0.898419901,0.893608616,0.918173933,0.917554512,0.903333459
MYS,2020/9/1,2,8,3,1,14,0.895030257,0.893166632,0.916521012,0.918793914,0.902136463
MYS,2020/9/2,0,3,3,0,6,0.891640613,0.892724649,0.91486809,0.920033317,0.900939467
MYS,2020/9/3,4,6,2,2,14,0.888250969,0.892282666,0.913215168,0.921272719,0.89974247
MYS,2020/9/4,1,7,2,1,11,0.884861325,0.891840683,0.911562246,0.922512122,0.898545474
MYS,2020/9/5,0,2,3,1,6,0.881471681,0.891398699,0.909909325,0.923751524,0.897348478
MYS,2020/9/6,1,1,3,1,6,0.878082037,0.890956716,0.908256403,0.924990927,0.896151482
MYS,2020/9/7,4,39,17,2,62,0.876737587,0.891164671,0.908335964,0.919952985,0.895787365
MYS,2020/9/8,9,65,25,1,100,0.875393136,0.891372625,0.908415525,0.914915043,0.895423249
MYS,2020/9/9,7,9,4,4,24,0.874048686,0.89158058,0.908495086,0.909877101,0.895059132
MYS,2020/9/10,3,23,18,1,45,0.872704236,0.891788535,0.908574647,0.904839159,0.894695016
MYS,2020/9/11,3,123,53,3,182,0.871359786,0.89199649,0.908654208,0.899801217,0.894330899
MYS,2020/9/12,6,35,12,5,58,0.870015335,0.892204444,0.908733769,0.894763275,0.893966783
MYS,2020/9/13,0,30,12,5,47,0.868670885,0.892412399,0.90881333,0.889725333,0.893602666
MYS,2020/9/14,3,13,10,5,31,0.871758034,0.894788761,0.908434457,0.902638106,0.89580794
MYS,2020/9/15,6,12,5,0,23,0.874845184,0.897165122,0.908055585,0.915550878,0.898013215
MYS,2020/9/16,8,37,16,1,62,0.877932333,0.899541484,0.907676712,0.928463651,0.900218489
MYS,2020/9/17,1,11,4,5,21,0.881019483,0.901917846,0.90729784,0.941376424,0.902423763
MYS,2020/9/18,16,45,26,7,94,0.884106632,0.904294208,0.906918967,0.954289197,0.904629037
MYS,2020/9/19,8,5,5,2,20,0.887193782,0.906670569,0.906540095,0.967201969,0.906834312
MYS,2020/9/20,6,28,15,3,52,0.890280931,0.909046931,0.906161222,0.980114742,0.909039586
MYS,2020/9/21,18,24,11,3,56,0.884634734,0.906976857,0.90707131,0.972004139,0.906963072
MYS,2020/9/22,12,50,19,1,82,0.878988536,0.904906783,0.907981397,0.963893536,0.904886558
MYS,2020/9/23,10,87,44,6,147,0.873342339,0.902836709,0.908891485,0.955782933,0.902810044
MYS,2020/9/24,10,24,16,8,58,0.867696142,0.900766636,0.909801572,0.947672329,0.900733531
MYS,2020/9/25,24,34,41,11,110,0.862049945,0.898696562,0.91071166,0.939561726,0.898657017
MYS,2020/9/26,4,51,24,3,82,0.856403747,0.896626488,0.911621747,0.931451123,0.896580503
MYS,2020/9/27,47,52,28,6,133,0.85075755,0.894556414,0.912531835,0.92334052,0.894503989
MYS,2020/9/28,19,54,30,12,115,0.854568939,0.896908665,0.911774624,0.914474241,0.895395344
MYS,2020/9/29,11,55,20,7,93,0.858380327,0.899260917,0.911017414,0.905607963,0.896286699
MYS,2020/9/30,6,43,28,12,89,0.862191716,0.901613168,0.910260203,0.896741684,0.897178054
MYS,2020/10/1,60,87,49,16,212,0.866003105,0.90396542,0.909502992,0.887875406,0.89806941
MYS,2020/10/2,5,149,104,16,274,0.869814494,0.906317671,0.908745781,0.879009127,0.898960765
MYS,2020/10/3,30,172,86,15,303,0.873625882,0.908669923,0.907988571,0.870142849,0.89985212
MYS,2020/10/4,10,171,87,12,280,0.877437271,0.911022174,0.90723136,0.86127657,0.900743475
MYS,2020/10/5,27,235,131,18,411,0.878570342,0.908657934,0.907834297,0.868095654,0.900482823
MYS,2020/10/6,35,404,212,33,684,0.879703414,0.906293693,0.908437233,0.874914737,0.900222171
MYS,2020/10/7,35,255,145,49,484,0.880836485,0.903929453,0.90904017,0.881733821,0.899961519
MYS,2020/10/8,46,162,102,52,362,0.881969557,0.901565213,0.909643107,0.888552905,0.899700867
MYS,2020/10/9,38,164,113,38,353,0.883102628,0.899200973,0.910246044,0.895371989,0.899440215
MYS,2020/10/10,39,164,134,34,371,0.8842357,0.896836732,0.91084898,0.902191072,0.899179563
MYS,2020/10/11,84,249,153,63,549,0.885368771,0.894472492,0.911451917,0.909010156,0.898918911
MYS,2020/10/12,59,183,119,38,399,0.880203602,0.894059516,0.907399791,0.907331663,0.896530011
MYS,2020/10/13,76,305,185,90,656,0.875038434,0.89364654,0.903347664,0.905653169,0.894141112
MYS,2020/10/14,104,326,170,58,658,0.869873265,0.893233564,0.899295538,0.903974676,0.891752212
MYS,2020/10/15,84,240,118,84,526,0.864708096,0.892820588,0.895243412,0.902296183,0.889363312
MYS,2020/10/16,137,274,169,45,625,0.859542927,0.892407612,0.891191286,0.90061769,0.886974412
MYS,2020/10/17,148,415,244,52,859,0.854377759,0.891994636,0.887139159,0.898939196,0.884585513
MYS,2020/10/18,150,351,227,85,813,0.84921259,0.89158166,0.883087033,0.897260703,0.882196613
MYS,2020/10/19,148,396,221,57,822,0.847834771,0.890655758,0.889297883,0.896638466,0.883217971
MYS,2020/10/20,117,439,208,52,816,0.846456953,0.889729855,0.895508734,0.89601623,0.884239329
MYS,2020/10/21,163,339,175,52,729,0.845079134,0.888803953,0.901719584,0.895393993,0.885260687
MYS,2020/10/22,191,382,225,45,843,0.843701315,0.88787805,0.907930435,0.894771756,0.886282044
MYS,2020/10/23,102,387,176,42,707,0.842323496,0.886952148,0.914141285,0.89414952,0.887303402
MYS,2020/10/24,186,603,322,64,1175,0.840945678,0.886026245,0.920352136,0.893527283,0.88832476
MYS,2020/10/25,123,405,206,53,787,0.839567859,0.885100343,0.926562986,0.892905047,0.889346118
MYS,2020/10/26,140,695,332,67,1234,0.843291245,0.885936575,0.928890417,0.89228281,0.891247613
MYS,2020/10/27,122,327,154,50,653,0.847014631,0.886772808,0.931217848,0.891660573,0.893149107
MYS,2020/10/28,155,367,214,57,793,0.850738017,0.88760904,0.933545279,0.891038337,0.895050602
MYS,2020/10/29,105,344,156,31,636,0.854461402,0.888445273,0.935872711,0.8904161,0.896952096
MYS,2020/10/30,119,445,184,49,797,0.858184788,0.889281505,0.938200142,0.889793863,0.898853591
MYS,2020/10/31,136,342,131,44,653,0.861908174,0.890117738,0.940527573,0.889171627,0.900755085
MYS,2020/11/1,179,467,217,51,914,0.86563156,0.89095397,0.942855004,0.88854939,0.90265658
MYS,2020/11/2,159,410,203,50,822,0.861880517,0.890033639,0.939146648,0.887927153,0.900235797
MYS,2020/11/3,171,574,238,58,1041,0.858129475,0.889113307,0.935438292,0.887304917,0.897815014
MYS,2020/11/4,166,560,207,82,1015,0.854378432,0.888192976,0.931729936,0.88668268,0.895394231
MYS,2020/11/5,129,514,268,65,976,0.850627389,0.887272644,0.928021581,0.886060443,0.892973448
MYS,2020/11/6,261,959,412,76,1708,0.846876346,0.886352313,0.924313225,0.885438207,0.890552665
MYS,2020/11/7,204,654,228,57,1143,0.843125304,0.885431981,0.920604869,0.88481597,0.888131882
MYS,2020/11/8,159,471,170,42,842,0.839374261,0.88451165,0.916896513,0.884193734,0.885711099
MYS,2020/11/9,202,475,173,62,912,0.837626503,0.886514315,0.916560331,0.883571497,0.886225167
MYS,2020/11/10,128,494,172,41,835,0.835878746,0.88851698,0.916224148,0.88294926,0.886739235
MYS,2020/11/11,78,548,136,46,808,0.834130988,0.890519645,0.915887966,0.882327024,0.887253303
MYS,2020/11/12,137,542,155,37,871,0.83238323,0.892522311,0.915551784,0.881704787,0.887767371
MYS,2020/11/13,189,782,247,60,1278,0.830635472,0.894524976,0.915215602,0.88108255,0.888281439
MYS,2020/11/14,133,762,155,32,1082,0.828887715,0.896527641,0.914879419,0.880460314,0.888795507
MYS,2020/11/15,137,794,224,43,1198,0.827139957,0.898530306,0.914543237,0.879838077,0.889309575
MYS,2020/11/16,98,708,220,33,1059,0.828178421,0.899145788,0.915879686,0.889026962,0.891025407
MYS,2020/11/17,109,693,310,53,1165,0.829216884,0.899761271,0.917216135,0.898215847,0.89274124
MYS,2020/11/18,88,373,159,29,649,0.830255348,0.900376753,0.918552584,0.907404732,0.894457072
MYS,2020/11/19,142,830,241,54,1267,0.831293812,0.900992236,0.919889033,0.916593617,0.896172905
MYS,2020/11/20,141,475,170,55,841,0.832332276,0.901607718,0.921225482,0.925782502,0.897888737
MYS,2020/11/21,87,721,166,52,1026,0.833370739,0.902223201,0.922561931,0.934971387,0.89960457
MYS,2020/11/22,70,776,149,38,1033,0.834409203,0.902838683,0.92389838,0.944160272,0.901320402
MYS,2020/11/23,99,976,188,45,1308,0.832794949,0.900099971,0.925832891,0.930803382,0.899244252
MYS,2020/11/24,75,707,163,44,989,0.831180696,0.897361259,0.927767402,0.917446491,0.897168101
MYS,2020/11/25,105,555,217,59,936,0.829566442,0.894622547,0.929701913,0.904089601,0.895091951
MYS,2020/11/26,98,516,188,55,857,0.827952188,0.891883834,0.931636423,0.890732711,0.893015801
MYS,2020/11/27,127,685,226,59,1097,0.826337934,0.889145122,0.933570934,0.877375821,0.890939651
MYS,2020/11/28,146,892,230,45,1313,0.824723681,0.88640641,0.935505445,0.86401893,0.8888635
MYS,2020/11/29,92,843,288,55,1278,0.823109427,0.883667698,0.937439956,0.85066204,0.88678735
MYS,2020/11/30,101,802,248,60,1211,0.830019155,0.887226367,0.934206938,0.861462447,0.88943863
MYS,2020/12/1,82,965,134,39,1220,0.836928884,0.890785036,0.93097392,0.872262853,0.892089909
MYS,2020/12/2,122,473,190,59,844,0.843838612,0.894343705,0.927740902,0.88306326,0.894741189
MYS,2020/12/3,126,639,187,52,1004,0.85074834,0.897902373,0.924507884,0.893863666,0.897392468
MYS,2020/12/4,147,561,183,71,962,0.857658068,0.901461042,0.921274866,0.904664073,0.900043748
MYS,2020/12/5,147,683,218,71,1119,0.864567797,0.905019711,0.918041848,0.915464479,0.902695027
MYS,2020/12/6,110,864,224,64,1262,0.871477525,0.90857838,0.91480883,0.926264886,0.905346307
MYS,2020/12/7,124,916,390,88,1518,0.872115359,0.907701011,0.914755033,0.926804193,0.905114179
MYS,2020/12/8,110,643,196,55,1004,0.872753193,0.906823643,0.914701236,0.927343501,0.90488205
MYS,2020/12/9,99,506,168,61,834,0.873391027,0.905946274,0.914647439,0.927882808,0.904649922
MYS,2020/12/10,124,1725,286,62,2197,0.874028861,0.905068905,0.914593642,0.928422116,0.904417793
MYS,2020/12/11,159,1157,301,70,1687,0.874666695,0.904191536,0.914539845,0.928961423,0.904185665
MYS,2020/12/12,137,1405,266,66,1874,0.875304529,0.903314168,0.914486048,0.929500731,0.903953536
MYS,2020/12/13,138,775,228,58,1199,0.875942363,0.902436799,0.914432251,0.930040038,0.903721408
MYS,2020/12/14,121,938,237,55,1351,0.874663326,0.904171274,0.915833662,0.928271215,0.904522145
MYS,2020/12/15,150,1149,331,74,1704,0.873384289,0.90590575,0.917235073,0.926502393,0.905322881
MYS,2020/12/16,102,869,246,53,1270,0.872105252,0.907640225,0.918636484,0.92473357,0.906123618
MYS,2020/12/17,118,708,249,66,1141,0.870826214,0.909374701,0.920037894,0.922964748,0.906924354
MYS,2020/12/18,112,1078,299,62,1551,0.869547177,0.911109176,0.921439305,0.921195925,0.907725091
MYS,2020/12/19,109,718,256,61,1144,0.86826814,0.912843652,0.922840716,0.919427103,0.908525827
MYS,2020/12/20,133,824,295,63,1315,0.866989103,0.914578127,0.924242127,0.91765828,0.909326564
MYS,2020/12/21,102,1492,356,59,2009,0.87146043,0.91682545,0.927056536,0.919560711,0.91214187
MYS,2020/12/22,208,1432,344,58,2042,0.875931758,0.919072774,0.929870946,0.921463143,0.914957175
MYS,2020/12/23,99,793,288,56,1236,0.880403085,0.921320097,0.932685355,0.923365574,0.917772481
MYS,2020/12/24,125,940,346,90,1501,0.884874413,0.923567421,0.935499765,0.925268005,0.920587787
MYS,2020/12/25,146,699,262,67,1174,0.88934574,0.925814744,0.938314174,0.927170436,0.923403093
MYS,2020/12/26,159,1370,423,97,2049,0.893817068,0.928062068,0.941128584,0.929072868,0.926218398
MYS,2020/12/27,154,624,251,95,1124,0.898288395,0.930309391,0.943942993,0.930975299,0.929033704
MYS,2020/12/28,176,921,378,93,1568,0.891127337,0.928985579,0.94400803,0.92332696,0.926735948
MYS,2020/12/29,162,1115,432,83,1792,0.883966279,0.927661767,0.944073068,0.915678621,0.924438193
MYS,2020/12/30,195,918,388,121,1622,0.876805221,0.926337955,0.944138105,0.908030282,0.922140437
MYS,2020/12/31,195,1745,411,94,2445,0.869644163,0.925014143,0.944203142,0.900381944,0.919842681
MYS,2021/1/1,207,1350,365,115,2037,0.862483105,0.923690331,0.944268179,0.892733605,0.917544925
MYS,2021/1/2,182,1439,456,113,2190,0.855322047,0.922366519,0.944333217,0.885085266,0.91524717
MYS,2021/1/3,241,965,342,114,1662,0.848160989,0.921042707,0.944398254,0.877436927,0.912949414
MYS,2021/1/4,250,986,360,103,1699,0.851240402,0.921038417,0.942869465,0.8832215,0.913463851
MYS,2021/1/5,263,1164,446,125,1998,0.854319814,0.921034127,0.941340675,0.889006073,0.913978287
MYS,2021/1/6,205,1516,452,122,2295,0.857399227,0.921029837,0.939811886,0.894790646,0.914492724
MYS,2021/1/7,306,1196,398,189,2089,0.860478639,0.921025548,0.938283096,0.900575219,0.91500716
MYS,2021/1/8,259,1631,569,147,2606,0.863558052,0.921021258,0.936754307,0.906359792,0.915521597
MYS,2021/1/9,287,1466,536,153,2442,0.866637464,0.921016968,0.935225517,0.912144365,0.916036033
MYS,2021/1/10,308,1413,487,204,2412,0.869716877,0.921012678,0.933696728,0.917928938,0.91655047
MYS,2021/1/11,351,1167,490,180,2188,0.864133224,0.91733903,0.931529569,0.922269782,0.91364072
MYS,2021/1/12,360,1952,729,183,3224,0.858549572,0.913665383,0.929362409,0.926610625,0.91073097
MYS,2021/1/13,362,1717,637,214,2930,0.852965919,0.909991735,0.92719525,0.930951469,0.90782122
MYS,2021/1/14,388,1949,671,209,3217,0.847382266,0.906318087,0.925028091,0.935292312,0.90491147
MYS,2021/1/15,388,1815,656,196,3055,0.841798613,0.902644439,0.922860932,0.939633156,0.90200172
MYS,2021/1/16,511,2414,795,256,3976,0.836214961,0.898970792,0.920693772,0.943973999,0.89909197
MYS,2021/1/17,455,1743,656,213,3067,0.830631308,0.895297144,0.918526613,0.948314843,0.89618222
MYS,2021/1/18,400,1853,699,231,3183,0.830544605,0.896247458,0.919015237,0.940175341,0.896244273
MYS,2021/1/19,462,2019,821,271,3573,0.830457901,0.897197772,0.91950386,0.932035839,0.896306327
MYS,2021/1/20,470,2304,906,309,3989,0.830371198,0.898148086,0.919992484,0.923896337,0.89636838
MYS,2021/1/21,440,1695,670,312,3117,0.830284495,0.899098401,0.920481107,0.915756835,0.896430434
MYS,2021/1/22,541,1863,846,314,3564,0.830197792,0.900048715,0.920969731,0.907617333,0.896492487
MYS,2021/1/23,516,2348,989,313,4166,0.830111088,0.900999029,0.921458354,0.899477831,0.896554541
MYS,2021/1/24,462,1652,793,275,3182,0.830024385,0.901949343,0.921946978,0.891338329,0.896616594
MYS,2021/1/25,381,1589,720,292,2982,0.831647835,0.902267459,0.919616617,0.896759276,0.896442679
MYS,2021/1/26,449,1928,869,283,3529,0.833271286,0.902585574,0.917286256,0.902180222,0.896268763
MYS,2021/1/27,398,2049,798,259,3504,0.834894736,0.90290369,0.914955895,0.907601169,0.896094848
MYS,2021/1/28,529,2252,965,297,4043,0.836518187,0.903221806,0.912625535,0.913022115,0.895920933
MYS,2021/1/29,508,3001,1214,403,5126,0.838141637,0.903539922,0.910295174,0.918443062,0.895747018
MYS,2021/1/30,530,3295,1164,361,5350,0.839765088,0.903858037,0.907964813,0.923864008,0.895573102
MYS,2021/1/31,589,3146,1025,338,5098,0.841388538,0.904176153,0.905634452,0.929284955,0.895399187
MYS,2021/2/1,372,2366,824,272,3834,0.840812349,0.903534374,0.91050165,0.91786186,0.895937127
MYS,2021/2/2,329,1737,633,201,2900,0.84023616,0.902892596,0.915368849,0.906438766,0.896475066
MYS,2021/2/3,355,2736,878,189,4158,0.839659971,0.902250817,0.920236047,0.895015671,0.897013006
MYS,2021/2/4,436,2546,956,279,4217,0.839083783,0.901609039,0.925103246,0.883592577,0.897550946
MYS,2021/2/5,360,1812,767,236,3175,0.838507594,0.90096726,0.929970444,0.872169482,0.898088886
MYS,2021/2/6,368,2043,812,258,3481,0.837931405,0.900325482,0.934837643,0.860746388,0.898626825
MYS,2021/2/7,299,2094,722,196,3311,0.837355216,0.899683703,0.939704841,0.849323293,0.899164765
MYS,2021/2/8,254,2061,563,171,3049,0.839909658,0.898501187,0.936631172,0.851328703,0.898118288
MYS,2021/2/9,310,1582,587,168,2647,0.8424641,0.897318671,0.933557503,0.853334114,0.89707181
MYS,2021/2/10,307,1695,588,175,2765,0.845018542,0.896136155,0.930483834,0.855339524,0.896025333
MYS,2021/2/11,320,1946,722,187,3175,0.847572984,0.894953639,0.927410164,0.857344935,0.894978856
MYS,2021/2/12,229,2102,687,158,3176,0.850127426,0.893771123,0.924336495,0.859350345,0.893932379
MYS,2021/2/13,282,2037,594,127,3040,0.852681868,0.892588607,0.921262826,0.861355756,0.892885901
MYS,2021/2/14,263,1358,562,183,2366,0.85523631,0.891406091,0.918189157,0.863361166,0.891839424
MYS,2021/2/15,273,1146,537,169,2125,0.858806489,0.89312207,0.919928686,0.864757875,0.893892591
MYS,2021/2/16,260,1507,505,157,2429,0.862376667,0.894838049,0.921668216,0.866154584,0.895945758
MYS,2021/2/17,226,1831,544,158,2759,0.865946846,0.896554028,0.923407745,0.867551293,0.897998925
MYS,2021/2/18,210,1586,536,189,2521,0.869517024,0.898270006,0.925147275,0.868948002,0.900052092
MYS,2021/2/19,283,1886,529,130,2828,0.873087203,0.899985985,0.926886804,0.870344711,0.902105259
MYS,2021/2/20,262,1354,503,113,2232,0.876657381,0.901701964,0.928626334,0.87174142,0.904158426
MYS,2021/2/21,239,2400,465,127,3231,0.88022756,0.903417943,0.930365863,0.873138129,0.906211593
MYS,2021/2/22,241,1335,466,102,2144,0.882226782,0.906773199,0.932473731,0.874679092,0.908781123
MYS,2021/2/23,219,1456,476,123,2274,0.884226005,0.910128454,0.934581598,0.876220054,0.911350654
MYS,2021/2/24,221,2387,545,168,3321,0.886225227,0.91348371,0.936689466,0.877761017,0.913920184
MYS,2021/2/25,229,1029,440,160,1858,0.888224449,0.916838965,0.938797333,0.87930198,0.916489715
MYS,2021/2/26,198,1388,424,184,2194,0.890223671,0.920194221,0.940905201,0.880842943,0.919059245
MYS,2021/2/27,242,1364,498,163,2267,0.892222894,0.923549476,0.943013068,0.882383905,0.921628776
MYS,2021/2/28,214,1600,439,119,2372,0.894222116,0.926904732,0.945120936,0.883924868,0.924198306
MYS,2021/3/1,187,1072,371,99,1729,0.8902968,0.927076451,0.94549295,0.895220449,0.924523487
MYS,2021/3/2,171,851,351,129,1502,0.886371484,0.92724817,0.945864964,0.906516029,0.924848668
MYS,2021/3/3,171,1115,328,72,1686,0.882446168,0.927419889,0.946236978,0.91781161,0.925173849
MYS,2021/3/4,247,1123,447,130,1947,0.878520852,0.927591608,0.946608992,0.92910719,0.925499031
MYS,2021/3/5,367,849,365,117,1698,0.874595536,0.927763327,0.946981006,0.940402771,0.925824212
MYS,2021/3/6,268,796,347,129,1540,0.87067022,0.927935046,0.94735302,0.951698351,0.926149393
MYS,2021/3/7,218,886,349,110,1563,0.866744904,0.928106765,0.947725034,0.962993932,0.926474574
MYS,2021/3/8,235,798,354,110,1497,0.865906554,0.929124186,0.943835051,0.957464907,0.925321264
MYS,2021/3/9,159,693,335,77,1264,0.865068204,0.930141607,0.939945068,0.951935882,0.924167954
MYS,2021/3/10,187,832,329,85,1433,0.864229854,0.931159028,0.936055085,0.946406857,0.923014644
MYS,2021/3/11,162,890,401,121,1574,0.863391503,0.93217645,0.932165101,0.940877832,0.921861334
MYS,2021/3/12,231,750,373,132,1486,0.862553153,0.933193871,0.928275118,0.935348807,0.920708024
MYS,2021/3/13,192,736,314,128,1370,0.861714803,0.934211292,0.924385135,0.929819782,0.919554714
MYS,2021/3/14,203,696,308,105,1312,0.860876453,0.935228713,0.920495152,0.924290757,0.918401404
MYS,2021/3/15,201,622,268,79,1170,0.865854606,0.935888696,0.922066588,0.92726369,0.920177556
MYS,2021/3/16,193,539,228,92,1052,0.870832759,0.93654868,0.923638024,0.930236623,0.921953707
MYS,2021/3/17,155,542,248,77,1022,0.875810912,0.937208663,0.92520946,0.933209556,0.923729859
MYS,2021/3/18,202,612,248,90,1152,0.880789064,0.937868646,0.926780897,0.936182489,0.92550601
MYS,2021/3/19,204,933,300,101,1538,0.885767217,0.938528629,0.928352333,0.939155422,0.927282162
MYS,2021/3/20,208,948,385,112,1653,0.89074537,0.939188613,0.929923769,0.942128355,0.929058313
MYS,2021/3/21,173,752,296,82,1303,0.895723523,0.939848596,0.931495205,0.945101288,0.930834465
MYS,2021/3/22,141,699,204,59,1103,0.897176745,0.937936054,0.933339701,0.946706983,0.930816481
MYS,2021/3/23,173,817,279,96,1365,0.898629968,0.936023513,0.935184198,0.948312678,0.930798497
MYS,2021/3/24,192,720,268,72,1252,0.90008319,0.934110971,0.937028694,0.949918373,0.930780513
MYS,2021/3/25,229,691,301,121,1342,0.901536413,0.93219843,0.938873191,0.951524068,0.93076253
MYS,2021/3/26,224,614,304,98,1240,0.902989635,0.930285888,0.940717687,0.953129763,0.930744546
MYS,2021/3/27,287,541,258,77,1163,0.904442858,0.928373347,0.942562184,0.954735458,0.930726562
MYS,2021/3/28,206,689,294,102,1291,0.90589608,0.926460805,0.94440668,0.956341153,0.930708578
MYS,2021/3/29,148,514,194,74,930,0.90589608,0.926460805,0.94440668,0.956341153,0.930708578
MYS,2021/3/30,189,640,219,74,1122,0.90589608,0.926460805,0.94440668,0.956341153,0.930708578
MYS,2021/3/31,226,861,305,82,1474,0.90589608,0.926460805,0.94440668,0.956341153,0.930708578
KOR,2020/2/1,0,0,1,0,1,0.87110343,0.910573049,0.943220243,0.90456245,0.922376374
KOR,2020/2/2,0,1,2,0,3,0.87110343,0.910573049,0.943220243,0.90456245,0.922376374
KOR,2020/2/3,0,0,0,0,0,0.87110343,0.910573049,0.943220243,0.90456245,0.922376374
KOR,2020/2/4,0,0,1,0,1,0.87110343,0.910573049,0.943220243,0.90456245,0.922376374
KOR,2020/2/5,0,3,2,0,5,0.87110343,0.910573049,0.943220243,0.90456245,0.922376374
KOR,2020/2/6,0,1,2,0,3,0.87110343,0.910573049,0.943220243,0.90456245,0.922376374
KOR,2020/2/7,0,0,0,0,0,0.87110343,0.910573049,0.943220243,0.90456245,0.922376374
KOR,2020/2/8,0,0,0,0,0,0.87110343,0.910573049,0.943220243,0.90456245,0.922376374
KOR,2020/2/9,0,1,1,1,3,0.87110343,0.910573049,0.943220243,0.90456245,0.922376374
KOR,2020/2/10,0,1,0,0,1,0.87110343,0.910573049,0.943220243,0.90456245,0.922376374
KOR,2020/2/11,0,0,0,0,0,0.87110343,0.910573049,0.943220243,0.90456245,0.922376374
KOR,2020/2/12,0,0,0,0,0,0.87110343,0.910573049,0.943220243,0.90456245,0.922376374
KOR,2020/2/13,0,0,0,0,0,0.87110343,0.910573049,0.943220243,0.90456245,0.922376374
KOR,2020/2/14,0,0,0,0,0,0.87110343,0.910573049,0.943220243,0.90456245,0.922376374
KOR,2020/2/15,0,0,0,0,0,0.87110343,0.910573049,0.943220243,0.90456245,0.922376374
KOR,2020/2/16,0,0,0,2,2,0.87110343,0.910573049,0.943220243,0.90456245,0.922376374
KOR,2020/2/17,0,0,0,0,0,0.87110343,0.910573049,0.943220243,0.90456245,0.922376374
KOR,2020/2/18,1,0,0,1,2,0.87110343,0.910573049,0.943220243,0.90456245,0.922376374
KOR,2020/2/19,0,11,15,8,34,0.87110343,0.910573049,0.943220243,0.90456245,0.922376374
KOR,2020/2/20,1,7,6,2,16,0.87110343,0.910573049,0.943220243,0.90456245,0.922376374
KOR,2020/2/21,1,23,33,17,74,0.87110343,0.910573049,0.943220243,0.90456245,0.922376374
KOR,2020/2/22,5,43,87,55,190,0.87110343,0.910573049,0.943220243,0.90456245,0.922376374
KOR,2020/2/23,5,74,88,43,210,0.87110343,0.910573049,0.943220243,0.90456245,0.922376374
KOR,2020/2/24,7,80,81,39,207,0.87110343,0.910573049,0.943220243,0.90456245,0.922376374
KOR,2020/2/25,6,57,46,21,130,0.87110343,0.910573049,0.943220243,0.90456245,0.922376374
KOR,2020/2/26,8,110,75,60,253,0.87110343,0.910573049,0.943220243,0.90456245,0.922376374
KOR,2020/2/27,26,216,139,68,449,0.87110343,0.910573049,0.943220243,0.90456245,0.922376374
KOR,2020/2/28,28,173,153,73,427,0.87110343,0.910573049,0.943220243,0.90456245,0.922376374
KOR,2020/2/29,30,410,283,186,909,0.87110343,0.910573049,0.943220243,0.90456245,0.922376374
KOR,2020/3/1,49,266,184,96,595,0.87110343,0.910573049,0.943220243,0.90456245,0.922376374
KOR,2020/3/2,34,263,259,130,686,0.87110343,0.910573049,0.943220243,0.90456245,0.922376374
KOR,2020/3/3,40,252,199,109,600,0.87110343,0.910573049,0.943220243,0.90456245,0.922376374
KOR,2020/3/4,29,211,179,97,516,0.87110343,0.910573049,0.943220243,0.90456245,0.922376374
KOR,2020/3/5,29,181,128,100,438,0.87110343,0.910573049,0.943220243,0.90456245,0.922376374
KOR,2020/3/6,42,181,132,163,518,0.87110343,0.910573049,0.943220243,0.90456245,0.922376374
KOR,2020/3/7,41,187,124,131,483,0.87110343,0.910573049,0.943220243,0.90456245,0.922376374
KOR,2020/3/8,39,135,98,95,367,0.87110343,0.910573049,0.943220243,0.90456245,0.922376374
KOR,2020/3/9,26,78,72,72,248,0.87110343,0.910573049,0.943220243,0.90456245,0.922376374
KOR,2020/3/10,13,32,51,35,131,0.87110343,0.910573049,0.943220243,0.90456245,0.922376374
KOR,2020/3/11,20,40,108,74,242,0.87110343,0.910573049,0.943220243,0.90456245,0.922376374
KOR,2020/3/12,8,29,43,34,114,0.87110343,0.910573049,0.943220243,0.90456245,0.922376374
KOR,2020/3/13,10,25,44,31,110,0.87110343,0.910573049,0.943220243,0.90456245,0.922376374
KOR,2020/3/14,7,25,43,32,107,0.87110343,0.910573049,0.943220243,0.90456245,0.922376374
KOR,2020/3/15,5,21,26,24,76,0.87110343,0.910573049,0.943220243,0.90456245,0.922376374
KOR,2020/3/16,7,20,23,24,74,0.87110343,0.910573049,0.943220243,0.90456245,0.922376374
KOR,2020/3/17,5,24,33,22,84,0.87110343,0.910573049,0.943220243,0.90456245,0.922376374
KOR,2020/3/18,3,29,21,40,93,0.87110343,0.910573049,0.943220243,0.90456245,0.922376374
KOR,2020/3/19,10,29,37,76,152,0.87110343,0.910573049,0.943220243,0.90456245,0.922376374
KOR,2020/3/20,14,14,26,33,87,0.87110343,0.910573049,0.943220243,0.90456245,0.922376374
KOR,2020/3/21,7,22,26,92,147,0.87110343,0.910573049,0.943220243,0.90456245,0.922376374
KOR,2020/3/22,5,25,38,30,98,0.87110343,0.910573049,0.943220243,0.90456245,0.922376374
KOR,2020/3/23,2,29,18,15,64,0.87110343,0.910573049,0.943220243,0.90456245,0.922376374
KOR,2020/3/24,10,25,20,21,76,0.87110343,0.910573049,0.943220243,0.90456245,0.922376374
KOR,2020/3/25,7,57,19,17,100,0.87110343,0.910573049,0.943220243,0.90456245,0.922376374
KOR,2020/3/26,14,47,20,23,104,0.87110343,0.910573049,0.943220243,0.90456245,0.922376374
KOR,2020/3/27,10,29,18,34,91,0.87110343,0.910573049,0.943220243,0.90456245,0.922376374
KOR,2020/3/28,6,53,50,37,146,0.87110343,0.910573049,0.943220243,0.90456245,0.922376374
KOR,2020/3/29,9,50,33,13,105,0.87110343,0.910573049,0.943220243,0.90456245,0.922376374
KOR,2020/3/30,6,37,19,16,78,0.87110343,0.910573049,0.943220243,0.90456245,0.922376374
KOR,2020/3/31,3,35,53,34,125,0.868543621,0.911698471,0.943492513,0.914830966,0.927023939
KOR,2020/4/1,7,42,25,27,101,0.865983812,0.912823894,0.943764783,0.925099482,0.931671503
KOR,2020/4/2,6,38,26,19,89,0.863424003,0.913949316,0.944037054,0.935367997,0.936319068
KOR,2020/4/3,8,39,22,17,86,0.860864194,0.915074739,0.944309324,0.945636513,0.940966633
KOR,2020/4/4,3,41,18,32,94,0.858304386,0.916200161,0.944581594,0.955905028,0.945614197
KOR,2020/4/5,7,45,18,11,81,0.855744577,0.917325583,0.944853864,0.966173544,0.950261762
KOR,2020/4/6,9,18,7,13,47,0.853184768,0.918451006,0.945126135,0.97644206,0.954909327
KOR,2020/4/7,2,21,10,14,47,0.850624959,0.91810813,0.942862861,0.972244296,0.95228423
KOR,2020/4/8,4,22,12,15,53,0.84806515,0.917765255,0.940599587,0.968046533,0.949659133
KOR,2020/4/9,6,19,8,6,39,0.845505341,0.91742238,0.938336313,0.963848769,0.947034037
KOR,2020/4/10,2,12,6,7,27,0.842945532,0.917079505,0.93607304,0.959651006,0.94440894
KOR,2020/4/11,6,8,8,8,30,0.840385723,0.916736629,0.933809766,0.955453242,0.941783844
KOR,2020/4/12,3,17,6,6,32,0.837825915,0.916393754,0.931546492,0.951255479,0.939158747
KOR,2020/4/13,3,12,3,7,25,0.835266106,0.916050879,0.929283219,0.947057715,0.936533651
KOR,2020/4/14,3,11,7,6,27,0.832706297,0.915708004,0.927019945,0.942859952,0.933908554
KOR,2020/4/15,4,14,5,4,27,0.830146488,0.915365128,0.924756671,0.938662189,0.931283457
KOR,2020/4/16,6,6,5,5,22,0.827586679,0.915022253,0.922493398,0.934464425,0.928658361
KOR,2020/4/17,5,12,3,2,22,0.82502687,0.914679378,0.920230124,0.930266662,0.926033264
KOR,2020/4/18,2,10,3,3,18,0.822467061,0.914336503,0.91796685,0.926068898,0.923408168
KOR,2020/4/19,2,4,1,1,8,0.819907253,0.913993627,0.915703576,0.921871135,0.920783071
KOR,2020/4/20,3,7,3,0,13,0.817347444,0.913650752,0.913440303,0.917673371,0.918157975
KOR,2020/4/21,2,1,4,2,9,0.814787635,0.913307877,0.911177029,0.913475608,0.915532878
KOR,2020/4/22,1,4,4,2,11,0.812227826,0.912965002,0.908913755,0.909277844,0.912907781
KOR,2020/4/23,1,3,2,2,8,0.809668017,0.912622126,0.906650482,0.905080081,0.910282685
KOR,2020/4/24,1,2,1,2,6,0.807108208,0.912279251,0.904387208,0.900882317,0.907657588
KOR,2020/4/25,2,4,2,2,10,0.804548399,0.911936376,0.902123934,0.896684554,0.905032492
KOR,2020/4/26,1,8,1,0,10,0.801988591,0.911593501,0.89986066,0.89248679,0.902407395
KOR,2020/4/27,2,7,1,0,10,0.799428782,0.911250625,0.897597387,0.888289027,0.899782299
KOR,2020/4/28,2,7,3,2,14,0.803935089,0.917847529,0.904979136,0.892687468,0.905325075
KOR,2020/4/29,0,5,4,0,9,0.808441396,0.924444432,0.912360886,0.897085909,0.910867851
KOR,2020/4/30,0,3,1,0,4,0.812947703,0.931041335,0.919742636,0.90148435,0.916410628
KOR,2020/5/1,0,6,2,1,9,0.81745401,0.937638239,0.927124386,0.905882791,0.921953404
KOR,2020/5/2,0,4,1,1,6,0.821960317,0.944235142,0.934506135,0.910281232,0.927496181
KOR,2020/5/3,1,5,2,5,13,0.826466624,0.950832045,0.941887885,0.914679673,0.933038957
KOR,2020/5/4,0,3,3,2,8,0.830972931,0.957428949,0.949269635,0.919078114,0.938581734
KOR,2020/5/5,0,1,2,0,3,0.835479238,0.949920127,0.923157924,0.92179581,0.925986376
KOR,2020/5/6,0,1,0,1,2,0.839985545,0.942411305,0.897046213,0.924513506,0.913391018
KOR,2020/5/7,1,3,0,0,4,0.844491852,0.934902483,0.870934502,0.927231203,0.900795661
KOR,2020/5/8,1,8,2,1,12,0.84899816,0.927393661,0.844822791,0.929948899,0.888200303
KOR,2020/5/9,2,15,1,0,18,0.853504467,0.919884839,0.81871108,0.932666595,0.875604945
KOR,2020/5/10,3,22,6,3,34,0.858010774,0.912376017,0.79259937,0.935384292,0.863009588
KOR,2020/5/11,1,29,4,1,35,0.862517081,0.904867195,0.766487659,0.938101988,0.85041423
KOR,2020/5/12,5,16,5,1,27,0.867023388,0.909620018,0.784717606,0.940819684,0.860272076
KOR,2020/5/13,2,18,3,3,26,0.871529695,0.91437284,0.802947553,0.943537381,0.870129922
KOR,2020/5/14,11,17,1,0,29,0.876036002,0.919125663,0.8211775,0.946255077,0.879987767
KOR,2020/5/15,5,15,3,4,27,0.880542309,0.923878486,0.839407447,0.948972774,0.889845613
KOR,2020/5/16,4,10,2,3,19,0.885048616,0.928631309,0.857637394,0.95169047,0.899703459
KOR,2020/5/17,1,7,4,1,13,0.889554923,0.933384132,0.875867342,0.954408166,0.909561305
KOR,2020/5/18,1,7,6,1,15,0.89406123,0.938136954,0.894097289,0.957125863,0.919419151
KOR,2020/5/19,1,5,3,4,13,0.891761316,0.93208472,0.903624461,0.963250739,0.924023013
KOR,2020/5/20,7,16,7,2,32,0.889461401,0.926032485,0.913151634,0.969375616,0.928626876
KOR,2020/5/21,4,5,3,0,12,0.887161486,0.919980251,0.922678806,0.975500493,0.933230739
KOR,2020/5/22,3,12,4,1,20,0.884861571,0.913928016,0.932205979,0.98162537,0.937834602
KOR,2020/5/23,1,8,10,4,23,0.882561656,0.907875782,0.941733151,0.987750246,0.942438465
KOR,2020/5/24,2,8,11,4,25,0.880261742,0.901823547,0.951260324,0.993875123,0.947042328
KOR,2020/5/25,1,6,7,2,16,0.877961827,0.895771313,0.960787496,1,0.95164619
KOR,2020/5/26,2,7,7,3,19,0.875661912,0.895622866,0.96084512,0.992437519,0.949647142
KOR,2020/5/27,5,14,9,12,40,0.873361997,0.89547442,0.960902745,0.984875038,0.947648094
KOR,2020/5/28,6,41,26,6,79,0.871062082,0.895325973,0.960960369,0.977312557,0.945649046
KOR,2020/5/29,7,21,19,11,58,0.868762168,0.895177526,0.961017993,0.969750076,0.943649998
KOR,2020/5/30,6,11,14,8,39,0.866462253,0.89502908,0.961075617,0.962187595,0.94165095
KOR,2020/5/31,0,16,10,1,27,0.864162338,0.894880633,0.961133241,0.954625114,0.939651902
KOR,2020/6/1,3,6,19,7,35,0.861862423,0.894732187,0.961190865,0.947062633,0.937652854
KOR,2020/6/2,2,8,11,17,38,0.859562508,0.89458374,0.961248489,0.939500152,0.935653805
KOR,2020/6/3,3,11,14,21,49,0.857262593,0.894435294,0.961306113,0.931937671,0.933654757
KOR,2020/6/4,2,8,12,17,39,0.854962679,0.894286847,0.961363738,0.92437519,0.931655709
KOR,2020/6/5,2,7,10,20,39,0.852662764,0.8941384,0.961421362,0.916812709,0.929656661
KOR,2020/6/6,4,8,19,20,51,0.850362849,0.893989954,0.961478986,0.909250228,0.927657613
KOR,2020/6/7,7,9,19,22,57,0.848062934,0.893841507,0.96153661,0.901687747,0.925658565
KOR,2020/6/8,2,7,11,17,37,0.845763019,0.893693061,0.961594234,0.894125266,0.923659517
KOR,2020/6/9,0,5,14,19,38,0.843463105,0.891108901,0.943375447,0.895068364,0.914661071
KOR,2020/6/10,3,15,8,24,50,0.84116319,0.888524742,0.92515666,0.896011462,0.905662626
KOR,2020/6/11,4,16,14,11,45,0.838863275,0.885940583,0.906937873,0.896954559,0.896664181
KOR,2020/6/12,3,19,18,16,56,0.83656336,0.883356424,0.888719086,0.897897657,0.887665735
KOR,2020/6/13,2,10,12,24,48,0.834263445,0.880772265,0.870500299,0.898840755,0.87866729
KOR,2020/6/14,0,11,13,10,34,0.831963531,0.878188105,0.852281512,0.899783853,0.869668845
KOR,2020/6/15,2,10,17,8,37,0.829663616,0.875603946,0.834062724,0.900726951,0.860670399
KOR,2020/6/16,3,7,10,14,34,0.823575072,0.873906874,0.851623771,0.914908815,0.870248363
KOR,2020/6/17,3,22,9,9,43,0.817486528,0.872209801,0.869184817,0.929090679,0.879826327
KOR,2020/6/18,2,14,15,28,59,0.811397985,0.870512728,0.886745863,0.943272543,0.88940429
KOR,2020/6/19,2,17,15,15,49,0.805309441,0.868815655,0.904306909,0.957454408,0.898982254
KOR,2020/6/20,6,22,20,19,67,0.799220897,0.867118583,0.921867956,0.971636272,0.908560217
KOR,2020/6/21,1,15,13,19,48,0.793132353,0.86542151,0.939429002,0.985818136,0.918138181
KOR,2020/6/22,1,7,6,3,17,0.78704381,0.863724437,0.956990048,1,0.927716145
KOR,2020/6/23,3,14,17,12,46,0.780955266,0.870225677,0.959155386,1,0.930804206
KOR,2020/6/24,3,17,22,9,51,0.774866722,0.876726917,0.961320724,1,0.933892267
KOR,2020/6/25,3,10,8,7,28,0.768778179,0.883228156,0.963486061,1,0.936980328
KOR,2020/6/26,2,18,10,9,39,0.762689635,0.889729396,0.965651399,1,0.940068389
KOR,2020/6/27,3,24,11,13,51,0.756601091,0.896230636,0.967816737,1,0.943156451
KOR,2020/6/28,5,25,15,17,62,0.750512547,0.902731875,0.969982074,1,0.946244512
KOR,2020/6/29,4,14,11,13,42,0.744424004,0.909233115,0.972147412,1,0.949332573
KOR,2020/6/30,6,16,14,6,42,0.754794948,0.913194713,0.95932186,0.985924204,0.943550696
KOR,2020/7/1,2,16,19,14,51,0.765165893,0.917156311,0.946496308,0.971848407,0.937768819
KOR,2020/7/2,4,14,16,20,54,0.775536837,0.921117909,0.933670756,0.957772611,0.931986942
KOR,2020/7/3,11,20,13,17,61,0.785907781,0.925079508,0.920845203,0.943696814,0.926205065
KOR,2020/7/4,5,28,16,14,63,0.796278726,0.929041106,0.908019651,0.929621018,0.920423188
KOR,2020/7/5,6,17,18,20,61,0.80664967,0.933002704,0.895194099,0.915545221,0.914641311
KOR,2020/7/6,6,17,15,10,48,0.817020615,0.936964302,0.882368547,0.901469425,0.908859435
KOR,2020/7/7,3,18,14,9,44,0.827391559,0.93672725,0.887575078,0.894398707,0.90946868
KOR,2020/7/8,4,22,24,12,62,0.837762503,0.936490198,0.892781609,0.887327988,0.910077925
KOR,2020/7/9,6,18,21,5,50,0.848133448,0.936253146,0.89798814,0.88025727,0.91068717
KOR,2020/7/10,6,19,13,7,45,0.858504392,0.936016094,0.903194671,0.873186552,0.911296415
KOR,2020/7/11,1,14,10,10,35,0.868875336,0.935779042,0.908401202,0.866115833,0.911905661
KOR,2020/7/12,8,17,8,11,44,0.879246281,0.935541991,0.913607733,0.859045115,0.912514906
KOR,2020/7/13,7,33,13,9,62,0.889617225,0.935304939,0.918814264,0.851974397,0.913124151
KOR,2020/7/14,4,11,9,9,33,0.892288904,0.93661026,0.921609522,0.873120912,0.919145487
KOR,2020/7/15,2,12,18,7,39,0.894960583,0.937915581,0.92440478,0.894267426,0.925166823
KOR,2020/7/16,8,28,15,10,61,0.897632262,0.939220902,0.927200038,0.915413941,0.93118816
KOR,2020/7/17,4,23,22,11,60,0.900303941,0.940526223,0.929995295,0.936560456,0.937209496
KOR,2020/7/18,7,15,16,1,39,0.902975619,0.941831544,0.932790553,0.957706971,0.943230832
KOR,2020/7/19,5,13,7,9,34,0.905647298,0.943136865,0.935585811,0.978853485,0.949252168
KOR,2020/7/20,4,14,6,2,26,0.908318977,0.944442186,0.938381069,1,0.955273504
KOR,2020/7/21,2,20,8,15,45,0.903601795,0.940815778,0.939005269,0.987134178,0.951237909
KOR,2020/7/22,7,16,19,21,63,0.898884614,0.937189371,0.939629468,0.974268356,0.947202315
KOR,2020/7/23,4,22,20,13,59,0.894167432,0.933562964,0.940253667,0.961402535,0.94316672
KOR,2020/7/24,2,8,14,17,41,0.88945025,0.929936556,0.940877867,0.948536713,0.939131125
KOR,2020/7/25,2,51,48,12,113,0.884733069,0.926310149,0.941502066,0.935670891,0.93509553
KOR,2020/7/26,0,17,33,8,58,0.880015887,0.922683742,0.942126265,0.922805069,0.931059936
KOR,2020/7/27,2,13,3,7,25,0.875298705,0.919057334,0.942750465,0.909939247,0.927024341
KOR,2020/7/28,4,8,12,4,28,0.885359636,0.922838344,0.944441766,0.918591418,0.930684949
KOR,2020/7/29,1,22,16,9,48,0.895420567,0.926619354,0.946133068,0.927243589,0.934345557
KOR,2020/7/30,0,8,4,6,18,0.905481498,0.930400364,0.947824369,0.93589576,0.938006165
KOR,2020/7/31,1,18,12,5,36,0.915542429,0.934181374,0.949515671,0.944547931,0.941666773
KOR,2020/8/1,1,10,14,6,31,0.925603361,0.937962384,0.951206973,0.953200102,0.945327381
KOR,2020/8/2,2,12,12,4,30,0.935664292,0.941743394,0.952898274,0.961852273,0.948987989
KOR,2020/8/3,5,6,7,5,23,0.945725223,0.945524404,0.954589576,0.970504444,0.952648597
KOR,2020/8/4,9,11,10,4,34,0.949601993,0.943373552,0.951213304,0.963553507,0.949160707
KOR,2020/8/5,4,13,10,6,33,0.953478762,0.9412227,0.947837032,0.95660257,0.945672817
KOR,2020/8/6,4,16,11,12,43,0.957355532,0.939071848,0.94446076,0.949651633,0.942184928
KOR,2020/8/7,4,4,7,5,20,0.961232302,0.936920996,0.941084488,0.942700696,0.938697038
KOR,2020/8/8,2,11,14,16,43,0.965109072,0.934770144,0.937708216,0.935749759,0.935209148
KOR,2020/8/9,5,12,10,9,36,0.968985842,0.932619292,0.934331944,0.928798822,0.931721258
KOR,2020/8/10,0,7,7,14,28,0.972862611,0.93046844,0.930955672,0.921847885,0.928233368
KOR,2020/8/11,0,11,13,10,34,0.976739381,0.928317589,0.933353316,0.92684455,0.929785454
KOR,2020/8/12,8,15,24,7,54,0.980616151,0.926166737,0.93575096,0.931841215,0.931337539
KOR,2020/8/13,8,23,15,10,56,0.984492921,0.924015885,0.938148604,0.93683788,0.932889625
KOR,2020/8/14,14,31,35,23,103,0.988369691,0.921865033,0.940546249,0.941834545,0.93444171
KOR,2020/8/15,14,52,57,43,166,0.99224646,0.919714181,0.942943893,0.946831209,0.935993796
KOR,2020/8/16,26,67,93,93,279,0.99612323,0.917563329,0.945341537,0.951827874,0.937545881
KOR,2020/8/17,18,49,60,70,197,1,0.915412477,0.947739181,0.956824539,0.939097967
KOR,2020/8/18,23,44,89,90,246,0.994882928,0.917050419,0.943751671,0.962992462,0.947798257
KOR,2020/8/19,31,60,97,109,297,0.989765857,0.918688361,0.939764162,0.969160385,0.956498548
KOR,2020/8/20,47,66,87,88,288,0.984648785,0.920326303,0.935776652,0.975328308,0.965198838
KOR,2020/8/21,25,82,103,114,324,0.979531714,0.921964244,0.931789143,0.981496231,0.973899129
KOR,2020/8/22,30,95,114,93,332,0.974414642,0.923602186,0.927801633,0.987664154,0.982599419
KOR,2020/8/23,51,74,144,127,396,0.96929757,0.925240128,0.923814124,0.993832077,0.99129971
KOR,2020/8/24,22,65,87,92,266,0.964180499,0.92687807,0.919826614,1,1
KOR,2020/8/25,33,72,86,89,280,0.959063427,0.928516012,0.915839105,0.981007081,0.986730924
KOR,2020/8/26,26,84,102,108,320,0.953946355,0.930153954,0.911851595,0.962014163,0.973461849
KOR,2020/8/27,36,100,180,125,441,0.948829284,0.931791895,0.907864086,0.943021244,0.960192773
KOR,2020/8/28,34,81,123,133,371,0.943712212,0.933429837,0.903876576,0.924028325,0.946923697
KOR,2020/8/29,34,67,101,121,323,0.938595141,0.935067779,0.899889067,0.905035406,0.933654621
KOR,2020/8/30,22,83,93,101,299,0.933478069,0.936705721,0.895901557,0.886042488,0.920385546
KOR,2020/8/31,21,58,77,92,248,0.928360997,0.938343663,0.891914047,0.867049569,0.90711647
KOR,2020/9/1,31,49,70,85,235,0.923243926,0.937274316,0.903744621,0.875708895,0.912874291
KOR,2020/9/2,22,68,72,105,267,0.918126854,0.936204968,0.915575195,0.88436822,0.918632112
KOR,2020/9/3,14,43,65,73,195,0.913009782,0.935135621,0.927405768,0.893027546,0.924389932
KOR,2020/9/4,16,41,66,75,198,0.907892711,0.934066274,0.939236342,0.901686871,0.930147753
KOR,2020/9/5,9,33,57,69,168,0.902775639,0.932996927,0.951066916,0.910346197,0.935905574
KOR,2020/9/6,11,34,60,62,167,0.897658568,0.93192758,0.962897489,0.919005523,0.941663395
KOR,2020/9/7,8,30,38,43,119,0.892541496,0.930858233,0.974728063,0.927664848,0.947421216
KOR,2020/9/8,13,29,50,44,136,0.900217103,0.932125901,0.973703143,0.931489111,0.9483614
KOR,2020/9/9,14,24,44,74,156,0.907892711,0.933393568,0.972678224,0.935313374,0.949301583
KOR,2020/9/10,16,25,46,68,155,0.915568318,0.934661236,0.971653304,0.939137637,0.950241767
KOR,2020/9/11,6,41,56,73,176,0.923243926,0.935928904,0.970628385,0.942961901,0.95118195
KOR,2020/9/12,9,28,52,47,136,0.930919533,0.937196572,0.969603466,0.946786164,0.952122134
KOR,2020/9/13,7,38,30,46,121,0.938595141,0.938464239,0.968578546,0.950610427,0.953062317
KOR,2020/9/14,5,28,35,41,109,0.946270748,0.939731907,0.967553627,0.95443469,0.954002501
KOR,2020/9/15,14,18,36,38,106,0.953946355,0.940999575,0.966528707,0.958258953,0.954942685
KOR,2020/9/16,4,23,39,47,113,0.961621963,0.942267242,0.965503788,0.962083216,0.955882868
KOR,2020/9/17,13,36,56,48,153,0.96929757,0.94353491,0.964478868,0.965907479,0.956823052
KOR,2020/9/18,7,33,45,41,126,0.976973178,0.944802578,0.963453949,0.969731742,0.957763235
KOR,2020/9/19,6,13,44,47,110,0.984648785,0.946070246,0.96242903,0.973556005,0.958703419
KOR,2020/9/20,5,17,26,34,82,0.992324393,0.947337913,0.96140411,0.977380269,0.959643603
KOR,2020/9/21,5,28,19,18,70,1,0.948605581,0.960379191,0.981204532,0.960583786
KOR,2020/9/22,3,16,26,16,61,1,0.947291585,0.957068423,0.971394096,0.956959689
KOR,2020/9/23,8,19,37,46,110,1,0.945977588,0.953757656,0.96158366,0.953335593
KOR,2020/9/24,10,24,46,45,125,1,0.944663592,0.950446889,0.951773224,0.949711496
KOR,2020/9/25,8,26,34,46,114,1,0.943349595,0.947136121,0.941962789,0.946087399
KOR,2020/9/26,7,14,15,25,61,1,0.942035599,0.943825354,0.932152353,0.942463302
KOR,2020/9/27,4,30,31,30,95,1,0.940721602,0.940514586,0.922341917,0.938839205
KOR,2020/9/28,8,8,15,19,50,1,0.939407606,0.937203819,0.912531481,0.935215108
KOR,2020/9/29,4,15,12,7,38,1,0.948063662,0.939849736,0.910233394,0.936015681
KOR,2020/9/30,10,28,46,29,113,1,0.956719719,0.942495653,0.907935307,0.936816254
KOR,2020/10/1,10,16,27,24,77,1,0.965375775,0.945141569,0.90563722,0.937616827
KOR,2020/10/2,9,16,17,21,63,1,0.974031831,0.947787486,0.903339133,0.9384174
KOR,2020/10/3,2,19,22,32,75,1,0.982687887,0.950433403,0.901041046,0.939217973
KOR,2020/10/4,4,13,21,26,64,1,0.991343944,0.95307932,0.898742958,0.940018546
KOR,2020/10/5,3,26,20,24,73,1,1,0.955725236,0.896444871,0.940819119
KOR,2020/10/6,13,34,13,15,75,1,0.990641257,0.955365008,0.894595321,0.940416301
KOR,2020/10/7,3,21,38,52,114,1,0.981282515,0.955004779,0.89274577,0.940013483
KOR,2020/10/8,11,13,21,24,69,1,0.971923772,0.954644551,0.890896219,0.939610665
KOR,2020/10/9,12,15,11,16,54,1,0.96256503,0.954284322,0.889046668,0.939207847
KOR,2020/10/10,4,18,17,33,72,1,0.953206287,0.953924094,0.887197117,0.938805029
KOR,2020/10/11,4,25,14,15,58,1,0.943847545,0.953563865,0.885347566,0.938402212
KOR,2020/10/12,10,38,28,22,98,1,0.934488802,0.953203636,0.883498015,0.937999394
KOR,2020/10/13,12,33,27,19,91,1,0.943847545,0.95166326,0.892484709,0.940314448
KOR,2020/10/14,11,41,20,12,84,1,0.953206287,0.950122884,0.901471403,0.942629502
KOR,2020/10/15,8,27,19,56,110,1,0.96256503,0.948582507,0.910458097,0.944944557
KOR,2020/10/16,2,16,18,11,47,1,0.971923772,0.947042131,0.919444791,0.947259611
KOR,2020/10/17,4,21,25,23,73,1,0.981282515,0.945501755,0.928431485,0.949574665
KOR,2020/10/18,6,26,35,24,91,1,0.990641257,0.943961378,0.937418179,0.95188972
KOR,2020/10/19,5,20,28,23,76,1,1,0.942421002,0.946404873,0.954204774
KOR,2020/10/20,6,18,21,13,58,1,1,0.944241362,0.954061319,0.957273857
KOR,2020/10/21,5,22,33,29,89,1,1,0.946061722,0.961717766,0.960342941
KOR,2020/10/22,4,30,42,45,121,1,1,0.947882082,0.969374213,0.963412024
KOR,2020/10/23,13,28,47,67,155,1,1,0.949702443,0.97703066,0.966481107
KOR,2020/10/24,14,16,23,24,77,1,1,0.951522803,0.984687106,0.969550191
KOR,2020/10/25,12,18,20,11,61,1,1,0.953343163,0.992343553,0.972619274
KOR,2020/10/26,11,46,44,18,119,1,1,0.955163523,1,0.975688357
KOR,2020/10/27,9,21,37,21,88,1,0.994454058,0.95300158,0.999115518,0.972958567
KOR,2020/10/28,10,35,37,21,103,1,0.988908116,0.950839637,0.998231037,0.970228777
KOR,2020/10/29,19,36,32,38,125,1,0.983362174,0.948677694,0.997346555,0.967498986
KOR,2020/10/30,17,32,35,29,113,1,0.977816233,0.946515751,0.996462073,0.964769196
KOR,2020/10/31,12,43,44,28,127,1,0.972270291,0.944353807,0.995577592,0.962039405
KOR,2020/11/1,19,43,38,24,124,1,0.966724349,0.942191864,0.99469311,0.959309615
KOR,2020/11/2,16,22,29,30,97,1,0.961178407,0.940029921,0.993808629,0.956579825
KOR,2020/11/3,8,30,20,17,75,1,0.955632465,0.937867978,0.992924147,0.953850034
KOR,2020/11/4,5,43,31,38,117,1,0.950086523,0.935706035,0.992039665,0.951120244
KOR,2020/11/5,9,41,52,23,125,1,0.944540581,0.933544092,0.991155184,0.948390453
KOR,2020/11/6,16,48,54,27,145,1,0.93899464,0.931382149,0.990270702,0.945660663
KOR,2020/11/7,6,25,30,28,89,1,0.933448698,0.929220206,0.98938622,0.942930873
KOR,2020/11/8,7,35,44,57,143,1,0.927902756,0.927058263,0.988501739,0.940201082
KOR,2020/11/9,9,40,38,39,126,1,0.922356814,0.924896319,0.987617257,0.937471292
KOR,2020/11/10,12,34,25,29,100,1,0.908413209,0.929989655,0.98938622,0.937554113
KOR,2020/11/11,11,38,32,64,145,1,0.894469604,0.935082991,0.991155184,0.937636935
KOR,2020/11/12,19,49,47,28,143,1,0.880525999,0.940176327,0.992924147,0.937719757
KOR,2020/11/13,16,47,65,63,191,1,0.866582394,0.945269663,0.99469311,0.937802578
KOR,2020/11/14,26,68,65,46,205,1,0.852638789,0.950363,0.996462073,0.9378854
KOR,2020/11/15,21,53,76,58,208,1,0.838695184,0.955456336,0.998231037,0.937968222
KOR,2020/11/16,17,64,69,72,222,1,0.824751578,0.960549672,1,0.938051043
KOR,2020/11/17,23,63,80,64,230,1,0.829419607,0.960563258,0.997597166,0.938643911
KOR,2020/11/18,20,82,102,81,285,1,0.834087635,0.960576844,0.995194332,0.939236778
KOR,2020/11/19,66,82,105,72,325,1,0.838755663,0.960590431,0.992791498,0.939829646
KOR,2020/11/20,46,111,108,83,348,1,0.843423691,0.960604017,0.990388664,0.940422513
KOR,2020/11/21,51,157,112,66,386,1,0.848091719,0.960617604,0.98798583,0.941015381
KOR,2020/11/22,37,112,120,61,330,1,0.852759747,0.96063119,0.985582995,0.941608248
KOR,2020/11/23,44,82,99,46,271,1,0.857427776,0.960644777,0.983180161,0.942201116
KOR,2020/11/24,33,119,122,75,349,1,0.862095804,0.960658363,0.980777327,0.942793984
KOR,2020/11/25,42,113,147,80,382,1,0.866763832,0.96067195,0.978374493,0.943386851
KOR,2020/11/26,78,206,188,109,581,1,0.87143186,0.960685536,0.975971659,0.943979719
KOR,2020/11/27,61,161,212,121,555,1,0.876099888,0.960699122,0.973568825,0.944572586
KOR,2020/11/28,51,151,173,128,503,1,0.880767916,0.960712709,0.971165991,0.945165454
KOR,2020/11/29,54,159,152,85,450,1,0.885435944,0.960726295,0.968763157,0.945758321
KOR,2020/11/30,70,114,145,109,438,1,0.890103973,0.960739882,0.966360323,0.946351189
KOR,2020/12/1,62,148,157,84,451,1,0.894772001,0.960753468,0.963957489,0.946944056
KOR,2020/12/2,62,174,177,98,511,1,0.899440029,0.960767055,0.961554655,0.947536924
KOR,2020/12/3,72,172,188,108,540,1,0.904108057,0.960780641,0.95915182,0.948129792
KOR,2020/12/4,71,181,208,168,628,1,0.908776085,0.960794228,0.956748986,0.948722659
KOR,2020/12/5,75,163,169,170,577,1,0.913444113,0.960807814,0.954346152,0.949315527
KOR,2020/12/6,52,162,196,221,631,1,0.918112142,0.960821401,0.951943318,0.949908394
KOR,2020/12/7,45,159,212,199,615,1,0.92278017,0.960834987,0.949540484,0.950501262
KOR,2020/12/8,55,143,192,197,587,1,0.927448198,0.960848573,0.94713765,0.951094129
KOR,2020/12/9,63,162,217,228,670,1,0.932116226,0.96086216,0.944734816,0.951686997
KOR,2020/12/10,90,191,202,196,679,1,0.936784254,0.960875746,0.942331982,0.952279864
KOR,2020/12/11,79,165,225,220,689,1,0.941452282,0.960889333,0.939929148,0.952872732
KOR,2020/12/12,138,210,317,285,950,1,0.946120311,0.960902919,0.937526314,0.953465599
KOR,2020/12/13,110,219,342,359,1030,1,0.950788339,0.960916506,0.93512348,0.954058467
KOR,2020/12/14,85,174,257,202,718,1,0.955456367,0.960930092,0.932720645,0.954651335
KOR,2020/12/15,94,212,276,297,879,1,0.947022634,0.961792493,0.942331982,0.955736129
KOR,2020/12/16,114,257,357,350,1078,1,0.938588902,0.962654893,0.951943318,0.956820923
KOR,2020/12/17,111,231,355,316,1013,1,0.93015517,0.963517294,0.961554655,0.957905718
KOR,2020/12/18,106,254,361,343,1064,1,0.921721437,0.964379694,0.971165991,0.958990512
KOR,2020/12/19,98,243,370,334,1045,1,0.913287705,0.965242095,0.980777327,0.960075306
KOR,2020/12/20,118,279,386,313,1096,1,0.904853972,0.966104495,0.990388664,0.961160101
KOR,2020/12/21,91,213,319,301,924,1,0.89642024,0.966966896,1,0.962244895
KOR,2020/12/22,87,208,303,268,866,1,0.899677562,0.964240504,0.997510378,0.960809548
KOR,2020/12/23,108,226,389,367,1090,1,0.902934884,0.961514113,0.995020757,0.959374202
KOR,2020/12/24,105,264,316,300,985,1,0.906192206,0.958787722,0.992531135,0.957938855
KOR,2020/12/25,113,327,436,364,1240,1,0.909449528,0.95606133,0.990041513,0.956503508
KOR,2020/12/26,127,276,387,341,1131,1,0.91270685,0.953334939,0.987551891,0.955068162
KOR,2020/12/27,97,242,350,281,970,1,0.915964173,0.950608547,0.98506227,0.953632815
KOR,2020/12/28,85,189,292,240,806,1,0.919221495,0.947882156,0.982572648,0.952197468
KOR,2020/12/29,93,292,362,296,1043,1,0.922478817,0.945155765,0.980083026,0.950762121
KOR,2020/12/30,96,228,361,365,1050,1,0.925736139,0.942429373,0.977593405,0.949326775
KOR,2020/12/31,116,225,320,306,967,1,0.928993461,0.939702982,0.975103783,0.947891428
KOR,2021/1/1,115,274,358,280,1027,1,0.932250783,0.93697659,0.972614161,0.946456081
KOR,2021/1/2,105,218,265,232,820,1,0.935508105,0.934250199,0.970124539,0.945020735
KOR,2021/1/3,78,158,214,207,657,1,0.938765427,0.931523808,0.967634918,0.943585388
KOR,2021/1/4,111,247,359,303,1020,1,0.942022749,0.928797416,0.965145296,0.942150041
KOR,2021/1/5,87,204,242,181,714,1,0.929527698,0.915166213,0.922936471,0.922314741
KOR,2021/1/6,105,213,249,271,838,1,0.917032647,0.90153501,0.880727646,0.902479441
KOR,2021/1/7,96,242,331,200,869,1,0.904537596,0.887903808,0.83851882,0.882644141
KOR,2021/1/8,77,178,209,210,674,1,0.892042545,0.874272605,0.796309995,0.862808841
KOR,2021/1/9,82,191,213,155,641,1,0.879547494,0.860641402,0.75410117,0.842973541
KOR,2021/1/10,92,164,234,167,657,1,0.867052443,0.847010199,0.711892345,0.823138241
KOR,2021/1/11,55,101,140,155,451,1,0.854557392,0.833378996,0.669683519,0.803302941
KOR,2021/1/12,66,130,193,148,537,1,0.870402459,0.851544629,0.716871588,0.827585946
KOR,2021/1/13,52,147,211,151,561,1,0.886247527,0.869710262,0.764059657,0.85186895
KOR,2021/1/14,70,129,184,141,524,1,0.902092595,0.887875895,0.811247725,0.876151955
KOR,2021/1/15,79,132,177,124,512,1,0.917937663,0.906041528,0.858435794,0.900434959
KOR,2021/1/16,91,128,185,176,580,1,0.933782731,0.924207161,0.905623863,0.924717964
KOR,2021/1/17,57,147,169,147,520,1,0.949627799,0.942372794,0.952811931,0.949000969
KOR,2021/1/18,48,101,141,99,389,1,0.965472867,0.960538427,1,0.973283973
KOR,2021/1/19,49,110,145,82,386,0.986184958,0.960724466,0.962626871,0.995879635,0.970974555
KOR,2021/1/20,54,103,134,113,404,0.972369917,0.955976064,0.964715314,0.991759271,0.968665137
KOR,2021/1/21,42,95,138,125,400,0.958554875,0.951227663,0.966803758,0.987638906,0.966355718
KOR,2021/1/22,39,97,117,93,346,0.944739833,0.946479262,0.968892202,0.983518542,0.9640463
KOR,2021/1/23,51,108,144,128,431,0.930924792,0.941730861,0.970980645,0.979398177,0.961736881
KOR,2021/1/24,36,118,139,99,392,0.91710975,0.936982459,0.973069089,0.975277813,0.959427463
KOR,2021/1/25,152,86,118,81,437,0.903294709,0.932234058,0.975157532,0.971157448,0.957118044
KOR,2021/1/26,45,107,109,88,349,0.910202229,0.941914907,0.966952579,0.968381584,0.954736242
KOR,2021/1/27,139,139,164,117,559,0.91710975,0.951595756,0.958747625,0.96560572,0.95235444
KOR,2021/1/28,80,122,168,127,497,0.924017271,0.961276605,0.950542671,0.962829856,0.949972638
KOR,2021/1/29,61,100,162,146,469,0.930924792,0.970957453,0.942337718,0.960053992,0.947590836
KOR,2021/1/30,75,97,143,141,456,0.937832313,0.980638302,0.934132764,0.957278128,0.945209034
KOR,2021/1/31,37,95,118,103,353,0.944739833,0.990319151,0.925927811,0.954502264,0.942827232
KOR,2021/2/1,50,80,93,82,305,0.951647354,1,0.917722857,0.9517264,0.94044543
KOR,2021/2/2,39,87,122,88,336,0.958554875,0.991052349,0.927425654,0.954856061,0.944252139
KOR,2021/2/3,63,139,162,103,467,0.965462396,0.982104699,0.937128451,0.957985722,0.948058848
KOR,2021/2/4,54,114,151,132,451,0.972369917,0.973157048,0.946831248,0.961115383,0.951865558
KOR,2021/2/5,58,90,108,114,370,0.979277438,0.964209398,0.956534045,0.964245044,0.955672267
KOR,2021/2/6,56,91,137,106,390,0.986184958,0.955261747,0.966236842,0.967374705,0.959478976
KOR,2021/2/7,47,98,123,103,371,0.993092479,0.946314097,0.975939638,0.970504366,0.963285685
KOR,2021/2/8,28,65,105,90,288,1,0.937366446,0.985642435,0.973634027,0.967092394
KOR,2021/2/9,41,74,111,77,303,0.996554134,0.935490602,0.987693516,0.977400594,0.969154954
KOR,2021/2/10,75,121,154,94,444,0.993108269,0.933614757,0.989744597,0.981167162,0.971217514
KOR,2021/2/11,55,132,162,155,504,0.989662403,0.931738913,0.991795677,0.984933729,0.973280073
KOR,2021/2/12,50,108,123,122,403,0.986216538,0.929863068,0.993846758,0.988700297,0.975342633
KOR,2021/2/13,45,104,103,110,362,0.982770672,0.927987224,0.995897839,0.992466865,0.977405192
KOR,2021/2/14,41,90,92,103,326,0.979324806,0.92611138,0.997948919,0.996233432,0.979467752
KOR,2021/2/15,48,91,100,104,343,0.975878941,0.924235535,1,1,0.981530311
KOR,2021/2/16,56,141,151,109,457,0.972433075,0.926963115,0.994817608,0.99773966,0.97832664
KOR,2021/2/17,70,216,188,147,621,0.96898721,0.929690695,0.989635216,0.99547932,0.975122969
KOR,2021/2/18,67,209,202,143,621,0.965541344,0.932418275,0.984452825,0.99321898,0.971919299
KOR,2021/2/19,73,175,172,141,561,0.962095478,0.935145854,0.979270433,0.99095864,0.968715628
KOR,2021/2/20,62,133,138,114,447,0.958649613,0.937873434,0.974088041,0.9886983,0.965511957
KOR,2021/2/21,54,129,109,124,416,0.955203747,0.940601014,0.968905649,0.98643796,0.962308286
KOR,2021/2/22,52,105,82,93,332,0.951757881,0.943328594,0.963723257,0.98417762,0.959104615
KOR,2021/2/23,42,115,110,89,356,0.955203747,0.91119691,0.963260057,0.98643796,0.957852411
KOR,2021/2/24,51,141,135,113,440,0.958649613,0.879065227,0.962796856,0.9886983,0.956600207
KOR,2021/2/25,54,130,135,76,395,0.962095478,0.846933544,0.962333655,0.99095864,0.955348003
KOR,2021/2/26,40,121,130,96,387,0.965541344,0.814801861,0.961870454,0.99321898,0.9540958
KOR,2021/2/27,53,139,133,90,415,0.96898721,0.782670177,0.961407254,0.99547932,0.952843596
KOR,2021/2/28,42,91,133,89,355,0.972433075,0.750538494,0.960944053,0.99773966,0.951591392
KOR,2021/3/1,61,101,110,83,355,0.975878941,0.718406811,0.960480852,1,0.950339188
KOR,2021/3/2,59,108,108,69,344,0.979324806,0.752694066,0.962836622,0.99763182,0.953309063
KOR,2021/3/3,89,126,145,84,444,0.982770672,0.786981321,0.965192391,0.99526364,0.956278938
KOR,2021/3/4,56,145,146,77,424,0.986216538,0.821268576,0.967548161,0.99289546,0.959248813
KOR,2021/3/5,37,120,148,93,398,0.989662403,0.855555832,0.969903931,0.99052728,0.962218688
KOR,2021/3/6,49,149,130,90,418,0.993108269,0.889843087,0.9722597,0.9881591,0.965188563
KOR,2021/3/7,49,142,119,106,416,0.996554134,0.924130342,0.97461547,0.985790919,0.968158438
KOR,2021/3/8,52,108,115,71,346,1,0.958417597,0.976971239,0.983422739,0.971128312
KOR,2021/3/9,51,123,156,116,446,1,0.96435794,0.971562587,0.973550825,0.965997767
KOR,2021/3/10,65,152,138,115,470,1,0.970298284,0.966153934,0.963678911,0.960867221
KOR,2021/3/11,71,131,141,122,465,1,0.976238627,0.960745281,0.953806996,0.955736676
KOR,2021/3/12,70,144,141,133,488,1,0.98217897,0.955336628,0.943935082,0.95060613
KOR,2021/3/13,46,122,180,142,490,1,0.988119313,0.949927975,0.934063168,0.945475585
KOR,2021/3/14,41,155,156,107,459,1,0.994059657,0.944519322,0.924191253,0.940345039
KOR,2021/3/15,43,122,134,80,379,1,1,0.939110669,0.914319339,0.935214493
KOR,2021/3/16,41,94,138,90,363,1,0.98827134,0.944088434,0.923624998,0.938424667
KOR,2021/3/17,48,139,174,108,469,1,0.97654268,0.949066199,0.932930658,0.94163484
KOR,2021/3/18,47,143,160,95,445,1,0.96481402,0.954043963,0.942236317,0.944845013
KOR,2021/3/19,56,120,163,124,463,1,0.95308536,0.959021728,0.951541976,0.948055186
KOR,2021/3/20,46,149,150,102,447,1,0.941356701,0.963999492,0.960847635,0.95126536
KOR,2021/3/21,43,140,143,130,456,1,0.929628041,0.968977257,0.970153295,0.954475533
KOR,2021/3/22,44,140,143,88,415,1,0.917899381,0.973955021,0.979458954,0.957685706
KOR,2021/3/23,50,96,102,98,346,1,0.929628041,0.97308234,0.982393389,0.961115011
KOR,2021/3/24,64,145,128,91,428,1,0.941356701,0.972209658,0.985327824,0.964544317
KOR,2021/3/25,53,143,155,79,430,1,0.95308536,0.971336976,0.988262259,0.967973622
KOR,2021/3/26,77,147,161,104,489,1,0.96481402,0.970464294,0.991196694,0.971402927
KOR,2021/3/27,76,137,164,128,505,1,0.97654268,0.969591612,0.99413113,0.974832232
KOR,2021/3/28,67,143,129,142,481,1,0.98827134,0.968718931,0.997065565,0.978261538
KOR,2021/3/29,45,97,148,92,382,1,1,0.967846249,1,0.981690843
KOR,2021/3/30,59,131,162,95,447,1,1,0.967846249,1,0.981690843
KOR,2021/3/31,72,141,182,111,506,1,1,0.967846249,1,0.981690843
TWN,2020/2/1,0,1,1,0,2,0.789964695,0.756975266,0.565676656,0.583814545,0.6656407
TWN,2020/2/2,0,0,0,0,0,0.789964695,0.756975266,0.565676656,0.583814545,0.6656407
TWN,2020/2/3,0,0,2,0,2,0.789964695,0.756975266,0.565676656,0.583814545,0.6656407
TWN,2020/2/4,0,0,1,0,1,0.789964695,0.756975266,0.565676656,0.583814545,0.6656407
TWN,2020/2/5,0,0,0,1,1,0.789964695,0.756975266,0.565676656,0.583814545,0.6656407
TWN,2020/2/6,0,0,0,2,2,0.789964695,0.756975266,0.565676656,0.583814545,0.6656407
TWN,2020/2/7,0,0,0,0,0,0.789964695,0.756975266,0.565676656,0.583814545,0.6656407
TWN,2020/2/8,0,1,0,0,1,0.789964695,0.756975266,0.565676656,0.583814545,0.6656407
TWN,2020/2/9,0,0,0,0,0,0.789964695,0.756975266,0.565676656,0.583814545,0.6656407
TWN,2020/2/10,0,0,0,0,0,0.789964695,0.756975266,0.565676656,0.583814545,0.6656407
TWN,2020/2/11,0,0,0,0,0,0.789964695,0.756975266,0.565676656,0.583814545,0.6656407
TWN,2020/2/12,0,0,0,0,0,0.789964695,0.756975266,0.565676656,0.583814545,0.6656407
TWN,2020/2/13,0,0,0,0,0,0.789964695,0.756975266,0.565676656,0.583814545,0.6656407
TWN,2020/2/14,0,0,0,0,0,0.789964695,0.756975266,0.565676656,0.583814545,0.6656407
TWN,2020/2/15,0,0,1,0,1,0.789964695,0.756975266,0.565676656,0.583814545,0.6656407
TWN,2020/2/16,0,0,0,0,0,0.789964695,0.756975266,0.565676656,0.583814545,0.6656407
TWN,2020/2/17,0,0,0,0,0,0.789964695,0.756975266,0.565676656,0.583814545,0.6656407
TWN,2020/2/18,0,1,1,0,2,0.789964695,0.756975266,0.565676656,0.583814545,0.6656407
TWN,2020/2/19,0,0,3,0,3,0.789964695,0.756975266,0.565676656,0.583814545,0.6656407
TWN,2020/2/20,0,0,0,1,1,0.789964695,0.756975266,0.565676656,0.583814545,0.6656407
TWN,2020/2/21,0,0,0,0,0,0.789964695,0.756975266,0.565676656,0.583814545,0.6656407
TWN,2020/2/22,0,0,0,0,0,0.789964695,0.756975266,0.565676656,0.583814545,0.6656407
TWN,2020/2/23,1,0,1,0,2,0.789964695,0.756975266,0.565676656,0.583814545,0.6656407
TWN,2020/2/24,0,1,0,0,1,0.789964695,0.756975266,0.565676656,0.583814545,0.6656407
TWN,2020/2/25,0,2,1,0,3,0.789964695,0.756975266,0.565676656,0.583814545,0.6656407
TWN,2020/2/26,0,0,0,1,1,0.789964695,0.756975266,0.565676656,0.583814545,0.6656407
TWN,2020/2/27,0,0,1,0,1,0.789964695,0.756975266,0.565676656,0.583814545,0.6656407
TWN,2020/2/28,0,0,1,0,1,0.789964695,0.756975266,0.565676656,0.583814545,0.6656407
TWN,2020/2/29,0,1,0,0,1,0.789964695,0.756975266,0.565676656,0.583814545,0.6656407
TWN,2020/3/1,0,2,0,0,2,0.789964695,0.756975266,0.565676656,0.583814545,0.6656407
TWN,2020/3/2,0,2,0,0,2,0.789964695,0.756975266,0.565676656,0.583814545,0.6656407
TWN,2020/3/3,0,1,1,0,2,0.789964695,0.756975266,0.565676656,0.583814545,0.6656407
TWN,2020/3/4,0,0,0,0,0,0.789964695,0.756975266,0.565676656,0.583814545,0.6656407
TWN,2020/3/5,0,1,0,0,1,0.789964695,0.756975266,0.565676656,0.583814545,0.6656407
TWN,2020/3/6,0,8,0,0,8,0.789964695,0.756975266,0.565676656,0.583814545,0.6656407
TWN,2020/3/7,3,4,0,1,8,0.789964695,0.756975266,0.565676656,0.583814545,0.6656407
TWN,2020/3/8,0,8,2,0,10,0.789964695,0.756975266,0.565676656,0.583814545,0.6656407
TWN,2020/3/9,0,3,0,0,3,0.789964695,0.756975266,0.565676656,0.583814545,0.6656407
TWN,2020/3/10,1,7,0,1,9,0.789964695,0.756975266,0.565676656,0.583814545,0.6656407
TWN,2020/3/11,0,7,1,0,8,0.789964695,0.756975266,0.565676656,0.583814545,0.6656407
TWN,2020/3/12,2,14,1,1,18,0.789964695,0.756975266,0.565676656,0.583814545,0.6656407
TWN,2020/3/13,0,7,7,3,17,0.789964695,0.756975266,0.565676656,0.583814545,0.6656407
TWN,2020/3/14,0,15,13,1,29,0.789964695,0.756975266,0.565676656,0.583814545,0.6656407
TWN,2020/3/15,1,9,1,4,15,0.789964695,0.756975266,0.565676656,0.583814545,0.6656407
TWN,2020/3/16,0,25,4,2,31,0.789964695,0.756975266,0.565676656,0.583814545,0.6656407
TWN,2020/3/17,2,13,4,1,20,0.789964695,0.756975266,0.565676656,0.583814545,0.6656407
TWN,2020/3/18,3,15,4,3,25,0.789964695,0.756975266,0.565676656,0.583814545,0.6656407
TWN,2020/3/19,1,14,3,0,18,0.789964695,0.756975266,0.565676656,0.583814545,0.6656407
TWN,2020/3/20,3,14,4,6,27,0.789964695,0.756975266,0.565676656,0.583814545,0.6656407
TWN,2020/3/21,2,3,2,5,12,0.789964695,0.756975266,0.565676656,0.583814545,0.6656407
TWN,2020/3/22,2,6,5,2,15,0.789964695,0.756975266,0.565676656,0.583814545,0.6656407
TWN,2020/3/23,2,14,9,1,26,0.789964695,0.756975266,0.565676656,0.583814545,0.6656407
TWN,2020/3/24,0,4,1,2,7,0.789964695,0.756975266,0.565676656,0.583814545,0.6656407
TWN,2020/3/25,2,9,2,3,16,0.789964695,0.756975266,0.565676656,0.583814545,0.6656407
TWN,2020/3/26,2,4,1,2,9,0.789964695,0.756975266,0.565676656,0.583814545,0.6656407
TWN,2020/3/27,0,6,1,0,7,0.789964695,0.756975266,0.565676656,0.583814545,0.6656407
TWN,2020/3/28,0,5,0,1,6,0.789964695,0.756975266,0.565676656,0.583814545,0.6656407
TWN,2020/3/29,0,1,0,1,2,0.789964695,0.756975266,0.565676656,0.583814545,0.6656407
TWN,2020/3/30,0,5,3,0,8,0.789964695,0.756975266,0.565676656,0.583814545,0.6656407
TWN,2020/3/31,0,0,0,3,3,0.789964695,0.756975266,0.565676656,0.583814545,0.6656407
TWN,2020/4/1,0,3,0,1,4,0.789964695,0.756975266,0.565676656,0.583814545,0.6656407
TWN,2020/4/2,0,3,1,3,7,0.789964695,0.756975266,0.565676656,0.583814545,0.6656407
TWN,2020/4/3,0,2,1,1,4,0.789964695,0.756975266,0.565676656,0.583814545,0.6656407
TWN,2020/4/4,0,7,1,0,8,0.789964695,0.756975266,0.565676656,0.583814545,0.6656407
TWN,2020/4/5,0,2,0,0,2,0.789964695,0.756975266,0.565676656,0.583814545,0.6656407
TWN,2020/4/6,0,3,0,1,4,0.789964695,0.756975266,0.565676656,0.583814545,0.6656407
TWN,2020/4/7,0,0,0,0,0,0.789964695,0.756975266,0.565676656,0.583814545,0.6656407
TWN,2020/4/8,0,0,0,0,0,0.789964695,0.756975266,0.565676656,0.583814545,0.6656407
TWN,2020/4/9,0,1,0,2,3,0.789964695,0.756975266,0.565676656,0.583814545,0.6656407
TWN,2020/4/10,0,1,0,0,1,0.789964695,0.756975266,0.565676656,0.583814545,0.6656407
TWN,2020/4/11,0,0,0,3,3,0.789964695,0.756975266,0.565676656,0.583814545,0.6656407
TWN,2020/4/12,0,1,0,0,1,0.789964695,0.756975266,0.565676656,0.583814545,0.6656407
TWN,2020/4/13,0,3,0,0,3,0.789964695,0.756975266,0.565676656,0.583814545,0.6656407
TWN,2020/4/14,0,7,0,0,7,0.789964695,0.756975266,0.565676656,0.583814545,0.6656407
TWN,2020/4/15,0,3,0,0,3,0.789964695,0.756975266,0.565676656,0.583814545,0.6656407
TWN,2020/4/16,0,0,0,0,0,0.789964695,0.756975266,0.565676656,0.583814545,0.6656407
TWN,2020/4/17,0,1,0,0,1,0.789964695,0.756975266,0.565676656,0.583814545,0.6656407
TWN,2020/4/18,0,8,3,0,11,0.789964695,0.756975266,0.565676656,0.583814545,0.6656407
TWN,2020/4/19,0,3,0,0,3,0.789964695,0.756975266,0.565676656,0.583814545,0.6656407
TWN,2020/4/20,0,0,0,0,0,0.789964695,0.756975266,0.565676656,0.583814545,0.6656407
TWN,2020/4/21,0,1,0,0,1,0.789964695,0.756975266,0.565676656,0.583814545,0.6656407
TWN,2020/4/22,0,1,0,0,1,0.789964695,0.756975266,0.565676656,0.583814545,0.6656407
TWN,2020/4/23,0,0,0,0,0,0.789964695,0.756975266,0.565676656,0.583814545,0.6656407
TWN,2020/4/24,0,0,0,0,0,0.789964695,0.756975266,0.565676656,0.583814545,0.6656407
TWN,2020/4/25,0,0,0,0,0,0.789964695,0.756975266,0.565676656,0.583814545,0.6656407
TWN,2020/4/26,0,1,1,0,2,0.789964695,0.756975266,0.565676656,0.583814545,0.6656407
TWN,2020/4/27,0,1,0,0,1,0.794181759,0.763699595,0.578606336,0.585978714,0.673690776
TWN,2020/4/28,0,0,0,0,0,0.798398824,0.770423925,0.591536016,0.588142882,0.681740852
TWN,2020/4/29,0,0,0,0,0,0.802615888,0.777148254,0.604465696,0.590307051,0.689790928
TWN,2020/4/30,0,1,0,0,1,0.806832952,0.783872583,0.617395376,0.592471219,0.697841005
TWN,2020/5/1,0,0,0,0,0,0.811050016,0.790596912,0.630325056,0.594635388,0.705891081
TWN,2020/5/2,0,0,0,0,0,0.815267081,0.797321242,0.643254736,0.596799556,0.713941157
TWN,2020/5/3,0,4,0,0,4,0.819484145,0.804045571,0.656184416,0.598963725,0.721991233
TWN,2020/5/4,0,1,0,0,1,0.831713566,0.82068223,0.693953388,0.642504324,0.749828031
TWN,2020/5/5,0,0,0,0,0,0.843942987,0.837318889,0.73172236,0.686044922,0.777664828
TWN,2020/5/6,0,0,0,0,0,0.856172408,0.853955548,0.769491332,0.729585521,0.805501626
TWN,2020/5/7,0,0,0,0,0,0.868401829,0.870592206,0.807260303,0.773126119,0.833338424
TWN,2020/5/8,0,0,0,0,0,0.88063125,0.887228865,0.845029275,0.816666718,0.861175222
TWN,2020/5/9,0,0,0,0,0,0.892860671,0.903865524,0.882798247,0.860207316,0.889012019
TWN,2020/5/10,0,0,0,0,0,0.905090092,0.920502183,0.920567219,0.903747915,0.916848817
TWN,2020/5/11,0,0,0,0,0,0.899398585,0.916401701,0.918165364,0.900444607,0.913394047
TWN,2020/5/12,0,0,0,0,0,0.893707079,0.912301219,0.91576351,0.897141299,0.909939277
TWN,2020/5/13,0,0,0,0,0,0.888015572,0.908200737,0.913361655,0.893837991,0.906484507
TWN,2020/5/14,0,0,0,0,0,0.882324066,0.904100255,0.910959801,0.890534682,0.903029736
TWN,2020/5/15,0,1,0,0,1,0.876632559,0.899999773,0.908557946,0.887231374,0.899574966
TWN,2020/5/16,0,0,0,0,0,0.870941053,0.895899291,0.906156092,0.883928066,0.896120196
TWN,2020/5/17,0,0,0,0,0,0.865249546,0.891798809,0.903754237,0.880624758,0.892665426
TWN,2020/5/18,0,0,1,0,1,0.863296006,0.88778369,0.900132076,0.879665206,0.889342043
TWN,2020/5/19,0,0,0,0,0,0.861342466,0.88376857,0.896509915,0.878705654,0.886018661
TWN,2020/5/20,0,0,0,0,0,0.859388926,0.879753451,0.892887754,0.877746102,0.882695278
TWN,2020/5/21,0,0,0,0,0,0.857435386,0.875738332,0.889265594,0.876786551,0.879371895
TWN,2020/5/22,0,0,0,0,0,0.855481846,0.871723213,0.885643433,0.875826999,0.876048512
TWN,2020/5/23,0,0,1,0,1,0.853528306,0.867708093,0.882021272,0.874867447,0.87272513
TWN,2020/5/24,0,0,0,0,0,0.851574766,0.863692974,0.878399111,0.873907895,0.869401747
TWN,2020/5/25,0,0,1,0,1,0.847524919,0.861922551,0.875307455,0.876082513,0.867355103
TWN,2020/5/26,0,0,0,0,0,0.843475072,0.860152128,0.872215799,0.878257132,0.86530846
TWN,2020/5/27,0,0,0,0,0,0.839425225,0.858381705,0.869124143,0.88043175,0.863261816
TWN,2020/5/28,0,0,0,0,0,0.835375379,0.856611282,0.866032487,0.882606369,0.861215173
TWN,2020/5/29,0,0,0,0,0,0.831325532,0.854840859,0.862940831,0.884780987,0.859168529
TWN,2020/5/30,0,0,0,0,0,0.827275685,0.853070436,0.859849175,0.886955606,0.857121886
TWN,2020/5/31,0,0,0,0,0,0.823225838,0.851300013,0.856757519,0.889130224,0.855075242
TWN,2020/6/1,0,0,0,1,1,0.816423453,0.849634596,0.854430173,0.887104373,0.852516547
TWN,2020/6/2,0,0,0,0,0,0.809621069,0.847969179,0.852102828,0.885078522,0.849957852
TWN,2020/6/3,0,0,0,0,0,0.802818684,0.846303762,0.849775482,0.883052671,0.847399157
TWN,2020/6/4,0,0,0,0,0,0.796016299,0.844638346,0.847448137,0.881026819,0.844840463
TWN,2020/6/5,0,0,0,0,0,0.789213914,0.842972929,0.845120791,0.879000968,0.842281768
TWN,2020/6/6,0,0,0,0,0,0.78241153,0.841307512,0.842793446,0.876975117,0.839723073
TWN,2020/6/7,0,0,0,0,0,0.775609145,0.839642095,0.8404661,0.874949266,0.837164378
TWN,2020/6/8,0,0,0,0,0,0.766131211,0.832230137,0.834530975,0.866854733,0.830047595
TWN,2020/6/9,0,0,0,0,0,0.756653276,0.824818179,0.828595851,0.8587602,0.822930813
TWN,2020/6/10,0,0,0,0,0,0.747175342,0.817406221,0.822660726,0.850665667,0.81581403
TWN,2020/6/11,0,0,0,0,0,0.737697407,0.809994263,0.816725601,0.842571134,0.808697248
TWN,2020/6/12,0,0,0,0,0,0.728219473,0.802582305,0.810790476,0.834476601,0.801580465
TWN,2020/6/13,0,0,0,0,0,0.718741538,0.795170347,0.804855352,0.826382068,0.794463683
TWN,2020/6/14,0,0,0,0,0,0.709263604,0.787758389,0.798920227,0.818287535,0.7873469
TWN,2020/6/15,0,0,0,0,0,0.703239022,0.783926317,0.796204266,0.809141118,0.783080855
TWN,2020/6/16,0,0,0,1,1,0.697214441,0.780094245,0.793488305,0.7999947,0.77881481
TWN,2020/6/17,0,0,1,0,1,0.691189859,0.776262173,0.790772344,0.790848283,0.774548765
TWN,2020/6/18,0,0,0,0,0,0.685165278,0.772430101,0.788056384,0.781701865,0.770282719
TWN,2020/6/19,0,2,0,0,2,0.679140696,0.768598029,0.785340423,0.772555448,0.766016674
TWN,2020/6/20,0,0,0,0,0,0.673116115,0.764765957,0.782624462,0.76340903,0.761750629
TWN,2020/6/21,0,0,0,0,0,0.667091533,0.760933885,0.779908501,0.754262613,0.757484584
TWN,2020/6/22,0,0,0,0,0,0.666270708,0.755666266,0.771941753,0.758091301,0.752851637
TWN,2020/6/23,0,0,0,0,0,0.665449883,0.750398647,0.763975005,0.761919988,0.748218691
TWN,2020/6/24,0,0,0,0,0,0.664629058,0.745131028,0.756008257,0.765748676,0.743585744
TWN,2020/6/25,0,0,0,0,0,0.663808232,0.739863408,0.74804151,0.769577363,0.738952798
TWN,2020/6/26,0,0,0,0,0,0.662987407,0.734595789,0.740074762,0.773406051,0.734319851
TWN,2020/6/27,0,0,1,0,1,0.662166582,0.72932817,0.732108014,0.777234738,0.729686905
TWN,2020/6/28,0,0,0,0,0,0.661345757,0.724060551,0.724141266,0.781063426,0.725053958
TWN,2020/6/29,0,0,0,0,0,0.659640694,0.72289457,0.722582015,0.774296079,0.722872574
TWN,2020/6/30,0,0,0,0,0,0.65793563,0.72172859,0.721022763,0.767528732,0.720691189
TWN,2020/7/1,0,0,0,0,0,0.656230567,0.720562609,0.719463512,0.760761385,0.718509805
TWN,2020/7/2,0,0,1,0,1,0.654525503,0.719396628,0.717904261,0.753994037,0.71632842
TWN,2020/7/3,0,0,0,0,0,0.65282044,0.718230647,0.71634501,0.74722669,0.714147036
TWN,2020/7/4,0,0,0,0,0,0.651115376,0.717064667,0.714785758,0.740459343,0.711965651
TWN,2020/7/5,0,0,0,0,0,0.649410313,0.715898686,0.713226507,0.733691996,0.709784267
TWN,2020/7/6,0,0,0,0,0,0.647395441,0.71228539,0.711590053,0.74139441,0.708582093
TWN,2020/7/7,0,1,0,0,1,0.645380568,0.708672094,0.709953599,0.749096823,0.707379918
TWN,2020/7/8,0,0,0,0,0,0.643365696,0.705058798,0.708317145,0.756799237,0.706177744
TWN,2020/7/9,0,0,0,0,0,0.641350824,0.701445503,0.70668069,0.76450165,0.704975569
TWN,2020/7/10,0,0,0,1,1,0.639335952,0.697832207,0.705044236,0.772204064,0.703773395
TWN,2020/7/11,0,0,1,0,1,0.637321079,0.694218911,0.703407782,0.779906477,0.70257122
TWN,2020/7/12,0,0,0,1,1,0.635306207,0.690605615,0.701771328,0.787608891,0.701369046
TWN,2020/7/13,0,1,1,0,2,0.637468339,0.689404182,0.70196267,0.794609163,0.70198592
TWN,2020/7/14,0,2,0,1,3,0.639630471,0.688202749,0.702154012,0.801609435,0.702602793
TWN,2020/7/15,0,2,1,0,3,0.641792603,0.687001316,0.702345354,0.808609707,0.703219667
TWN,2020/7/16,0,1,0,0,1,0.643954735,0.685799882,0.702536696,0.815609979,0.703836541
TWN,2020/7/17,0,0,0,0,0,0.646116867,0.684598449,0.702728038,0.822610251,0.704453415
TWN,2020/7/18,0,1,0,0,1,0.648278999,0.683397016,0.70291938,0.829610523,0.705070288
TWN,2020/7/19,0,1,0,0,1,0.650441131,0.682195583,0.703110722,0.836610795,0.705687162
TWN,2020/7/20,0,0,0,0,0,0.648844922,0.677745042,0.700952174,0.822304638,0.701362569
TWN,2020/7/21,0,1,1,0,2,0.647248713,0.6732945,0.698793627,0.807998482,0.697037975
TWN,2020/7/22,0,0,1,0,1,0.645652504,0.668843959,0.696635079,0.793692325,0.692713382
TWN,2020/7/23,0,0,0,3,3,0.644056295,0.664393418,0.694476531,0.779386168,0.688388789
TWN,2020/7/24,0,0,0,1,1,0.642460086,0.659942877,0.692317983,0.765080011,0.684064196
TWN,2020/7/25,0,0,0,0,0,0.640863877,0.655492335,0.690159436,0.750773855,0.679739602
TWN,2020/7/26,0,0,1,1,2,0.639267668,0.651041794,0.688000888,0.736467698,0.675415009
TWN,2020/7/27,0,0,1,0,1,0.644473058,0.660071371,0.692686507,0.747745429,0.68263285
TWN,2020/7/28,0,0,0,1,1,0.649678448,0.669100948,0.697372125,0.759023161,0.689850691
TWN,2020/7/29,0,4,0,0,4,0.654883838,0.678130525,0.702057744,0.770300892,0.697068532
TWN,2020/7/30,0,1,1,0,2,0.660089227,0.687160101,0.706743363,0.781578623,0.704286374
TWN,2020/7/31,0,0,0,0,0,0.665294617,0.696189678,0.711428982,0.792856354,0.711504215
TWN,2020/8/1,0,1,0,0,1,0.670500007,0.705219255,0.7161146,0.804134086,0.718722056
TWN,2020/8/2,0,0,0,0,0,0.675705397,0.714248832,0.720800219,0.815411817,0.725939897
TWN,2020/8/3,0,0,0,4,4,0.681249936,0.722017636,0.730502044,0.82072271,0.733883665
TWN,2020/8/4,0,0,0,0,0,0.686794475,0.729786439,0.740203868,0.826033602,0.741827434
TWN,2020/8/5,0,0,0,0,0,0.692339014,0.737555243,0.749905693,0.831344495,0.749771202
TWN,2020/8/6,0,1,0,0,1,0.697883554,0.745324047,0.759607517,0.836655387,0.75771497
TWN,2020/8/7,0,0,0,0,0,0.703428093,0.753092851,0.769309342,0.84196628,0.765658738
TWN,2020/8/8,0,0,2,0,2,0.708972632,0.760861654,0.779011166,0.847277172,0.773602507
TWN,2020/8/9,0,0,0,0,0,0.714517171,0.768630458,0.788712991,0.852588065,0.781546275
TWN,2020/8/10,0,1,0,0,1,0.720447899,0.771218989,0.791312144,0.857557167,0.784700315
TWN,2020/8/11,0,0,0,0,0,0.726378627,0.773807521,0.793911297,0.862526268,0.787854355
TWN,2020/8/12,0,0,0,0,0,0.732309355,0.776396052,0.79651045,0.86749537,0.791008395
TWN,2020/8/13,0,0,0,0,0,0.738240082,0.778984583,0.799109602,0.872464471,0.794162435
TWN,2020/8/14,0,0,0,1,1,0.74417081,0.781573114,0.801708755,0.877433573,0.797316475
TWN,2020/8/15,1,1,0,0,2,0.750101538,0.784161646,0.804307908,0.882402674,0.800470515
TWN,2020/8/16,0,0,0,0,0,0.756032266,0.786750177,0.806907061,0.887371776,0.803624555
TWN,2020/8/17,0,0,0,0,0,0.755153699,0.787960054,0.808824232,0.8791634,0.80372994
TWN,2020/8/18,0,0,0,0,0,0.754275132,0.789169932,0.810741404,0.870955023,0.803835326
TWN,2020/8/19,0,0,0,0,0,0.753396565,0.790379809,0.812658575,0.862746647,0.803940711
TWN,2020/8/20,0,0,1,0,1,0.752517997,0.791589687,0.814575747,0.85453827,0.804046097
TWN,2020/8/21,0,0,0,0,0,0.75163943,0.792799564,0.816492918,0.846329894,0.804151482
TWN,2020/8/22,0,0,0,0,0,0.750760863,0.794009442,0.81841009,0.838121517,0.804256868
TWN,2020/8/23,0,0,0,0,0,0.749882296,0.795219319,0.820327261,0.829913141,0.804362253
TWN,2020/8/24,0,0,0,0,0,0.75192216,0.79679414,0.819200509,0.836533708,0.805575354
TWN,2020/8/25,0,0,1,0,1,0.753962024,0.79836896,0.818073758,0.843154274,0.806788454
TWN,2020/8/26,0,1,0,0,1,0.756001888,0.799943781,0.816947006,0.849774841,0.808001555
TWN,2020/8/27,0,0,0,0,0,0.758041751,0.801518601,0.815820254,0.856395407,0.809214656
TWN,2020/8/28,0,1,1,0,2,0.760081615,0.803093422,0.814693502,0.863015974,0.810427757
TWN,2020/8/29,0,0,0,0,0,0.762121479,0.804668242,0.813566751,0.86963654,0.811640857
TWN,2020/8/30,0,1,0,0,1,0.764161343,0.806243063,0.812439999,0.876257107,0.812853958
TWN,2020/8/31,0,0,1,0,1,0.762298892,0.805725043,0.811221789,0.871547909,0.811442435
TWN,2020/9/1,0,0,1,0,1,0.76043644,0.805207023,0.810003579,0.866838712,0.810030911
TWN,2020/9/2,0,0,0,0,0,0.758573989,0.804689003,0.808785369,0.862129514,0.808619388
TWN,2020/9/3,0,1,0,0,1,0.756711538,0.804170983,0.80756716,0.857420317,0.807207865
TWN,2020/9/4,0,0,0,0,0,0.754849087,0.803652963,0.80634895,0.852711119,0.805796342
TWN,2020/9/5,0,1,0,0,1,0.752986635,0.803134943,0.80513074,0.848001922,0.804384818
TWN,2020/9/6,0,1,0,0,1,0.751124184,0.802616923,0.80391253,0.843292724,0.802973295
TWN,2020/9/7,0,0,0,1,1,0.755179289,0.804124248,0.805262448,0.839321597,0.803945306
TWN,2020/9/8,0,0,0,0,0,0.759234394,0.805631572,0.806612365,0.83535047,0.804917318
TWN,2020/9/9,0,0,0,0,0,0.763289499,0.807138897,0.807962283,0.831379343,0.805889329
TWN,2020/9/10,0,4,0,0,4,0.767344605,0.808646221,0.809312201,0.827408215,0.80686134
TWN,2020/9/11,0,0,0,0,0,0.77139971,0.810153546,0.810662119,0.823437088,0.807833351
TWN,2020/9/12,0,0,0,0,0,0.775454815,0.81166087,0.812012036,0.819465961,0.808805363
TWN,2020/9/13,0,0,0,0,0,0.77950992,0.813168195,0.813361954,0.815494834,0.809777374
TWN,2020/9/14,0,0,0,0,0,0.773477779,0.809183497,0.814473933,0.820079367,0.808678626
TWN,2020/9/15,0,0,2,0,2,0.767445637,0.805198799,0.815585912,0.8246639,0.807579878
TWN,2020/9/16,0,1,0,0,1,0.761413496,0.801214101,0.816697891,0.829248433,0.80648113
TWN,2020/9/17,0,3,0,0,3,0.755381355,0.797229404,0.81780987,0.833832967,0.805382382
TWN,2020/9/18,0,2,0,0,2,0.749349214,0.793244706,0.818921849,0.8384175,0.804283634
TWN,2020/9/19,0,0,1,0,1,0.743317072,0.789260008,0.820033828,0.843002033,0.803184886
TWN,2020/9/20,0,1,0,0,1,0.737284931,0.78527531,0.821145807,0.847586566,0.802086138
TWN,2020/9/21,0,1,0,0,1,0.741341268,0.787561578,0.820478432,0.843414138,0.802571428
TWN,2020/9/22,0,0,0,0,0,0.745397604,0.789847845,0.819811058,0.839241709,0.803056719
TWN,2020/9/23,0,0,1,0,1,0.749453941,0.792134113,0.819143683,0.835069281,0.803542009
TWN,2020/9/24,0,0,0,0,0,0.753510277,0.794420381,0.818476309,0.830896853,0.804027299
TWN,2020/9/25,0,0,0,0,0,0.757566614,0.796706649,0.817808934,0.826724425,0.804512589
TWN,2020/9/26,0,1,0,0,1,0.76162295,0.798992916,0.81714156,0.822551996,0.80499788
TWN,2020/9/27,0,1,0,0,1,0.765679287,0.801279184,0.816474185,0.818379568,0.80548317
TWN,2020/9/28,0,0,1,0,1,0.763477632,0.801039023,0.814928655,0.820942691,0.804899239
TWN,2020/9/29,0,0,1,0,1,0.761275978,0.800798863,0.813383124,0.823505813,0.804315307
TWN,2020/9/30,0,0,0,0,0,0.759074323,0.800558702,0.811837594,0.826068936,0.803731376
TWN,2020/10/1,0,0,0,0,0,0.756872669,0.800318542,0.810292063,0.828632059,0.803147444
TWN,2020/10/2,0,0,0,0,0,0.754671014,0.800078381,0.808746533,0.831195182,0.802563513
TWN,2020/10/3,0,1,0,0,1,0.75246936,0.799838221,0.807201002,0.833758304,0.801979581
TWN,2020/10/4,0,1,0,0,1,0.750267705,0.79959806,0.805655472,0.836321427,0.80139565
TWN,2020/10/5,0,2,2,0,4,0.747467844,0.799353078,0.805021339,0.838370348,0.800959298
TWN,2020/10/6,0,0,0,0,0,0.744667982,0.799108097,0.804387205,0.84041927,0.800522945
TWN,2020/10/7,1,3,0,0,4,0.741868121,0.798863115,0.803753072,0.842468191,0.800086593
TWN,2020/10/8,1,1,0,0,2,0.739068259,0.798618133,0.803118939,0.844517113,0.79965024
TWN,2020/10/9,0,2,0,0,2,0.736268398,0.798373151,0.802484806,0.846566034,0.799213888
TWN,2020/10/10,0,3,0,0,3,0.733468536,0.79812817,0.801850672,0.848614956,0.798777535
TWN,2020/10/11,0,0,0,0,0,0.730668675,0.797883188,0.801216539,0.850663877,0.798341183
TWN,2020/10/12,0,2,0,0,2,0.729765569,0.796681564,0.803029085,0.850727304,0.798610813
TWN,2020/10/13,0,3,0,0,3,0.728862463,0.79547994,0.80484163,0.850790731,0.798880443
TWN,2020/10/14,0,2,0,0,2,0.727959357,0.794278316,0.806654176,0.850854158,0.799150073
TWN,2020/10/15,3,1,0,0,4,0.727056252,0.793076692,0.808466721,0.850917586,0.799419702
TWN,2020/10/16,1,0,0,0,1,0.726153146,0.791875068,0.810279267,0.850981013,0.799689332
TWN,2020/10/17,0,3,2,0,5,0.72525004,0.790673444,0.812091812,0.85104444,0.799958962
TWN,2020/10/18,1,2,0,0,3,0.724346934,0.78947182,0.813904358,0.851107867,0.800228592
TWN,2020/10/19,0,0,0,0,0,0.726291731,0.791862948,0.812985269,0.847672331,0.800485693
TWN,2020/10/20,0,0,0,0,0,0.728236529,0.794254076,0.81206618,0.844236795,0.800742793
TWN,2020/10/21,0,4,0,0,4,0.730181326,0.796645204,0.811147091,0.840801259,0.800999894
TWN,2020/10/22,0,1,0,0,1,0.732126123,0.799036332,0.810228003,0.837365722,0.801256995
TWN,2020/10/23,0,0,0,0,0,0.73407092,0.80142746,0.809308914,0.833930186,0.801514096
TWN,2020/10/24,0,0,0,1,1,0.736015718,0.803818588,0.808389825,0.83049465,0.801771196
TWN,2020/10/25,0,0,0,0,0,0.737960515,0.806209716,0.807470736,0.827059114,0.802028297
TWN,2020/10/26,0,1,1,0,2,0.738717777,0.803934213,0.808047813,0.836285842,0.802793923
TWN,2020/10/27,0,0,0,1,1,0.739475039,0.80165871,0.808624891,0.845512569,0.80355955
TWN,2020/10/28,0,1,0,0,1,0.740232301,0.799383207,0.809201968,0.854739297,0.804325176
TWN,2020/10/29,0,2,0,0,2,0.740989564,0.797107704,0.809779046,0.863966025,0.805090803
TWN,2020/10/30,0,6,0,0,6,0.741746826,0.794832201,0.810356123,0.873192753,0.805856429
TWN,2020/10/31,1,3,0,0,4,0.742504088,0.792556698,0.810933201,0.88241948,0.806622056
TWN,2020/11/1,0,1,2,0,3,0.74326135,0.790281195,0.811510278,0.891646208,0.807387682
TWN,2020/11/2,2,0,0,0,2,0.737188873,0.793118867,0.812945784,0.878197858,0.806391549
TWN,2020/11/3,0,0,2,0,2,0.731116395,0.795956539,0.81438129,0.864749508,0.805395417
TWN,2020/11/4,0,2,1,0,3,0.725043918,0.798794211,0.815816796,0.851301158,0.804399284
TWN,2020/11/5,0,2,1,0,3,0.718971441,0.801631883,0.817252301,0.837852808,0.803403152
TWN,2020/11/6,0,3,1,0,4,0.712898964,0.804469555,0.818687807,0.824404458,0.802407019
TWN,2020/11/7,1,1,0,0,2,0.706826486,0.807307227,0.820123313,0.810956108,0.801410887
TWN,2020/11/8,0,1,0,0,1,0.700754009,0.810144899,0.821558819,0.797507758,0.800414754
TWN,2020/11/9,0,2,2,0,4,0.701796224,0.81078993,0.821757832,0.806722463,0.802102463
TWN,2020/11/10,0,9,0,0,9,0.702838439,0.81143496,0.821956846,0.815937169,0.803790171
TWN,2020/11/11,0,6,0,0,6,0.703880654,0.812079991,0.822155859,0.825151874,0.80547788
TWN,2020/11/12,0,1,0,1,2,0.70492287,0.812725022,0.822354873,0.834366579,0.807165588
TWN,2020/11/13,0,1,0,0,1,0.705965085,0.813370053,0.822553886,0.843581284,0.808853297
TWN,2020/11/14,0,2,0,0,2,0.7070073,0.814015083,0.8227529,0.85279599,0.810541005
TWN,2020/11/15,0,0,0,0,0,0.708049515,0.814660114,0.822951913,0.862010695,0.812228714
TWN,2020/11/16,0,1,0,0,1,0.713884624,0.816755436,0.821754424,0.859901459,0.812995538
TWN,2020/11/17,0,1,0,0,1,0.719719733,0.818850758,0.820556936,0.857792223,0.813762363
TWN,2020/11/18,0,2,1,0,3,0.725554842,0.82094608,0.819359447,0.855682987,0.814529187
TWN,2020/11/19,0,2,0,0,2,0.731389952,0.823041402,0.818161958,0.85357375,0.815296012
TWN,2020/11/20,0,3,0,0,3,0.737225061,0.825136724,0.816964469,0.851464514,0.816062836
TWN,2020/11/21,0,4,1,0,5,0.74306017,0.827232046,0.815766981,0.849355278,0.816829661
TWN,2020/11/22,0,1,1,0,2,0.748895279,0.829327368,0.814569492,0.847246042,0.817596485
TWN,2020/11/23,0,3,1,0,4,0.752806735,0.834739913,0.82358616,0.856865346,0.824865739
TWN,2020/11/24,0,4,0,0,4,0.756718191,0.840152457,0.832602828,0.866484651,0.832134994
TWN,2020/11/25,0,14,0,0,14,0.760629647,0.845565002,0.841619496,0.876103955,0.839404248
TWN,2020/11/26,0,2,4,0,6,0.764541102,0.850977547,0.850636165,0.88572326,0.846673502
TWN,2020/11/27,0,5,2,0,7,0.768452558,0.856390092,0.859652833,0.895342564,0.853942756
TWN,2020/11/28,0,14,3,0,17,0.772364014,0.861802636,0.868669501,0.904961869,0.861212011
TWN,2020/11/29,0,9,2,0,11,0.77627547,0.867215181,0.877686169,0.914581173,0.868481265
TWN,2020/11/30,0,1,3,0,4,0.786346057,0.872219885,0.883314755,0.919256547,0.874058905
TWN,2020/12/1,0,5,0,0,5,0.796416644,0.877224589,0.88894334,0.923931921,0.879636546
TWN,2020/12/2,0,0,0,1,1,0.806487231,0.882229293,0.894571926,0.928607295,0.885214186
TWN,2020/12/3,0,3,1,0,4,0.816557819,0.887233998,0.900200511,0.93328267,0.890791827
TWN,2020/12/4,0,12,8,0,20,0.826628406,0.892238702,0.905829097,0.937958044,0.896369467
TWN,2020/12/5,0,3,1,1,5,0.836698993,0.897243406,0.911457682,0.942633418,0.901947108
TWN,2020/12/6,1,1,0,0,2,0.84676958,0.90224811,0.917086268,0.947308792,0.907524748
TWN,2020/12/7,0,1,4,0,5,0.848537188,0.902906839,0.916596101,0.944595571,0.907412635
TWN,2020/12/8,0,2,0,0,2,0.850304795,0.903565569,0.916105935,0.941882351,0.907300521
TWN,2020/12/9,0,2,1,0,3,0.852072403,0.904224298,0.915615768,0.93916913,0.907188408
TWN,2020/12/10,0,7,1,1,9,0.85384001,0.904883028,0.915125602,0.93645591,0.907076294
TWN,2020/12/11,1,2,2,0,5,0.855607618,0.905541757,0.914635435,0.933742689,0.906964181
TWN,2020/12/12,0,1,3,1,5,0.857375225,0.906200487,0.914145269,0.931029469,0.906852067
TWN,2020/12/13,0,2,0,0,2,0.859142833,0.906859216,0.913655102,0.928316248,0.906739954
TWN,2020/12/14,0,9,1,1,11,0.863021844,0.909157066,0.91785624,0.927670132,0.909638548
TWN,2020/12/15,0,0,4,0,4,0.866900855,0.911454917,0.922057377,0.927024015,0.912537142
TWN,2020/12/16,0,7,1,0,8,0.870779866,0.913752767,0.926258515,0.926377899,0.915435736
TWN,2020/12/17,0,6,0,0,6,0.874658878,0.916050617,0.930459652,0.925731782,0.918334329
TWN,2020/12/18,0,0,3,0,3,0.878537889,0.918348467,0.93466079,0.925085666,0.921232923
TWN,2020/12/19,0,0,0,0,0,0.8824169,0.920646318,0.938861927,0.924439549,0.924131517
TWN,2020/12/20,0,4,1,0,5,0.886295911,0.922944168,0.943063065,0.923793433,0.927030111
TWN,2020/12/21,0,6,0,0,6,0.887289697,0.924309302,0.942776316,0.926037923,0.927852699
TWN,2020/12/22,0,0,1,0,1,0.888283484,0.925674437,0.942489566,0.928282413,0.928675287
TWN,2020/12/23,0,1,0,0,1,0.88927727,0.927039571,0.942202817,0.930526903,0.929497875
TWN,2020/12/24,0,2,0,2,4,0.890271057,0.928404706,0.941916068,0.932771392,0.930320462
TWN,2020/12/25,0,4,0,0,4,0.891264843,0.92976984,0.941629319,0.935015882,0.93114305
TWN,2020/12/26,0,2,0,1,3,0.89225863,0.931134975,0.941342569,0.937260372,0.931965638
TWN,2020/12/27,1,2,0,0,3,0.893252416,0.932500109,0.94105582,0.939504862,0.932788226
TWN,2020/12/28,1,4,0,0,5,0.896179282,0.935089743,0.941940482,0.942857134,0.934792029
TWN,2020/12/29,0,2,1,1,4,0.899106148,0.937679377,0.942825144,0.946209405,0.936795831
TWN,2020/12/30,0,5,0,0,5,0.902033014,0.940269011,0.943709806,0.949561677,0.938799634
TWN,2020/12/31,0,5,0,0,5,0.904959881,0.942858645,0.944594469,0.952913949,0.940803436
TWN,2021/1/1,0,3,1,1,5,0.907886747,0.945448279,0.945479131,0.956266221,0.942807239
TWN,2021/1/2,0,2,1,0,3,0.910813613,0.948037913,0.946363793,0.959618492,0.944811041
TWN,2021/1/3,0,1,1,0,2,0.913740479,0.950627547,0.947248455,0.962970764,0.946814844
TWN,2021/1/4,0,2,1,0,3,0.912503471,0.949215625,0.946839189,0.962675004,0.945945808
TWN,2021/1/5,0,2,1,0,3,0.911266463,0.947803703,0.946429923,0.962379245,0.945076773
TWN,2021/1/6,1,2,0,0,3,0.910029455,0.946391781,0.946020657,0.962083485,0.944207737
TWN,2021/1/7,2,6,1,0,9,0.908792447,0.944979859,0.945611392,0.961787725,0.943338702
TWN,2021/1/8,0,3,1,0,4,0.907555439,0.943567937,0.945202126,0.961491965,0.942469666
TWN,2021/1/9,0,2,2,0,4,0.906318431,0.942156015,0.94479286,0.961196206,0.941600631
TWN,2021/1/10,0,0,1,1,2,0.905081423,0.940744093,0.944383594,0.960900446,0.940731595
TWN,2021/1/11,0,6,0,0,6,0.909163171,0.940902469,0.94423933,0.9609705,0.941211775
TWN,2021/1/12,0,1,0,0,1,0.913244919,0.941060846,0.944095066,0.961040554,0.941691954
TWN,2021/1/13,0,0,3,0,3,0.917326667,0.941219222,0.943950802,0.961110608,0.942172134
TWN,2021/1/14,2,5,3,1,11,0.921408414,0.941377599,0.943806539,0.961180663,0.942652314
TWN,2021/1/15,1,2,0,0,3,0.925490162,0.941535975,0.943662275,0.961250717,0.943132494
TWN,2021/1/16,0,4,1,0,5,0.92957191,0.941694352,0.943518011,0.961320771,0.943612673
TWN,2021/1/17,0,2,1,0,3,0.933653658,0.941852728,0.943373747,0.961390825,0.944092853
TWN,2021/1/18,0,2,1,1,4,0.935283617,0.943694972,0.945566105,0.962099011,0.945879073
TWN,2021/1/19,1,1,3,2,7,0.936913576,0.945537215,0.947758464,0.962807196,0.947665292
TWN,2021/1/20,0,10,1,1,12,0.938543535,0.947379459,0.949950822,0.963515382,0.949451512
TWN,2021/1/21,0,0,0,2,2,0.940173495,0.949221703,0.952143181,0.964223568,0.951237731
TWN,2021/1/22,0,1,3,0,4,0.941803454,0.951063947,0.954335539,0.964931754,0.953023951
TWN,2021/1/23,0,1,0,0,1,0.943433413,0.95290619,0.956527898,0.965639939,0.95481017
TWN,2021/1/24,0,0,2,0,2,0.945063372,0.954748434,0.958720256,0.966348125,0.95659639
TWN,2021/1/25,0,4,0,0,4,0.945970798,0.955191461,0.959345405,0.966171679,0.957093675
TWN,2021/1/26,0,0,0,0,0,0.946878223,0.955634489,0.959970554,0.965995232,0.95759096
TWN,2021/1/27,2,4,0,0,6,0.947785649,0.956077516,0.960595703,0.965818786,0.958088245
TWN,2021/1/28,0,1,0,1,2,0.948693074,0.956520543,0.961220851,0.96564234,0.958585531
TWN,2021/1/29,0,2,1,2,5,0.9496005,0.95696357,0.961846,0.965465894,0.959082816
TWN,2021/1/30,0,3,2,0,5,0.950507925,0.957406598,0.962471149,0.965289447,0.959580101
TWN,2021/1/31,0,0,0,0,0,0.951415351,0.957849625,0.963096298,0.965113001,0.960077386
TWN,2021/2/1,0,6,1,0,7,0.951762712,0.957924682,0.962163403,0.964675539,0.959728072
TWN,2021/2/2,0,0,1,0,1,0.952110073,0.957999738,0.961230507,0.964238078,0.959378759
TWN,2021/2/3,0,0,0,2,2,0.952457434,0.958074795,0.960297612,0.963800616,0.959029445
TWN,2021/2/4,0,2,2,0,4,0.952804795,0.958149851,0.959364717,0.963363155,0.958680131
TWN,2021/2/5,0,0,0,0,0,0.953152156,0.958224908,0.958431822,0.962925693,0.958330817
TWN,2021/2/6,0,0,0,0,0,0.953499517,0.958299964,0.957498926,0.962488232,0.957981504
TWN,2021/2/7,0,1,1,0,2,0.953846878,0.958375021,0.956566031,0.96205077,0.95763219
TWN,2021/2/8,0,0,1,0,1,0.950490442,0.958603098,0.956182451,0.961155153,0.95709758
TWN,2021/2/9,0,1,0,0,1,0.947134005,0.958831176,0.955798871,0.960259535,0.95656297
TWN,2021/2/10,0,0,1,0,1,0.943777569,0.959059253,0.955415291,0.959363918,0.95602836
TWN,2021/2/11,0,0,0,0,0,0.940421133,0.95928733,0.95503171,0.958468301,0.955493749
TWN,2021/2/12,0,0,0,0,0,0.937064697,0.959515407,0.95464813,0.957572684,0.954959139
TWN,2021/2/13,0,1,0,0,1,0.93370826,0.959743485,0.95426455,0.956677066,0.954424529
TWN,2021/2/14,0,0,0,0,0,0.930351824,0.959971562,0.95388097,0.955781449,0.953889919
TWN,2021/2/15,0,0,0,0,0,0.93207315,0.95908368,0.954375034,0.956550244,0.954017606
TWN,2021/2/16,0,1,0,0,1,0.933794477,0.958195798,0.954869097,0.957319039,0.954145292
TWN,2021/2/17,0,1,0,0,1,0.935515803,0.957307916,0.955363161,0.958087834,0.954272979
TWN,2021/2/18,0,1,0,0,1,0.937237129,0.956420034,0.955857224,0.95885663,0.954400666
TWN,2021/2/19,0,0,0,0,0,0.938958455,0.955532152,0.956351288,0.959625425,0.954528353
TWN,2021/2/20,0,0,0,0,0,0.940679782,0.95464427,0.956845351,0.96039422,0.954656039
TWN,2021/2/21,0,0,0,0,0,0.942401108,0.953756388,0.957339415,0.961163015,0.954783726
TWN,2021/2/22,0,1,0,0,1,0.940498102,0.953444407,0.954926984,0.959911389,0.953367915
TWN,2021/2/23,0,5,0,0,5,0.938595097,0.953132425,0.952514553,0.958659762,0.951952104
TWN,2021/2/24,0,0,0,0,0,0.936692091,0.952820444,0.950102122,0.957408136,0.950536293
TWN,2021/2/25,0,1,0,0,1,0.934789086,0.952508463,0.947689691,0.95615651,0.949120482
TWN,2021/2/26,0,3,0,0,3,0.93288608,0.952196482,0.94527726,0.954904884,0.947704671
TWN,2021/2/27,0,0,0,0,0,0.930983075,0.9518845,0.942864829,0.953653257,0.94628886
TWN,2021/2/28,0,1,0,0,1,0.929080069,0.951572519,0.940452398,0.952401631,0.944873049
TWN,2021/3/1,0,1,2,0,3,0.928000707,0.948741782,0.941233247,0.952179209,0.943942436
TWN,2021/3/2,0,0,0,0,0,0.926921344,0.945911045,0.942014096,0.951956786,0.943011823
TWN,2021/3/3,0,0,0,0,0,0.925841982,0.943080308,0.942794945,0.951734364,0.94208121
TWN,2021/3/4,0,7,1,0,8,0.924762619,0.940249571,0.943575795,0.951511942,0.941150597
TWN,2021/3/5,0,2,0,0,2,0.923683257,0.937418834,0.944356644,0.95128952,0.940219984
TWN,2021/3/6,0,5,0,0,5,0.922603894,0.934588097,0.945137493,0.951067097,0.939289371
TWN,2021/3/7,0,1,0,0,1,0.921524532,0.93175736,0.945918342,0.950844675,0.938358758
TWN,2021/3/8,0,0,0,0,0,0.922959115,0.933261011,0.946456195,0.950247042,0.939238034
TWN,2021/3/9,0,0,0,0,0,0.924393697,0.934764663,0.946994048,0.949649409,0.940117311
TWN,2021/3/10,0,1,2,0,3,0.92582828,0.936268314,0.947531901,0.949051776,0.940996587
TWN,2021/3/11,0,3,0,0,3,0.927262863,0.937771965,0.948069753,0.948454144,0.941875863
TWN,2021/3/12,0,3,0,0,3,0.928697446,0.939275616,0.948607606,0.947856511,0.942755139
TWN,2021/3/13,0,3,4,0,7,0.930132028,0.940779268,0.949145459,0.947258878,0.943634416
TWN,2021/3/14,0,1,0,0,1,0.931566611,0.942282919,0.949683312,0.946661245,0.944513692
TWN,2021/3/15,0,0,0,0,0,0.928570437,0.941488454,0.949771947,0.947869919,0.944070984
TWN,2021/3/16,0,5,0,0,5,0.925574264,0.940693988,0.949860583,0.949078593,0.943628275
TWN,2021/3/17,0,3,1,0,4,0.92257809,0.939899523,0.949949218,0.950287267,0.943185567
TWN,2021/3/18,0,3,0,0,3,0.919581916,0.939105058,0.950037853,0.951495941,0.942742859
TWN,2021/3/19,0,0,0,0,0,0.916585742,0.938310593,0.950126488,0.952704615,0.942300151
TWN,2021/3/20,0,0,0,0,0,0.913589569,0.937516127,0.950215124,0.953913289,0.941857442
TWN,2021/3/21,1,1,0,0,2,0.910593395,0.936721662,0.950303759,0.955121963,0.941414734
TWN,2021/3/22,0,3,0,0,3,0.905326218,0.936059007,0.949365542,0.952563851,0.939840834
TWN,2021/3/23,0,3,0,1,4,0.90005904,0.935396351,0.948427325,0.950005739,0.938266935
TWN,2021/3/24,0,7,0,0,7,0.894791863,0.934733696,0.947489108,0.947447627,0.936693035
TWN,2021/3/25,0,2,1,0,3,0.889524686,0.934071041,0.946550891,0.944889515,0.935119136
TWN,2021/3/26,0,2,0,0,2,0.884257509,0.933408386,0.945612674,0.942331403,0.933545236
TWN,2021/3/27,0,0,0,0,0,0.878990331,0.93274573,0.944674457,0.939773291,0.931971337
TWN,2021/3/28,0,2,0,0,2,0.873723154,0.932083075,0.94373624,0.937215179,0.930397437
TWN,2021/3/29,1,8,0,1,10,0.873723154,0.932083075,0.94373624,0.937215179,0.930397437
TWN,2021/3/30,0,2,4,0,6,0.873723154,0.932083075,0.94373624,0.937215179,0.930397437
TWN,2021/3/31,0,5,1,0,6,0.873723154,0.932083075,0.94373624,0.937215179,0.930397437
THA,2020/3/4,0,0,1,0,1,0.832636408,0.857365964,0.824873816,0.797195929,0.834996255
THA,2020/3/5,0,0,0,0,0,0.832636408,0.857365964,0.824873816,0.797195929,0.834996255
THA,2020/3/6,0,0,0,0,0,0.832636408,0.857365964,0.824873816,0.797195929,0.834996255
THA,2020/3/7,0,0,0,0,0,0.832636408,0.857365964,0.824873816,0.797195929,0.834996255
THA,2020/3/8,0,0,0,0,0,0.832636408,0.857365964,0.824873816,0.797195929,0.834996255
THA,2020/3/9,0,0,0,0,0,0.832636408,0.857365964,0.824873816,0.797195929,0.834996255
THA,2020/3/10,0,0,0,0,0,0.832636408,0.857365964,0.824873816,0.797195929,0.834996255
THA,2020/3/11,0,0,0,0,0,0.832636408,0.857365964,0.824873816,0.797195929,0.834996255
THA,2020/3/12,0,0,0,0,0,0.832636408,0.857365964,0.824873816,0.797195929,0.834996255
THA,2020/3/13,0,0,0,0,0,0.832636408,0.857365964,0.824873816,0.797195929,0.834996255
THA,2020/3/14,0,1,0,0,1,0.832636408,0.857365964,0.824873816,0.797195929,0.834996255
THA,2020/3/15,0,1,0,0,1,0.832636408,0.857365964,0.824873816,0.797195929,0.834996255
THA,2020/3/16,0,2,1,0,3,0.832636408,0.857365964,0.824873816,0.797195929,0.834996255
THA,2020/3/17,0,0,2,0,2,0.832636408,0.857365964,0.824873816,0.797195929,0.834996255
THA,2020/3/18,0,1,0,0,1,0.832636408,0.857365964,0.824873816,0.797195929,0.834996255
THA,2020/3/19,0,1,2,1,4,0.832636408,0.857365964,0.824873816,0.797195929,0.834996255
THA,2020/3/20,1,57,56,21,135,0.832636408,0.857365964,0.824873816,0.797195929,0.834996255
THA,2020/3/21,12,81,60,26,179,0.832636408,0.857365964,0.824873816,0.797195929,0.834996255
THA,2020/3/22,3,37,25,10,75,0.832636408,0.857365964,0.824873816,0.797195929,0.834996255
THA,2020/3/23,2,62,21,9,94,0.832636408,0.857365964,0.824873816,0.797195929,0.834996255
THA,2020/3/24,5,51,37,13,106,0.832636408,0.857365964,0.824873816,0.797195929,0.834996255
THA,2020/3/25,5,48,29,4,86,0.832636408,0.857365964,0.824873816,0.797195929,0.834996255
THA,2020/3/26,7,68,30,9,114,0.832636408,0.857365964,0.824873816,0.797195929,0.834996255
THA,2020/3/27,6,61,26,10,103,0.832636408,0.857365964,0.824873816,0.797195929,0.834996255
THA,2020/3/28,4,107,55,20,186,0.832636408,0.857365964,0.824873816,0.797195929,0.834996255
THA,2020/3/29,3,90,53,17,163,0.832636408,0.857365964,0.824873816,0.797195929,0.834996255
THA,2020/3/30,9,64,31,5,109,0.832636408,0.857365964,0.824873816,0.797195929,0.834996255
THA,2020/3/31,4,50,52,9,115,0.832636408,0.857365964,0.824873816,0.797195929,0.834996255
THA,2020/4/1,5,36,31,12,84,0.832636408,0.857365964,0.824873816,0.797195929,0.834996255
THA,2020/4/2,3,53,48,14,118,0.832636408,0.857365964,0.824873816,0.797195929,0.834996255
THA,2020/4/3,6,31,33,6,76,0.832636408,0.857365964,0.824873816,0.797195929,0.834996255
THA,2020/4/4,3,61,32,9,105,0.832636408,0.857365964,0.824873816,0.797195929,0.834996255
THA,2020/4/5,4,31,18,4,57,0.832636408,0.857365964,0.824873816,0.797195929,0.834996255
THA,2020/4/6,0,22,7,2,31,0.832636408,0.857365964,0.824873816,0.797195929,0.834996255
THA,2020/4/7,11,42,36,13,102,0.832636408,0.857365964,0.824873816,0.797195929,0.834996255
THA,2020/4/8,5,24,22,5,56,0.832636408,0.857365964,0.824873816,0.797195929,0.834996255
THA,2020/4/9,3,22,15,7,47,0.832636408,0.857365964,0.824873816,0.797195929,0.834996255
THA,2020/4/10,4,20,13,8,45,0.832636408,0.857365964,0.824873816,0.797195929,0.834996255
THA,2020/4/11,1,16,10,6,33,0.832636408,0.857365964,0.824873816,0.797195929,0.834996255
THA,2020/4/12,1,13,9,2,25,0.832636408,0.857365964,0.824873816,0.797195929,0.834996255
THA,2020/4/13,5,6,15,8,34,0.832636408,0.857365964,0.824873816,0.797195929,0.834996255
THA,2020/4/14,6,10,11,3,30,0.832636408,0.857365964,0.824873816,0.797195929,0.834996255
THA,2020/4/15,2,15,9,3,29,0.832636408,0.857365964,0.824873816,0.797195929,0.834996255
THA,2020/4/16,2,15,5,6,28,0.832636408,0.857365964,0.824873816,0.797195929,0.834996255
THA,2020/4/17,2,17,10,4,33,0.832636408,0.857365964,0.824873816,0.797195929,0.834996255
THA,2020/4/18,1,18,11,2,32,0.832636408,0.857365964,0.824873816,0.797195929,0.834996255
THA,2020/4/19,0,13,12,2,27,0.832636408,0.857365964,0.824873816,0.797195929,0.834996255
THA,2020/4/20,6,7,4,3,20,0.832636408,0.857365964,0.824873816,0.797195929,0.834996255
THA,2020/4/21,1,8,3,2,14,0.832636408,0.857365964,0.824873816,0.797195929,0.834996255
THA,2020/4/22,2,5,4,2,13,0.832636408,0.857365964,0.824873816,0.797195929,0.834996255
THA,2020/4/23,4,3,8,0,15,0.832636408,0.857365964,0.824873816,0.797195929,0.834996255
THA,2020/4/24,6,29,13,4,52,0.832636408,0.857365964,0.824873816,0.797195929,0.834996255
THA,2020/4/25,0,6,6,3,15,0.832636408,0.857365964,0.824873816,0.797195929,0.834996255
THA,2020/4/26,3,3,2,2,10,0.832636408,0.857365964,0.824873816,0.797195929,0.834996255
THA,2020/4/27,0,5,1,0,6,0.832162905,0.860096745,0.830744392,0.804301037,0.839085897
THA,2020/4/28,1,3,3,2,9,0.831689402,0.862827526,0.836614968,0.811406146,0.843175538
THA,2020/4/29,2,4,1,0,7,0.831215899,0.865558307,0.842485544,0.818511254,0.84726518
THA,2020/4/30,0,3,2,1,6,0.830742395,0.868289089,0.84835612,0.825616362,0.851354821
THA,2020/5/1,0,2,4,0,6,0.830268892,0.87101987,0.854226696,0.83272147,0.855444463
THA,2020/5/2,0,2,1,0,3,0.829795389,0.873750651,0.860097272,0.839826579,0.859534104
THA,2020/5/3,12,6,0,0,18,0.829321886,0.876481432,0.865967848,0.846931687,0.863623746
THA,2020/5/4,0,0,1,0,1,0.829051582,0.88115111,0.870600613,0.844377139,0.867131216
THA,2020/5/5,0,1,0,0,1,0.828781277,0.885820788,0.875233379,0.84182259,0.870638686
THA,2020/5/6,0,0,3,0,3,0.828510973,0.890490466,0.879866144,0.839268042,0.874146156
THA,2020/5/7,1,3,3,0,7,0.828240668,0.895160144,0.88449891,0.836713494,0.877653626
THA,2020/5/8,0,2,2,0,4,0.827970364,0.899829822,0.889131675,0.834158946,0.881161096
THA,2020/5/9,0,2,2,1,5,0.827700059,0.9044995,0.893764441,0.831604397,0.884668566
THA,2020/5/10,2,4,0,0,6,0.827429755,0.909169178,0.898397206,0.829049849,0.888176036
THA,2020/5/11,1,0,1,0,2,0.831502266,0.90787892,0.89816764,0.834862827,0.888555393
THA,2020/5/12,0,0,0,0,0,0.835574776,0.906588663,0.897938073,0.840675806,0.888934749
THA,2020/5/13,0,1,0,0,1,0.839647287,0.905298405,0.897708507,0.846488784,0.889314106
THA,2020/5/14,2,5,0,0,7,0.843719797,0.904008148,0.897478941,0.852301762,0.889693463
THA,2020/5/15,0,0,0,0,0,0.847792308,0.90271789,0.897249375,0.85811474,0.89007282
THA,2020/5/16,0,3,0,0,3,0.851864818,0.901427633,0.897019808,0.863927719,0.890452176
THA,2020/5/17,0,2,1,0,3,0.855937329,0.900137375,0.896790242,0.869740697,0.890831533
THA,2020/5/18,0,1,1,0,2,0.855705605,0.899027278,0.896903074,0.877552251,0.891122979
THA,2020/5/19,0,0,1,1,2,0.85547388,0.897917181,0.897015906,0.885363804,0.891414426
THA,2020/5/20,0,1,1,0,2,0.855242156,0.896807084,0.897128738,0.893175358,0.891705872
THA,2020/5/21,0,0,0,0,0,0.855010432,0.895696988,0.897241569,0.900986911,0.891997318
THA,2020/5/22,0,1,2,0,3,0.854778708,0.894586891,0.897354401,0.908798465,0.892288764
THA,2020/5/23,0,0,0,0,0,0.854546983,0.893476794,0.897467233,0.916610018,0.892580211
THA,2020/5/24,0,0,2,0,2,0.854315259,0.892366697,0.897580065,0.924421572,0.892871657
THA,2020/5/25,0,0,3,0,3,0.853005552,0.892939336,0.897699421,0.919127009,0.892543667
THA,2020/5/26,1,8,0,0,9,0.851695844,0.893511974,0.897818778,0.913832446,0.892215677
THA,2020/5/27,0,7,4,0,11,0.850386137,0.894084613,0.897938134,0.908537883,0.891887687
THA,2020/5/28,0,1,10,0,11,0.84907643,0.894657252,0.89805749,0.903243319,0.891559697
THA,2020/5/29,0,1,0,0,1,0.847766723,0.895229891,0.898176846,0.897948756,0.891231707
THA,2020/5/30,2,2,0,0,4,0.846457015,0.895802529,0.898296203,0.892654193,0.890903717
THA,2020/5/31,0,0,1,0,1,0.845147308,0.896375168,0.898415559,0.88735963,0.890575727
THA,2020/6/1,0,1,0,0,1,0.849908701,0.895894224,0.898210465,0.880972498,0.890324905
THA,2020/6/2,0,1,0,0,1,0.854670094,0.895413281,0.898005371,0.874585367,0.890074083
THA,2020/6/3,0,7,10,0,17,0.859431487,0.894932337,0.897800277,0.868198235,0.889823261
THA,2020/6/4,0,0,1,0,1,0.86419288,0.894451394,0.897595184,0.861811104,0.889572438
THA,2020/6/5,0,2,0,0,2,0.868954273,0.89397045,0.89739009,0.855423972,0.889321616
THA,2020/6/6,0,6,2,0,8,0.873715666,0.893489507,0.897184996,0.849036841,0.889070794
THA,2020/6/7,1,4,2,0,7,0.878477059,0.893008563,0.896979902,0.842649709,0.888819972
THA,2020/6/8,0,2,0,0,2,0.872165449,0.895443444,0.898347932,0.847209451,0.889915769
THA,2020/6/9,0,2,2,0,4,0.865853838,0.897878324,0.899715961,0.851769193,0.891011567
THA,2020/6/10,0,0,0,0,0,0.859542228,0.900313205,0.901083991,0.856328935,0.892107364
THA,2020/6/11,0,2,2,0,4,0.853230618,0.902748086,0.902452021,0.860888676,0.893203162
THA,2020/6/12,0,5,0,0,5,0.846919008,0.905182967,0.903820051,0.865448418,0.894298959
THA,2020/6/13,0,1,0,0,1,0.840607397,0.907617847,0.90518808,0.87000816,0.895394757
THA,2020/6/14,0,0,0,0,0,0.834295787,0.910052728,0.90655611,0.874567902,0.896490554
THA,2020/6/15,0,0,0,0,0,0.836514281,0.907029492,0.903198928,0.87750183,0.894560337
THA,2020/6/16,0,0,0,0,0,0.838732776,0.904006255,0.899841746,0.880435758,0.89263012
THA,2020/6/17,0,6,0,0,6,0.84095127,0.900983019,0.896484564,0.883369686,0.890699903
THA,2020/6/18,0,5,0,0,5,0.843169765,0.897959782,0.893127383,0.886303613,0.888769687
THA,2020/6/19,0,1,0,0,1,0.845388259,0.894936546,0.889770201,0.889237541,0.88683947
THA,2020/6/20,1,0,0,0,1,0.847606754,0.891913309,0.886413019,0.892171469,0.884909253
THA,2020/6/21,1,2,0,0,3,0.849825248,0.888890073,0.883055837,0.895105397,0.882979036
THA,2020/6/22,0,4,1,0,5,0.849664703,0.888126922,0.885186933,0.898488541,0.884009921
THA,2020/6/23,0,1,0,0,1,0.849504157,0.88736377,0.887318029,0.901871686,0.885040806
THA,2020/6/24,0,1,0,0,1,0.849343612,0.886600619,0.889449125,0.90525483,0.886071691
THA,2020/6/25,0,3,1,0,4,0.849183067,0.885837468,0.891580222,0.908637975,0.887102577
THA,2020/6/26,0,0,0,0,0,0.849022522,0.885074317,0.893711318,0.912021119,0.888133462
THA,2020/6/27,0,0,0,0,0,0.848861976,0.884311165,0.895842414,0.915404264,0.889164347
THA,2020/6/28,0,3,3,1,7,0.848701431,0.883548014,0.89797351,0.918787408,0.890195232
THA,2020/6/29,0,2,0,0,2,0.850988012,0.882326819,0.897944465,0.91978076,0.890071714
THA,2020/6/30,0,0,2,0,2,0.853274593,0.881105623,0.897915421,0.920774111,0.889948196
THA,2020/7/1,0,4,1,1,6,0.855561174,0.879884428,0.897886376,0.921767463,0.889824678
THA,2020/7/2,0,1,0,0,1,0.857847754,0.878663232,0.897857331,0.922760814,0.889701161
THA,2020/7/3,0,4,1,0,5,0.860134335,0.877442037,0.897828286,0.923754166,0.889577643
THA,2020/7/4,1,2,2,0,5,0.862420916,0.876220841,0.897799242,0.924747517,0.889454125
THA,2020/7/5,0,2,3,0,5,0.864707497,0.874999646,0.897770197,0.925740869,0.889330607
THA,2020/7/6,0,0,0,0,0,0.866452229,0.874982985,0.896501064,0.924733661,0.888824562
THA,2020/7/7,0,2,0,0,2,0.868196961,0.874966323,0.895231931,0.923726452,0.888318516
THA,2020/7/8,0,2,3,0,5,0.869941693,0.874949662,0.893962798,0.922719244,0.887812471
THA,2020/7/9,0,0,0,0,0,0.871686425,0.874933,0.892693666,0.921712035,0.887306425
THA,2020/7/10,3,10,1,0,14,0.873431157,0.874916339,0.891424533,0.920704827,0.88680038
THA,2020/7/11,0,1,0,0,1,0.875175889,0.874899677,0.8901554,0.919697618,0.886294334
THA,2020/7/12,0,1,2,0,3,0.876920621,0.874883016,0.888886267,0.91869041,0.885788289
THA,2020/7/13,0,6,0,1,7,0.876982403,0.874000852,0.891673474,0.912326366,0.885992733
THA,2020/7/14,0,2,3,0,5,0.877044185,0.873118688,0.894460681,0.905962321,0.886197177
THA,2020/7/15,0,3,1,0,4,0.877105967,0.872236524,0.897247888,0.899598277,0.886401621
THA,2020/7/16,0,3,0,0,3,0.87716775,0.871354361,0.900035095,0.893234233,0.886606066
THA,2020/7/17,0,5,0,2,7,0.877229532,0.870472197,0.902822302,0.886870189,0.88681051
THA,2020/7/18,0,1,1,1,3,0.877291314,0.869590033,0.905609509,0.880506144,0.887014954
THA,2020/7/19,0,0,1,0,1,0.877353096,0.868707869,0.908396716,0.8741421,0.887219398
THA,2020/7/20,0,5,0,0,5,0.878641741,0.867710363,0.907034502,0.878175415,0.886844479
THA,2020/7/21,0,5,1,0,6,0.879930386,0.866712858,0.905672287,0.882208729,0.88646956
THA,2020/7/22,0,8,0,0,8,0.881219031,0.865715352,0.904310073,0.886242044,0.886094641
THA,2020/7/23,2,8,0,0,10,0.882507677,0.864717846,0.902947859,0.890275359,0.885719721
THA,2020/7/24,1,2,0,0,3,0.883796322,0.86372034,0.901585645,0.894308674,0.885344802
THA,2020/7/25,1,4,4,0,9,0.885084967,0.862722835,0.90022343,0.898341988,0.884969883
THA,2020/7/26,0,3,1,0,4,0.886373612,0.861725329,0.898861216,0.902375303,0.884594964
THA,2020/7/27,0,2,0,0,2,0.882655954,0.862649444,0.897757616,0.904165718,0.884303485
THA,2020/7/28,0,1,0,0,1,0.878938297,0.863573559,0.896654016,0.905956132,0.884012006
THA,2020/7/29,0,5,1,0,6,0.875220639,0.864497674,0.895550416,0.907746547,0.883720527
THA,2020/7/30,0,5,1,0,6,0.871502982,0.865421789,0.894446815,0.909536962,0.883429048
THA,2020/7/31,0,1,1,0,2,0.867785324,0.866345904,0.893343215,0.911327377,0.883137569
THA,2020/8/1,0,4,1,0,5,0.864067667,0.867270019,0.892239615,0.913117791,0.88284609
THA,2020/8/2,1,1,1,0,3,0.860350009,0.868194134,0.891136015,0.914908206,0.882554611
THA,2020/8/3,0,1,0,0,1,0.855503256,0.867879264,0.892429855,0.912478665,0.882254768
THA,2020/8/4,0,7,0,0,7,0.850656504,0.867564394,0.893723694,0.910049124,0.881954924
THA,2020/8/5,0,0,1,1,2,0.845809751,0.867249524,0.895017534,0.907619583,0.881655081
THA,2020/8/6,0,14,1,0,15,0.840962999,0.866934653,0.896311373,0.905190041,0.881355237
THA,2020/8/7,0,3,0,0,3,0.836116246,0.866619783,0.897605213,0.9027605,0.881055394
THA,2020/8/8,0,2,1,0,3,0.831269494,0.866304913,0.898899052,0.900330959,0.88075555
THA,2020/8/9,0,0,0,0,0,0.826422741,0.865990043,0.900192892,0.897901418,0.880455707
THA,2020/8/10,0,0,0,0,0,0.830063402,0.865424393,0.900093137,0.896969578,0.880422727
THA,2020/8/11,1,3,1,0,5,0.833704063,0.864858743,0.899993382,0.896037739,0.880389746
THA,2020/8/12,0,2,1,0,3,0.837344724,0.864293093,0.899893627,0.895105899,0.880356766
THA,2020/8/13,4,6,6,1,17,0.840985386,0.863727444,0.899793871,0.894174059,0.880323786
THA,2020/8/14,0,0,0,0,0,0.844626047,0.863161794,0.899694116,0.893242219,0.880290806
THA,2020/8/15,0,0,1,0,1,0.848266708,0.862596144,0.899594361,0.89231038,0.880257825
THA,2020/8/16,0,1,0,0,1,0.851907369,0.862030494,0.899494606,0.89137854,0.880224845
THA,2020/8/17,0,1,1,1,3,0.845798705,0.861983252,0.897151846,0.891355375,0.878629789
THA,2020/8/18,0,1,0,0,1,0.839690041,0.86193601,0.894809086,0.89133221,0.877034732
THA,2020/8/19,0,4,3,0,7,0.833581377,0.861888768,0.892466326,0.891309045,0.875439676
THA,2020/8/20,0,0,0,0,0,0.827472713,0.861841526,0.890123565,0.891285881,0.873844619
THA,2020/8/21,0,0,0,0,0,0.821364049,0.861794284,0.887780805,0.891262716,0.872249563
THA,2020/8/22,0,2,4,0,6,0.815255385,0.861747042,0.885438045,0.891239551,0.870654506
THA,2020/8/23,0,1,0,1,2,0.809146721,0.8616998,0.883095285,0.891216386,0.86905945
THA,2020/8/24,0,3,2,0,5,0.814218141,0.860638412,0.881908199,0.892122292,0.868808249
THA,2020/8/25,0,1,0,0,1,0.819289562,0.859577023,0.880721112,0.893028199,0.868557047
THA,2020/8/26,0,1,0,0,1,0.824360982,0.858515635,0.879534026,0.893934105,0.868305846
THA,2020/8/27,0,3,2,1,6,0.829432403,0.857454246,0.87834694,0.894840012,0.868054644
THA,2020/8/28,0,1,0,0,1,0.834503823,0.856392858,0.877159854,0.895745918,0.867803443
THA,2020/8/29,0,0,0,0,0,0.839575244,0.855331469,0.875972767,0.896651825,0.867552241
THA,2020/8/30,0,1,0,0,1,0.844646664,0.854270081,0.874785681,0.897557731,0.86730104
THA,2020/8/31,2,3,0,0,5,0.842365754,0.852030943,0.877016982,0.901471143,0.867689799
THA,2020/9/1,2,4,2,0,8,0.840084844,0.849791805,0.879248282,0.905384556,0.868078559
THA,2020/9/2,0,2,0,0,2,0.837803934,0.847552667,0.881479583,0.909297968,0.868467318
THA,2020/9/3,0,2,2,0,4,0.835523024,0.845313528,0.883710884,0.913211381,0.868856077
THA,2020/9/4,3,1,3,0,7,0.833242114,0.84307439,0.885942185,0.917124793,0.869244836
THA,2020/9/5,0,0,5,1,6,0.830961204,0.840835252,0.888173485,0.921038206,0.869633596
THA,2020/9/6,0,1,0,0,1,0.828680294,0.838596114,0.890404786,0.924951618,0.870022355
THA,2020/9/7,0,0,1,0,1,0.824977036,0.83890324,0.890184751,0.922793194,0.869375782
THA,2020/9/8,0,1,0,0,1,0.821273779,0.839210366,0.889964717,0.920634769,0.86872921
THA,2020/9/9,1,6,0,0,7,0.817570521,0.839517492,0.889744682,0.918476345,0.868082637
THA,2020/9/10,3,3,1,0,7,0.813867264,0.839824618,0.889524648,0.916317921,0.867436065
THA,2020/9/11,1,4,0,0,5,0.810164006,0.840131744,0.889304613,0.914159497,0.866789492
THA,2020/9/12,0,3,4,0,7,0.806460749,0.84043887,0.889084579,0.912001072,0.86614292
THA,2020/9/13,0,2,0,0,2,0.802757491,0.840745996,0.888864544,0.909842648,0.865496347
THA,2020/9/14,1,2,1,1,5,0.800260963,0.841048066,0.889549156,0.904233871,0.865033018
THA,2020/9/15,2,6,2,0,10,0.797764435,0.841350135,0.890233768,0.898625095,0.864569688
THA,2020/9/16,0,0,0,0,0,0.795267907,0.841652205,0.89091838,0.893016318,0.864106359
THA,2020/9/17,3,0,3,1,7,0.792771379,0.841954274,0.891602992,0.887407542,0.863643029
THA,2020/9/18,0,2,1,0,3,0.790274851,0.842256344,0.892287604,0.881798765,0.8631797
THA,2020/9/19,1,5,0,0,6,0.787778323,0.842558413,0.892972216,0.876189989,0.86271637
THA,2020/9/20,0,2,1,1,4,0.785281795,0.842860483,0.893656828,0.870581212,0.862253041
THA,2020/9/21,1,1,0,0,2,0.787072788,0.842559828,0.890775425,0.871018793,0.861151796
THA,2020/9/22,0,1,2,0,3,0.78886378,0.842259173,0.887894023,0.871456374,0.86005055
THA,2020/9/23,0,1,2,0,3,0.790654773,0.841958518,0.88501262,0.871893955,0.858949305
THA,2020/9/24,0,1,0,0,1,0.792445766,0.841657864,0.882131217,0.872331535,0.85784806
THA,2020/9/25,0,1,2,0,3,0.794236759,0.841357209,0.879249814,0.872769116,0.856746815
THA,2020/9/26,0,1,0,0,1,0.796027751,0.841056554,0.876368412,0.873206697,0.855645569
THA,2020/9/27,2,18,2,0,22,0.797818744,0.840755899,0.873487009,0.873644278,0.854544324
THA,2020/9/28,1,10,3,0,14,0.802628173,0.83978721,0.874964411,0.876922798,0.855624601
THA,2020/9/29,0,3,1,1,5,0.807437601,0.838818521,0.876441813,0.880201317,0.856704879
THA,2020/9/30,0,3,2,0,5,0.81224703,0.837849832,0.877919215,0.883479837,0.857785156
THA,2020/10/1,1,3,2,0,6,0.817056458,0.836881142,0.879396618,0.886758357,0.858865433
THA,2020/10/2,1,4,3,0,8,0.821865887,0.835912453,0.88087402,0.890036877,0.85994571
THA,2020/10/3,1,1,0,0,2,0.826675315,0.834943764,0.882351422,0.893315396,0.861025988
THA,2020/10/4,0,3,2,0,5,0.831484744,0.833975075,0.883828824,0.896593916,0.862106265
THA,2020/10/5,0,6,3,1,10,0.829434564,0.834572048,0.879578583,0.884318866,0.859009933
THA,2020/10/6,0,8,7,0,15,0.827384384,0.835169021,0.875328342,0.872043815,0.855913602
THA,2020/10/7,0,3,3,1,7,0.825334204,0.835765994,0.871078101,0.859768765,0.85281727
THA,2020/10/8,0,4,2,0,6,0.823284025,0.836362966,0.866827861,0.847493714,0.849720938
THA,2020/10/9,0,4,2,0,6,0.821233845,0.836959939,0.86257762,0.835218664,0.846624606
THA,2020/10/10,0,2,0,0,2,0.819183665,0.837556912,0.858327379,0.822943613,0.843528275
THA,2020/10/11,1,2,2,0,5,0.817133485,0.838153885,0.854077138,0.810668563,0.840431943
THA,2020/10/12,0,2,1,0,3,0.812641141,0.833027552,0.857506248,0.821779659,0.840873399
THA,2020/10/13,0,9,3,0,12,0.808148797,0.827901219,0.860935358,0.832890756,0.841314854
THA,2020/10/14,0,4,6,1,11,0.803656453,0.822774886,0.864364468,0.844001852,0.84175631
THA,2020/10/15,1,1,0,0,2,0.79916411,0.817648552,0.867793578,0.855112948,0.842197766
THA,2020/10/16,0,6,5,1,12,0.794671766,0.812522219,0.871222688,0.866224044,0.842639222
THA,2020/10/17,2,2,1,0,5,0.790179422,0.807395886,0.874651798,0.877335141,0.843080677
THA,2020/10/18,0,4,1,0,5,0.785687078,0.802269553,0.878080908,0.888446237,0.843522133
THA,2020/10/19,0,7,2,0,9,0.78793014,0.801235495,0.878317036,0.886686343,0.843075229
THA,2020/10/20,0,7,2,0,9,0.790173203,0.800201437,0.878553165,0.884926448,0.842628325
THA,2020/10/21,0,2,3,5,10,0.792416265,0.799167379,0.878789293,0.883166554,0.842181421
THA,2020/10/22,1,5,2,0,8,0.794659328,0.798133322,0.879025422,0.88140666,0.841734518
THA,2020/10/23,0,3,1,0,4,0.79690239,0.797099264,0.87926155,0.879646766,0.841287614
THA,2020/10/24,0,2,2,1,5,0.799145453,0.796065206,0.879497679,0.877886871,0.84084071
THA,2020/10/25,0,3,4,0,7,0.801388515,0.795031148,0.879733807,0.876126977,0.840393806
THA,2020/10/26,2,1,1,0,4,0.801150566,0.800415749,0.875083313,0.874202738,0.840135987
THA,2020/10/27,0,8,4,1,13,0.800912618,0.805800351,0.87043282,0.872278499,0.839878169
THA,2020/10/28,0,1,1,1,3,0.800674669,0.811184952,0.865782326,0.87035426,0.83962035
THA,2020/10/29,0,11,4,0,15,0.800436721,0.816569553,0.861131833,0.868430021,0.839362532
THA,2020/10/30,0,1,1,0,2,0.800198772,0.821954154,0.856481339,0.866505782,0.839104713
THA,2020/10/31,0,3,2,1,6,0.799960824,0.827338756,0.851830846,0.864581543,0.838846895
THA,2020/11/1,1,2,1,0,4,0.799722875,0.832723357,0.847180352,0.862657304,0.838589076
THA,2020/11/2,0,6,4,1,11,0.79323934,0.829451709,0.855474011,0.872203671,0.841208518
THA,2020/11/3,0,2,1,0,3,0.786755804,0.826180062,0.863767671,0.881750038,0.843827961
THA,2020/11/4,0,4,6,1,11,0.780272269,0.822908414,0.87206133,0.891296405,0.846447403
THA,2020/11/5,0,2,2,1,5,0.773788733,0.819636766,0.880354989,0.900842772,0.849066845
THA,2020/11/6,0,3,5,2,10,0.767305198,0.816365118,0.888648648,0.910389139,0.851686287
THA,2020/11/7,0,6,3,1,10,0.760821662,0.813093471,0.896942308,0.919935506,0.85430573
THA,2020/11/8,0,0,1,0,1,0.754338127,0.809821823,0.905235967,0.929481873,0.856925172
THA,2020/11/9,0,2,2,0,4,0.765084226,0.811726895,0.899303521,0.915269796,0.85478932
THA,2020/11/10,0,0,2,1,3,0.775830324,0.813631967,0.893371074,0.901057719,0.852653468
THA,2020/11/11,0,2,2,2,6,0.786576423,0.815537039,0.887438628,0.886845642,0.850517616
THA,2020/11/12,0,1,4,3,8,0.797322522,0.81744211,0.881506182,0.872633565,0.848381764
THA,2020/11/13,1,2,2,0,5,0.808068621,0.819347182,0.875573736,0.858421488,0.846245912
THA,2020/11/14,0,4,4,0,8,0.818814719,0.821252254,0.869641289,0.844209411,0.84411006
THA,2020/11/15,0,2,0,0,2,0.829560818,0.823157326,0.863708843,0.829997334,0.841974208
THA,2020/11/16,0,1,1,1,3,0.821166141,0.823289147,0.864880927,0.834721993,0.842337738
THA,2020/11/17,0,0,2,0,2,0.812771464,0.823420968,0.866053011,0.839446653,0.842701268
THA,2020/11/18,0,7,0,1,8,0.804376787,0.823552789,0.867225095,0.844171312,0.843064798
THA,2020/11/19,1,1,3,0,5,0.795982111,0.823684611,0.86839718,0.848895971,0.843428327
THA,2020/11/20,1,4,6,1,12,0.787587434,0.823816432,0.869569264,0.85362063,0.843791857
THA,2020/11/21,1,1,5,3,10,0.779192757,0.823948253,0.870741348,0.85834529,0.844155387
THA,2020/11/22,1,1,4,1,7,0.77079808,0.824080074,0.871913432,0.863069949,0.844518917
THA,2020/11/23,0,1,1,0,2,0.769375396,0.82694078,0.871440003,0.856719378,0.844470326
THA,2020/11/24,1,7,11,2,21,0.767952713,0.829801486,0.870966574,0.850368807,0.844421735
THA,2020/11/25,3,4,2,1,10,0.766530029,0.832662192,0.870493145,0.844018236,0.844373144
THA,2020/11/26,0,3,3,1,7,0.765107346,0.835522898,0.870019717,0.837667665,0.844324553
THA,2020/11/27,0,7,1,2,10,0.763684662,0.838383604,0.869546288,0.831317094,0.844275962
THA,2020/11/28,1,5,3,0,9,0.762261979,0.84124431,0.869072859,0.824966523,0.844227371
THA,2020/11/29,1,11,3,1,16,0.760839295,0.844105016,0.86859943,0.818615952,0.84417878
THA,2020/11/30,1,6,1,2,10,0.767858122,0.844281916,0.87006875,0.829807401,0.846781236
THA,2020/12/1,0,8,8,2,18,0.774876949,0.844458816,0.871538069,0.84099885,0.849383693
THA,2020/12/2,0,10,3,0,13,0.781895776,0.844635716,0.873007389,0.852190299,0.851986149
THA,2020/12/3,0,9,3,2,14,0.788914604,0.844812616,0.874476709,0.863381747,0.854588605
THA,2020/12/4,2,10,5,2,19,0.795933431,0.844989516,0.875946029,0.874573196,0.857191061
THA,2020/12/5,3,6,3,2,14,0.802952258,0.845166416,0.877415348,0.885764645,0.859793518
THA,2020/12/6,1,14,4,2,21,0.809971085,0.845343316,0.878884668,0.896956094,0.862395974
THA,2020/12/7,0,15,2,4,21,0.810983987,0.845696449,0.87998192,0.893440301,0.862679451
THA,2020/12/8,3,9,8,4,24,0.811996889,0.846049583,0.881079173,0.889924508,0.862962927
THA,2020/12/9,0,9,6,2,17,0.813009791,0.846402716,0.882176425,0.886408715,0.863246404
THA,2020/12/10,2,8,3,0,13,0.814022693,0.84675585,0.883273677,0.882892921,0.863529881
THA,2020/12/11,0,7,3,0,10,0.815035595,0.847108983,0.884370929,0.879377128,0.863813358
THA,2020/12/12,1,10,4,3,18,0.816048497,0.847462117,0.885468182,0.875861335,0.864096834
THA,2020/12/13,0,17,12,0,29,0.817061399,0.84781525,0.886565434,0.872345542,0.864380311
THA,2020/12/14,1,7,5,1,14,0.822171354,0.852267417,0.888325001,0.872114541,0.867201272
THA,2020/12/15,0,8,9,1,18,0.827281308,0.856719584,0.890084568,0.87188354,0.870022233
THA,2020/12/16,1,4,1,5,11,0.832391263,0.861171751,0.891844135,0.871652539,0.872843194
THA,2020/12/17,5,11,4,2,22,0.837501217,0.865623918,0.893603703,0.871421537,0.875664154
THA,2020/12/18,2,12,16,2,32,0.842611172,0.870076085,0.89536327,0.871190536,0.878485115
THA,2020/12/19,1,37,21,4,63,0.847721126,0.874528252,0.897122837,0.870959535,0.881306076
THA,2020/12/20,1,4,6,2,13,0.852831081,0.878980419,0.898882404,0.870728534,0.884127037
THA,2020/12/21,3,21,15,2,41,0.858511144,0.881636654,0.901939019,0.878011058,0.887764382
THA,2020/12/22,1,17,21,4,43,0.864191207,0.88429289,0.904995633,0.885293583,0.891401727
THA,2020/12/23,2,26,27,4,59,0.86987127,0.886949125,0.908052248,0.892576107,0.895039072
THA,2020/12/24,3,22,17,5,47,0.875551333,0.889605361,0.911108863,0.899858632,0.898676418
THA,2020/12/25,7,28,35,9,79,0.881231396,0.892261596,0.914165478,0.907141156,0.902313763
THA,2020/12/26,8,27,25,16,76,0.886911459,0.894917832,0.917222092,0.914423681,0.905951108
THA,2020/12/27,6,82,45,17,150,0.892591522,0.897574067,0.920278707,0.921706205,0.909588453
THA,2020/12/28,3,33,45,11,92,0.893361919,0.899730049,0.920497231,0.919206364,0.910213291
THA,2020/12/29,8,18,16,6,48,0.894132316,0.901886032,0.920715756,0.916706522,0.91083813
THA,2020/12/30,7,35,42,23,107,0.894902713,0.904042014,0.92093428,0.914206681,0.911462968
THA,2020/12/31,17,68,58,14,157,0.895673111,0.906197996,0.921152804,0.91170684,0.912087806
THA,2021/1/1,10,103,70,22,205,0.896443508,0.908353978,0.921371328,0.909206999,0.912712644
THA,2021/1/2,2,16,18,11,47,0.897213905,0.910509961,0.921589853,0.906707157,0.913337483
THA,2021/1/3,20,78,78,26,202,0.897984302,0.912665943,0.921808377,0.904207316,0.913962321
THA,2021/1/4,9,50,41,7,107,0.898207933,0.912544531,0.921256499,0.900833955,0.9133507
THA,2021/1/5,31,161,114,43,349,0.898431563,0.91242312,0.920704621,0.897460595,0.912739078
THA,2021/1/6,21,171,94,19,305,0.898655194,0.912301708,0.920152743,0.894087234,0.912127457
THA,2021/1/7,20,108,62,14,204,0.898878825,0.912180297,0.919600866,0.890713873,0.911515835
THA,2021/1/8,14,109,75,14,212,0.899102456,0.912058885,0.919048988,0.887340512,0.910904214
THA,2021/1/9,20,144,65,15,244,0.899326086,0.911937474,0.91849711,0.883967152,0.910292592
THA,2021/1/10,15,108,84,24,231,0.899549717,0.911816062,0.917945232,0.880593791,0.909680971
THA,2021/1/11,17,188,64,13,282,0.900214157,0.913099797,0.918213516,0.887397478,0.911098737
THA,2021/1/12,12,90,47,8,157,0.900878598,0.914383533,0.9184818,0.894201165,0.912516503
THA,2021/1/13,12,198,55,6,271,0.901543038,0.915667268,0.918750084,0.901004852,0.913934269
THA,2021/1/14,8,126,39,15,188,0.902207478,0.916951004,0.919018367,0.90780854,0.915352035
THA,2021/1/15,16,157,42,7,222,0.902871918,0.918234739,0.919286651,0.914612227,0.916769801
THA,2021/1/16,7,260,96,8,371,0.903536359,0.919518475,0.919554935,0.921415914,0.918187567
THA,2021/1/17,8,301,50,9,368,0.904200799,0.92080221,0.919823219,0.928219601,0.919605333
THA,2021/1/18,2,120,42,4,168,0.902516818,0.918815485,0.920539835,0.921401756,0.918198421
THA,2021/1/19,6,26,26,2,60,0.900832836,0.916828759,0.921256452,0.914583912,0.916791509
THA,2021/1/20,9,76,26,2,113,0.899148855,0.914842034,0.921973068,0.907766067,0.915384597
THA,2021/1/21,12,255,57,5,329,0.897464873,0.912855309,0.922689684,0.900948223,0.913977686
THA,2021/1/22,7,118,48,3,176,0.895780892,0.910868584,0.9234063,0.894130378,0.912570774
THA,2021/1/23,8,142,49,1,200,0.89409691,0.908881858,0.924122917,0.887312534,0.911163862
THA,2021/1/24,14,117,49,7,187,0.892412929,0.906895133,0.924839533,0.880494689,0.90975695
THA,2021/1/25,29,756,161,10,956,0.894061032,0.907954409,0.925984071,0.884742479,0.911323466
THA,2021/1/26,11,728,77,3,819,0.895709135,0.909013684,0.92712861,0.888990268,0.912889982
THA,2021/1/27,15,631,45,2,693,0.897357238,0.91007296,0.928273148,0.893238058,0.914456498
THA,2021/1/28,19,570,207,6,802,0.899005341,0.911132235,0.929417686,0.897485847,0.916023015
THA,2021/1/29,13,747,148,6,914,0.900653444,0.912191511,0.930562224,0.901733637,0.917589531
THA,2021/1/30,11,115,36,2,164,0.902301547,0.913250786,0.931706763,0.905981426,0.919156047
THA,2021/1/31,24,688,121,3,836,0.90394965,0.914310062,0.932851301,0.910229216,0.920722563
THA,2021/2/1,10,650,170,6,836,0.902149877,0.914395266,0.93192267,0.911927184,0.920389846
THA,2021/2/2,14,607,159,9,789,0.900350104,0.91448047,0.930994038,0.913625153,0.92005713
THA,2021/2/3,22,601,171,15,809,0.898550331,0.914565674,0.930065407,0.915323121,0.919724413
THA,2021/2/4,22,511,47,6,586,0.896750559,0.914650879,0.929136775,0.91702109,0.919391696
THA,2021/2/5,17,316,68,7,408,0.894950786,0.914736083,0.928208144,0.918719058,0.919058979
THA,2021/2/6,15,180,40,2,237,0.893151013,0.914821287,0.927279512,0.920417027,0.918726263
THA,2021/2/7,8,133,41,4,186,0.89135124,0.914906491,0.926350881,0.922114995,0.918393546
THA,2021/2/8,9,108,61,5,183,0.891502981,0.914612698,0.92780539,0.919805944,0.918618953
THA,2021/2/9,5,104,38,6,153,0.891654723,0.914318905,0.929259898,0.917496893,0.918844361
THA,2021/2/10,16,135,37,13,201,0.891806464,0.914025112,0.930714407,0.915187842,0.919069768
THA,2021/2/11,2,119,50,4,175,0.891958206,0.91373132,0.932168915,0.91287879,0.919295175
THA,2021/2/12,14,62,37,9,122,0.892109947,0.913437527,0.933623424,0.910569739,0.919520582
THA,2021/2/13,11,107,40,8,166,0.892261689,0.913143734,0.935077932,0.908260688,0.91974599
THA,2021/2/14,14,72,44,12,142,0.89241343,0.912849941,0.936532441,0.905951637,0.919971397
THA,2021/2/15,7,40,15,10,72,0.896044554,0.912127541,0.934998077,0.903720427,0.919122184
THA,2021/2/16,15,112,41,9,177,0.899675677,0.911405142,0.933463712,0.901489217,0.91827297
THA,2021/2/17,12,87,42,9,150,0.903306801,0.910682742,0.931929348,0.899258007,0.917423757
THA,2021/2/18,5,79,40,6,130,0.906937924,0.909960342,0.930394983,0.897026797,0.916574543
THA,2021/2/19,12,41,24,5,82,0.910569048,0.909237942,0.928860619,0.894795587,0.91572533
THA,2021/2/20,12,37,32,11,92,0.914200171,0.908515543,0.927326254,0.892564377,0.914876116
THA,2021/2/21,7,48,29,5,89,0.917831295,0.907793143,0.92579189,0.890333167,0.914026903
THA,2021/2/22,8,50,29,8,95,0.916265629,0.908288229,0.92598517,0.896720934,0.914952713
THA,2021/2/23,2,50,33,7,92,0.914699963,0.908783314,0.92617845,0.903108701,0.915878523
THA,2021/2/24,7,39,25,1,72,0.913134297,0.9092784,0.92637173,0.909496468,0.916804333
THA,2021/2/25,3,20,13,9,45,0.91156863,0.909773485,0.926565009,0.915884236,0.917730142
THA,2021/2/26,14,38,15,5,72,0.910002964,0.910268571,0.926758289,0.922272003,0.918655952
THA,2021/2/27,6,37,21,6,70,0.908437298,0.910763656,0.926951569,0.92865977,0.919581762
THA,2021/2/28,6,55,16,3,80,0.906871632,0.911258742,0.927144849,0.935047537,0.920507572
THA,2021/3/1,6,20,11,6,43,0.901942424,0.906439195,0.925250254,0.934668118,0.917511955
THA,2021/3/2,2,24,10,0,36,0.897013215,0.901619649,0.923355658,0.934288699,0.914516337
THA,2021/3/3,6,28,16,4,54,0.892084007,0.896800102,0.921461063,0.93390928,0.91152072
THA,2021/3/4,1,35,14,4,54,0.887154798,0.891980556,0.919566467,0.933529862,0.908525102
THA,2021/3/5,2,43,21,0,66,0.88222559,0.887161009,0.917671872,0.933150443,0.905529485
THA,2021/3/6,4,31,27,3,65,0.877296381,0.882341463,0.915777276,0.932771024,0.902533867
THA,2021/3/7,3,45,23,1,72,0.872367173,0.877521916,0.913882681,0.932391605,0.89953825
THA,2021/3/8,7,34,17,1,59,0.880893096,0.880095494,0.914991894,0.928429891,0.901175684
THA,2021/3/9,6,12,14,4,36,0.88941902,0.882669071,0.916101108,0.924468176,0.902813118
THA,2021/3/10,3,40,12,3,58,0.897944943,0.885242649,0.917210321,0.920506462,0.904450552
THA,2021/3/11,9,50,17,3,79,0.906470866,0.887816227,0.918319534,0.916544747,0.906087987
THA,2021/3/12,5,50,18,6,79,0.914996789,0.890389805,0.919428747,0.912583033,0.907725421
THA,2021/3/13,5,98,56,10,169,0.923522713,0.892963382,0.920537961,0.908621318,0.909362855
THA,2021/3/14,4,46,20,8,78,0.932048636,0.89553696,0.921647174,0.904659604,0.911000289
THA,2021/3/15,2,39,15,3,59,0.922524974,0.894705463,0.921140955,0.898950389,0.9089571
THA,2021/3/16,9,121,52,10,192,0.913001313,0.893873965,0.920634737,0.893241174,0.906913911
THA,2021/3/17,8,37,34,13,92,0.903477651,0.893042468,0.920128518,0.887531959,0.904870722
THA,2021/3/18,7,65,22,7,101,0.893953989,0.89221097,0.9196223,0.881822743,0.902827532
THA,2021/3/19,14,45,51,8,118,0.884430327,0.891379473,0.919116081,0.876113528,0.900784343
THA,2021/3/20,12,51,25,2,90,0.874906666,0.890547975,0.918609863,0.870404313,0.898741154
THA,2021/3/21,2,50,20,3,75,0.865383004,0.889716478,0.918103644,0.864695098,0.896697965
THA,2021/3/22,8,43,26,4,81,0.870000145,0.889315101,0.918887848,0.870586881,0.898059507
THA,2021/3/23,9,32,21,7,69,0.874617286,0.888913724,0.919672053,0.876478664,0.899421049
THA,2021/3/24,8,48,33,8,97,0.879234427,0.888512347,0.920456257,0.882370447,0.900782591
THA,2021/3/25,10,68,46,10,134,0.883851567,0.888110971,0.921240462,0.888262229,0.902144134
THA,2021/3/26,7,38,28,7,80,0.888468708,0.887709594,0.922024666,0.894154012,0.903505676
THA,2021/3/27,6,45,20,8,79,0.893085849,0.887308217,0.922808871,0.900045795,0.904867218
THA,2021/3/28,3,22,13,4,42,0.89770299,0.88690684,0.923593075,0.905937578,0.90622876
THA,2021/3/29,4,24,17,2,47,0.89770299,0.88690684,0.923593075,0.905937578,0.90622876
THA,2021/3/30,5,24,8,2,39,0.89770299,0.88690684,0.923593075,0.905937578,0.90622876
THA,2021/3/31,2,18,5,2,27,0.89770299,0.88690684,0.923593075,0.905937578,0.90622876
BEL,2020/3/1,5,2,10,2,19,0.216043255,0.259566064,0.28159115,0.318440539,0.276272633
BEL,2020/3/2,5,1,10,3,19,0.216043255,0.259566064,0.28159115,0.318440539,0.276272633
BEL,2020/3/3,5,10,13,6,34,0.216043255,0.259566064,0.28159115,0.318440539,0.276272633
BEL,2020/3/4,15,11,15,11,52,0.216043255,0.259566064,0.28159115,0.318440539,0.276272633
BEL,2020/3/5,8,27,38,8,81,0.216043255,0.259566064,0.28159115,0.318440539,0.276272633
BEL,2020/3/6,13,25,54,18,110,0.216043255,0.259566064,0.28159115,0.318440539,0.276272633
BEL,2020/3/7,2,6,13,6,27,0.216043255,0.259566064,0.28159115,0.318440539,0.276272633
BEL,2020/3/8,5,13,26,19,63,0.216043255,0.259566064,0.28159115,0.318440539,0.276272633
BEL,2020/3/9,6,19,50,18,93,0.216043255,0.259566064,0.28159115,0.318440539,0.276272633
BEL,2020/3/10,6,27,43,23,99,0.216043255,0.259566064,0.28159115,0.318440539,0.276272633
BEL,2020/3/11,13,45,68,46,172,0.216043255,0.259566064,0.28159115,0.318440539,0.276272633
BEL,2020/3/12,11,61,89,86,247,0.216043255,0.259566064,0.28159115,0.318440539,0.276272633
BEL,2020/3/13,11,107,130,87,335,0.216043255,0.259566064,0.28159115,0.318440539,0.276272633
BEL,2020/3/14,3,37,60,77,177,0.216043255,0.259566064,0.28159115,0.318440539,0.276272633
BEL,2020/3/15,5,49,63,97,214,0.216043255,0.259566064,0.28159115,0.318440539,0.276272633
BEL,2020/3/16,3,79,152,152,386,0.216043255,0.259566064,0.28159115,0.318440539,0.276272633
BEL,2020/3/17,9,104,126,183,422,0.216043255,0.259566064,0.28159115,0.318440539,0.276272633
BEL,2020/3/18,8,100,189,237,534,0.216043255,0.259566064,0.28159115,0.318440539,0.276272633
BEL,2020/3/19,7,132,254,319,712,0.216043255,0.259566064,0.28159115,0.318440539,0.276272633
BEL,2020/3/20,12,115,231,304,662,0.216043255,0.259566064,0.28159115,0.318440539,0.276272633
BEL,2020/3/21,2,83,161,222,468,0.216043255,0.259566064,0.28159115,0.318440539,0.276272633
BEL,2020/3/22,4,77,178,227,486,0.216043255,0.259566064,0.28159115,0.318440539,0.276272633
BEL,2020/3/23,20,293,429,585,1327,0.216043255,0.259566064,0.28159115,0.318440539,0.276272633
BEL,2020/3/24,15,221,404,547,1187,0.216043255,0.259566064,0.28159115,0.318440539,0.276272633
BEL,2020/3/25,11,222,382,579,1194,0.216043255,0.259566064,0.28159115,0.318440539,0.276272633
BEL,2020/3/26,18,260,443,639,1360,0.216043255,0.259566064,0.28159115,0.318440539,0.276272633
BEL,2020/3/27,11,238,522,746,1517,0.216043255,0.259566064,0.28159115,0.318440539,0.276272633
BEL,2020/3/28,12,139,299,391,841,0.216043255,0.259566064,0.28159115,0.318440539,0.276272633
BEL,2020/3/29,6,148,228,301,683,0.216043255,0.259566064,0.28159115,0.318440539,0.276272633
BEL,2020/3/30,14,325,591,807,1737,0.216043255,0.259566064,0.28159115,0.318440539,0.276272633
BEL,2020/3/31,20,293,471,896,1680,0.216043255,0.259566064,0.28159115,0.318440539,0.276272633
BEL,2020/4/1,20,273,459,762,1514,0.216043255,0.259566064,0.28159115,0.318440539,0.276272633
BEL,2020/4/2,22,274,418,762,1476,0.216043255,0.259566064,0.28159115,0.318440539,0.276272633
BEL,2020/4/3,19,315,420,937,1691,0.216043255,0.259566064,0.28159115,0.318440539,0.276272633
BEL,2020/4/4,8,152,264,498,922,0.216043255,0.259566064,0.28159115,0.318440539,0.276272633
BEL,2020/4/5,10,119,202,334,665,0.216043255,0.259566064,0.28159115,0.318440539,0.276272633
BEL,2020/4/6,18,365,505,1042,1930,0.216043255,0.259566064,0.28159115,0.318440539,0.276272633
BEL,2020/4/7,15,250,411,829,1505,0.216043255,0.259566064,0.28159115,0.318440539,0.276272633
BEL,2020/4/8,19,244,426,905,1594,0.216043255,0.259566064,0.28159115,0.318440539,0.276272633
BEL,2020/4/9,25,378,449,1384,2236,0.216043255,0.259566064,0.28159115,0.318440539,0.276272633
BEL,2020/4/10,26,465,561,1280,2332,0.216043255,0.259566064,0.28159115,0.318440539,0.276272633
BEL,2020/4/11,12,176,188,651,1027,0.216043255,0.259566064,0.28159115,0.318440539,0.276272633
BEL,2020/4/12,5,106,111,300,522,0.216043255,0.259566064,0.28159115,0.318440539,0.276272633
BEL,2020/4/13,6,102,131,298,537,0.216043255,0.259566064,0.28159115,0.318440539,0.276272633
BEL,2020/4/14,12,300,395,848,1555,0.216043255,0.259566064,0.28159115,0.318440539,0.276272633
BEL,2020/4/15,16,269,324,1024,1633,0.216043255,0.259566064,0.28159115,0.318440539,0.276272633
BEL,2020/4/16,22,288,313,1050,1673,0.216043255,0.259566064,0.28159115,0.318440539,0.276272633
BEL,2020/4/17,14,249,272,856,1391,0.216043255,0.259566064,0.28159115,0.318440539,0.276272633
BEL,2020/4/18,12,128,146,436,722,0.216043255,0.259566064,0.28159115,0.318440539,0.276272633
BEL,2020/4/19,11,63,71,297,442,0.216043255,0.259566064,0.28159115,0.318440539,0.276272633
BEL,2020/4/20,18,221,271,761,1271,0.216043255,0.259566064,0.28159115,0.318440539,0.276272633
BEL,2020/4/21,15,240,295,718,1268,0.216043255,0.259566064,0.28159115,0.318440539,0.276272633
BEL,2020/4/22,11,149,183,434,777,0.216043255,0.259566064,0.28159115,0.318440539,0.276272633
BEL,2020/4/23,13,173,191,595,972,0.216043255,0.259566064,0.28159115,0.318440539,0.276272633
BEL,2020/4/24,8,149,203,448,808,0.216043255,0.259566064,0.28159115,0.318440539,0.276272633
BEL,2020/4/25,8,70,91,217,386,0.216043255,0.259566064,0.28159115,0.318440539,0.276272633
BEL,2020/4/26,6,38,69,91,204,0.216043255,0.259566064,0.28159115,0.318440539,0.276272633
BEL,2020/4/27,14,180,194,366,754,0.225414007,0.271744332,0.292168162,0.31914154,0.284956293
BEL,2020/4/28,7,118,153,289,567,0.234784759,0.283922601,0.302745174,0.319842541,0.293639952
BEL,2020/4/29,9,127,140,244,520,0.244155511,0.296100869,0.313322186,0.320543542,0.302323612
BEL,2020/4/30,12,111,154,306,583,0.253526263,0.308279137,0.323899197,0.321244542,0.311007272
BEL,2020/5/1,6,56,55,120,237,0.262897015,0.320457405,0.334476209,0.321945543,0.319690932
BEL,2020/5/2,6,65,62,152,285,0.272267767,0.332635674,0.345053221,0.322646544,0.328374591
BEL,2020/5/3,5,34,37,64,140,0.281638519,0.344813942,0.355630233,0.323347545,0.337058251
BEL,2020/5/4,13,167,215,273,668,0.306221054,0.364976753,0.372041197,0.340397044,0.355683607
BEL,2020/5/5,24,124,154,240,542,0.33080359,0.385139564,0.388452162,0.357446544,0.374308963
BEL,2020/5/6,18,133,165,233,549,0.355386125,0.405302375,0.404863126,0.374496043,0.392934319
BEL,2020/5/7,34,116,111,179,440,0.37996866,0.425465187,0.42127409,0.391545542,0.411559675
BEL,2020/5/8,30,129,134,188,481,0.404551195,0.445627998,0.437685054,0.408595041,0.430185031
BEL,2020/5/9,18,65,70,87,240,0.429133731,0.465790809,0.454096019,0.425644541,0.448810387
BEL,2020/5/10,5,24,28,61,118,0.453716266,0.48595362,0.470506983,0.44269404,0.467435743
BEL,2020/5/11,27,120,151,177,475,0.460396203,0.49226612,0.475721984,0.449021622,0.473416402
BEL,2020/5/12,27,86,118,159,390,0.46707614,0.498578621,0.480936986,0.455349204,0.47939706
BEL,2020/5/13,14,90,81,134,319,0.473756077,0.504891121,0.486151987,0.461676786,0.485377719
BEL,2020/5/14,23,106,66,107,302,0.480436013,0.511203621,0.491366989,0.468004367,0.491358377
BEL,2020/5/15,24,93,95,133,345,0.48711595,0.517516121,0.49658199,0.474331949,0.497339036
BEL,2020/5/16,14,38,43,52,147,0.493795887,0.523828622,0.501796992,0.480659531,0.503319694
BEL,2020/5/17,2,23,29,26,80,0.500475824,0.530141122,0.507011993,0.486987113,0.509300353
BEL,2020/5/18,24,97,86,108,315,0.504364119,0.531139137,0.506217133,0.488116227,0.509977159
BEL,2020/5/19,22,79,76,114,291,0.508252414,0.532137151,0.505422274,0.489245342,0.510653964
BEL,2020/5/20,22,110,120,130,382,0.512140709,0.533135166,0.504627414,0.490374456,0.51133077
BEL,2020/5/21,5,17,21,25,68,0.516029005,0.534133181,0.503832555,0.491503571,0.512007575
BEL,2020/5/22,21,69,67,90,247,0.5199173,0.535131196,0.503037695,0.492632685,0.512684381
BEL,2020/5/23,8,32,29,54,123,0.523805595,0.53612921,0.502242836,0.4937618,0.513361186
BEL,2020/5/24,8,16,18,32,74,0.52769389,0.537127225,0.501447976,0.494890914,0.514037992
BEL,2020/5/25,20,69,98,127,314,0.527333774,0.535753129,0.508335655,0.503015559,0.517832523
BEL,2020/5/26,16,65,55,66,202,0.526973658,0.534379032,0.515223333,0.511140203,0.521627055
BEL,2020/5/27,15,49,52,66,182,0.526613542,0.533004936,0.522111012,0.519264848,0.525421586
BEL,2020/5/28,13,39,50,69,171,0.526253427,0.53163084,0.52899869,0.527389492,0.529216118
BEL,2020/5/29,16,45,45,58,164,0.525893311,0.530256744,0.535886369,0.535514137,0.533010649
BEL,2020/5/30,1,19,15,26,61,0.525533195,0.528882647,0.542774047,0.543638781,0.536805181
BEL,2020/5/31,2,16,13,17,48,0.525173079,0.527508551,0.549661726,0.551763426,0.540599712
BEL,2020/6/1,4,14,12,29,59,0.533328701,0.529178659,0.546884216,0.548770102,0.540313404
BEL,2020/6/2,19,46,55,58,178,0.541484323,0.530848768,0.544106705,0.545776777,0.540027096
BEL,2020/6/3,17,55,41,44,157,0.549639945,0.532518876,0.541329195,0.542783453,0.539740788
BEL,2020/6/4,15,40,47,70,172,0.557795566,0.534188985,0.538551684,0.539790129,0.53945448
BEL,2020/6/5,11,55,44,44,154,0.565951188,0.535859093,0.535774174,0.536796805,0.539168172
BEL,2020/6/6,7,23,16,22,68,0.57410681,0.537529202,0.532996663,0.53380348,0.538881864
BEL,2020/6/7,6,15,12,19,52,0.582262432,0.53919931,0.530219153,0.530810156,0.538595556
BEL,2020/6/8,14,44,42,50,150,0.566369892,0.538211099,0.534556369,0.534939577,0.539158829
BEL,2020/6/9,17,45,34,46,142,0.550477352,0.537222888,0.538893584,0.539068999,0.539722102
BEL,2020/6/10,15,34,33,37,119,0.534584812,0.536234677,0.5432308,0.54319842,0.540285375
BEL,2020/6/11,12,27,29,27,95,0.518692272,0.535246465,0.547568016,0.547327841,0.540848647
BEL,2020/6/12,11,33,22,22,88,0.502799732,0.534258254,0.551905232,0.551457262,0.54141192
BEL,2020/6/13,5,15,12,17,49,0.486907192,0.533270043,0.556242447,0.555586684,0.541975193
BEL,2020/6/14,0,7,6,9,22,0.471014652,0.532281832,0.560579663,0.559716105,0.542538466
BEL,2020/6/15,19,39,42,46,146,0.478426855,0.532943819,0.554921524,0.564823457,0.542678563
BEL,2020/6/16,9,36,24,30,99,0.485839057,0.533605806,0.549263384,0.569930809,0.542818661
BEL,2020/6/17,16,45,25,35,121,0.49325126,0.534267793,0.543605245,0.575038161,0.542958758
BEL,2020/6/18,17,43,24,23,107,0.500663462,0.534929781,0.537947105,0.580145512,0.543098856
BEL,2020/6/19,27,49,19,25,120,0.508075665,0.535591768,0.532288966,0.585252864,0.543238953
BEL,2020/6/20,9,18,5,18,50,0.515487867,0.536253755,0.526630826,0.590360216,0.543379051
BEL,2020/6/21,3,4,5,8,20,0.52290007,0.536915742,0.520972687,0.595467568,0.543519148
BEL,2020/6/22,17,34,40,50,141,0.51894382,0.531025188,0.52514872,0.593452401,0.542132323
BEL,2020/6/23,20,38,33,19,110,0.514987571,0.525134633,0.529324752,0.591437234,0.540745499
BEL,2020/6/24,22,41,19,18,100,0.511031321,0.519244079,0.533500785,0.589422067,0.539358674
BEL,2020/6/25,12,30,18,15,75,0.507075071,0.513353525,0.537676817,0.587406901,0.537971849
BEL,2020/6/26,18,33,36,24,111,0.503118821,0.507462971,0.54185285,0.585391734,0.536585024
BEL,2020/6/27,2,15,11,13,41,0.499162572,0.501572416,0.546028882,0.583376567,0.5351982
BEL,2020/6/28,2,6,6,9,23,0.495206322,0.495681862,0.550204915,0.5813614,0.533811375
BEL,2020/6/29,22,39,38,26,125,0.494491944,0.496279422,0.548032243,0.585571204,0.534182497
BEL,2020/6/30,18,39,25,17,99,0.493777567,0.496876982,0.545859572,0.589781009,0.534553618
BEL,2020/7/1,27,51,35,20,133,0.493063189,0.497474542,0.5436869,0.593990813,0.53492474
BEL,2020/7/2,15,30,23,23,91,0.492348811,0.498072103,0.541514229,0.598200617,0.535295862
BEL,2020/7/3,13,30,23,28,94,0.491634433,0.498669663,0.539341557,0.602410421,0.535666984
BEL,2020/7/4,13,17,21,13,64,0.490920056,0.499267223,0.537168886,0.606620226,0.536038105
BEL,2020/7/5,2,4,9,9,24,0.490205678,0.499864783,0.534996214,0.61083003,0.536409227
BEL,2020/7/6,15,38,33,26,112,0.51754051,0.52962816,0.562669609,0.631339478,0.563003988
BEL,2020/7/7,10,39,35,15,99,0.544875341,0.559391538,0.590343004,0.651848926,0.589598749
BEL,2020/7/8,19,55,38,24,136,0.572210173,0.589154915,0.618016399,0.672358374,0.61619351
BEL,2020/7/9,15,43,48,18,124,0.599545005,0.618918293,0.645689794,0.692867821,0.642788271
BEL,2020/7/10,20,50,38,19,127,0.626879837,0.64868167,0.673363189,0.713377269,0.669383032
BEL,2020/7/11,9,21,14,18,62,0.654214668,0.678445048,0.701036584,0.733886717,0.695977793
BEL,2020/7/12,5,13,12,13,43,0.6815495,0.708208425,0.728709979,0.754396165,0.722572554
BEL,2020/7/13,27,87,62,48,224,0.695533429,0.72062184,0.741778548,0.755084074,0.732778689
BEL,2020/7/14,30,94,47,34,205,0.709517358,0.733035254,0.754847118,0.755771983,0.742984824
BEL,2020/7/15,38,113,62,44,257,0.723501287,0.745448669,0.767915687,0.756459892,0.753190959
BEL,2020/7/16,40,84,68,30,222,0.737485217,0.757862083,0.780984256,0.7571478,0.763397095
BEL,2020/7/17,55,102,71,46,274,0.751469146,0.770275498,0.794052825,0.757835709,0.77360323
BEL,2020/7/18,23,47,37,23,130,0.765453075,0.782688912,0.807121395,0.758523618,0.783809365
BEL,2020/7/19,13,24,17,10,64,0.779437004,0.795102327,0.820189964,0.759211527,0.7940155
BEL,2020/7/20,97,176,117,51,441,0.794585573,0.805747455,0.828970885,0.772441147,0.80506244
BEL,2020/7/21,21,51,41,32,145,0.809734141,0.816392583,0.837751806,0.785670766,0.816109381
BEL,2020/7/22,97,234,157,63,551,0.82488271,0.827037711,0.846532727,0.798900386,0.827156321
BEL,2020/7/23,77,188,119,55,439,0.840031279,0.837682838,0.855313649,0.812130005,0.838203262
BEL,2020/7/24,103,214,116,62,495,0.855179848,0.848327966,0.86409457,0.825359625,0.849250202
BEL,2020/7/25,38,94,71,26,229,0.870328416,0.858973094,0.872875491,0.838589244,0.860297143
BEL,2020/7/26,30,66,49,39,184,0.885476985,0.869618222,0.881656412,0.851818864,0.871344083
BEL,2020/7/27,125,209,180,76,590,0.883987305,0.875581409,0.885190376,0.853159477,0.874742477
BEL,2020/7/28,110,298,201,73,682,0.882497624,0.881544596,0.88872434,0.854500091,0.878140871
BEL,2020/7/29,112,285,208,95,700,0.881007944,0.887507783,0.892258304,0.855840704,0.881539265
BEL,2020/7/30,115,248,180,91,634,0.879518264,0.89347097,0.895792268,0.857181318,0.884937659
BEL,2020/7/31,132,265,210,75,682,0.878028584,0.899434157,0.899326232,0.858521931,0.888336053
BEL,2020/8/1,50,131,89,39,309,0.876538903,0.905397344,0.902860196,0.859862545,0.891734447
BEL,2020/8/2,23,71,37,16,147,0.875049223,0.911360531,0.90639416,0.861203158,0.895132841
BEL,2020/8/3,155,322,214,100,791,0.878891834,0.908266462,0.90617108,0.859717773,0.894052776
BEL,2020/8/4,152,336,239,81,808,0.882734444,0.905172394,0.905948001,0.858232388,0.892972712
BEL,2020/8/5,124,333,219,85,761,0.886577055,0.902078325,0.905724921,0.856747003,0.891892647
BEL,2020/8/6,146,317,219,85,767,0.890419665,0.898984256,0.905501842,0.855261619,0.890812582
BEL,2020/8/7,164,306,193,103,766,0.894262276,0.895890187,0.905278762,0.853776234,0.889732517
BEL,2020/8/8,68,119,81,34,302,0.898104886,0.892796119,0.905055683,0.852290849,0.888652453
BEL,2020/8/9,19,41,41,21,122,0.901947497,0.88970205,0.904832603,0.850805464,0.887572388
BEL,2020/8/10,156,348,257,107,868,0.899803087,0.889786981,0.903913557,0.846855698,0.886284988
BEL,2020/8/11,147,306,198,63,714,0.897658676,0.889871913,0.902994511,0.842905931,0.884997588
BEL,2020/8/12,111,233,170,93,607,0.895514266,0.889956844,0.902075465,0.838956165,0.883710188
BEL,2020/8/13,119,251,185,109,664,0.893369855,0.890041775,0.901156418,0.835006398,0.882422787
BEL,2020/8/14,124,209,162,88,583,0.891225445,0.890126706,0.900237372,0.831056632,0.881135387
BEL,2020/8/15,34,61,47,19,161,0.889081034,0.890211638,0.899318326,0.827106865,0.879847987
BEL,2020/8/16,25,52,35,20,132,0.886936624,0.890296569,0.89839928,0.823157099,0.878560587
BEL,2020/8/17,139,278,221,66,704,0.885955259,0.892060657,0.897726024,0.827598893,0.879708795
BEL,2020/8/18,121,295,213,92,721,0.884973894,0.893824746,0.897052769,0.832040686,0.880857004
BEL,2020/8/19,114,233,201,64,612,0.883992529,0.895588834,0.896379513,0.83648248,0.882005212
BEL,2020/8/20,120,257,131,70,578,0.883011163,0.897352923,0.895706258,0.840924273,0.883153421
BEL,2020/8/21,113,206,134,55,508,0.882029798,0.899117011,0.895033002,0.845366067,0.884301629
BEL,2020/8/22,30,103,52,18,203,0.881048433,0.9008811,0.894359747,0.84980786,0.885449838
BEL,2020/8/23,15,57,32,9,113,0.880067068,0.902645188,0.893686491,0.854249654,0.886598046
BEL,2020/8/24,115,264,182,45,606,0.884294229,0.901905358,0.893608273,0.84968667,0.885848417
BEL,2020/8/25,108,219,144,56,527,0.888521391,0.901165528,0.893530054,0.845123685,0.885098789
BEL,2020/8/26,102,235,131,56,524,0.892748552,0.900425698,0.893451836,0.840560701,0.88434916
BEL,2020/8/27,126,228,130,51,535,0.896975714,0.899685869,0.893373618,0.835997716,0.883599532
BEL,2020/8/28,139,231,174,70,614,0.901202875,0.898946039,0.8932954,0.831434732,0.882849903
BEL,2020/8/29,33,88,48,25,194,0.905430037,0.898206209,0.893217181,0.826871747,0.882100275
BEL,2020/8/30,22,47,33,14,116,0.909657198,0.897466379,0.893138963,0.822308763,0.881350646
BEL,2020/8/31,146,241,183,64,634,0.90597899,0.896052666,0.889105476,0.831143403,0.880958725
BEL,2020/9/1,115,236,154,59,564,0.902300781,0.894638954,0.885071989,0.839978043,0.880566804
BEL,2020/9/2,105,234,179,54,572,0.898622573,0.893225241,0.881038502,0.848812683,0.880174883
BEL,2020/9/3,145,280,194,55,674,0.894944364,0.891811528,0.877005016,0.857647324,0.879782963
BEL,2020/9/4,170,284,190,82,726,0.891266156,0.890397815,0.872971529,0.866481964,0.879391042
BEL,2020/9/5,70,129,88,35,322,0.887587947,0.888984103,0.868938042,0.875316604,0.878999121
BEL,2020/9/6,28,59,52,15,154,0.883909739,0.88757039,0.864904555,0.884151244,0.8786072
BEL,2020/9/7,207,337,260,114,918,0.890366714,0.888397456,0.86573754,0.878219381,0.878552595
BEL,2020/9/8,207,352,215,96,870,0.896823688,0.889224522,0.866570524,0.872287518,0.878497991
BEL,2020/9/9,236,418,269,97,1020,0.903280663,0.890051588,0.867403509,0.866355655,0.878443386
BEL,2020/9/10,257,464,285,135,1141,0.909737637,0.890878655,0.868236494,0.860423792,0.878388781
BEL,2020/9/11,333,471,333,143,1280,0.916194612,0.891705721,0.869069479,0.854491929,0.878334176
BEL,2020/9/12,138,257,138,82,615,0.922651586,0.892532787,0.869902463,0.848560066,0.878279572
BEL,2020/9/13,77,115,68,40,300,0.929108561,0.893359853,0.870735448,0.842628203,0.878224967
BEL,2020/9/14,446,594,447,233,1720,0.924115546,0.892763567,0.871113033,0.844412233,0.878005374
BEL,2020/9/15,380,606,440,202,1628,0.919122531,0.892167281,0.871490618,0.846196263,0.877785782
BEL,2020/9/16,459,701,539,242,1941,0.914129516,0.891570995,0.871868203,0.847980293,0.877566189
BEL,2020/9/17,410,714,460,165,1749,0.909136501,0.89097471,0.872245787,0.849764323,0.877346596
BEL,2020/9/18,414,607,449,233,1703,0.904143486,0.890378424,0.872623372,0.851548353,0.877127003
BEL,2020/9/19,190,348,228,126,892,0.899150471,0.889782138,0.873000957,0.853332383,0.876907411
BEL,2020/9/20,93,186,116,64,459,0.894157456,0.889185852,0.873378542,0.855116413,0.876687818
BEL,2020/9/21,448,804,630,317,2199,0.896956073,0.888221676,0.877482745,0.852815571,0.877593347
BEL,2020/9/22,445,814,543,269,2071,0.899754691,0.887257499,0.881586948,0.850514728,0.878498876
BEL,2020/9/23,424,821,616,233,2094,0.902553308,0.886293323,0.885691151,0.848213886,0.879404405
BEL,2020/9/24,402,711,450,227,1790,0.905351925,0.885329147,0.889795354,0.845913043,0.880309933
BEL,2020/9/25,347,633,429,206,1615,0.908150542,0.884364971,0.893899557,0.843612201,0.881215462
BEL,2020/9/26,230,387,291,157,1065,0.91094916,0.883400794,0.89800376,0.841311358,0.882120991
BEL,2020/9/27,120,210,134,92,556,0.913747777,0.882436618,0.902107963,0.839010516,0.88302652
BEL,2020/9/28,552,1090,758,364,2764,0.91501839,0.884321388,0.900817486,0.846465661,0.884960715
BEL,2020/9/29,563,1180,809,426,2978,0.916289003,0.886206157,0.899527009,0.853920806,0.886894911
BEL,2020/9/30,668,1241,906,433,3248,0.917559616,0.888090927,0.898236532,0.861375951,0.888829106
BEL,2020/10/1,668,1336,936,460,3400,0.91883023,0.889975697,0.896946056,0.868831095,0.890763302
BEL,2020/10/2,667,1407,1073,570,3717,0.920100843,0.891860467,0.895655579,0.87628624,0.892697497
BEL,2020/10/3,330,651,461,270,1712,0.921371456,0.893745236,0.894365102,0.883741385,0.894631693
BEL,2020/10/4,164,438,295,145,1042,0.922642069,0.895630006,0.893074625,0.89119653,0.896565888
BEL,2020/10/5,847,2032,1613,775,5267,0.922831658,0.89794497,0.894052499,0.895219083,0.898583996
BEL,2020/10/6,1007,2183,1671,851,5712,0.923021247,0.900259935,0.895030373,0.899241635,0.900602103
BEL,2020/10/7,1301,2776,1953,820,6850,0.923210836,0.902574899,0.896008247,0.903264188,0.902620211
BEL,2020/10/8,1178,2673,1891,891,6633,0.923400424,0.904889864,0.896986121,0.907286741,0.904638319
BEL,2020/10/9,1459,3058,2231,1150,7898,0.923590013,0.907204828,0.897963995,0.911309294,0.906656427
BEL,2020/10/10,837,1606,1269,635,4347,0.923779602,0.909519793,0.898941869,0.915331846,0.908674534
BEL,2020/10/11,418,902,710,364,2394,0.923969191,0.911834757,0.899919743,0.919354399,0.910692642
BEL,2020/10/12,1678,3575,3085,1484,9822,0.923677167,0.913818548,0.897831418,0.914286901,0.909454948
BEL,2020/10/13,2301,4787,3764,1839,12691,0.923385142,0.91580234,0.895743093,0.909219402,0.908217255
BEL,2020/10/14,2195,4583,3697,2000,12475,0.923093118,0.917786131,0.893654768,0.904151904,0.906979561
BEL,2020/10/15,2057,4331,3613,1941,11942,0.922801094,0.919769923,0.891566442,0.899084405,0.905741867
BEL,2020/10/16,2375,5038,3959,2326,13698,0.92250907,0.921753714,0.889478117,0.894016907,0.904504173
BEL,2020/10/17,1455,2925,2446,1275,8101,0.922217045,0.923737506,0.887389792,0.888949408,0.90326648
BEL,2020/10/18,735,1527,1293,739,4294,0.921925021,0.925721297,0.885301467,0.88388191,0.902028786
BEL,2020/10/19,2514,5415,4966,2804,15699,0.920169123,0.924385654,0.888762266,0.887085959,0.903322364
BEL,2020/10/20,3074,6848,6206,3325,19453,0.918413225,0.923050011,0.892223066,0.890290007,0.904615943
BEL,2020/10/21,2499,6167,5686,3115,17467,0.916657327,0.921714368,0.895683865,0.893494056,0.905909521
BEL,2020/10/22,2152,6336,5746,3398,17632,0.914901429,0.920378724,0.899144665,0.896698104,0.9072031
BEL,2020/10/23,2231,6408,6165,4015,18819,0.913145531,0.919043081,0.902605464,0.899902153,0.908496678
BEL,2020/10/24,1301,4043,3711,2464,11519,0.911389633,0.917707438,0.906066264,0.903106201,0.909790257
BEL,2020/10/25,504,1681,1593,1081,4859,0.909633735,0.916371795,0.909527063,0.90631025,0.911083835
BEL,2020/10/26,1917,6613,7014,4204,19748,0.90625278,0.916614591,0.909001655,0.906902595,0.910777255
BEL,2020/10/27,2123,7412,7600,4926,22061,0.902871826,0.916857388,0.908476247,0.90749494,0.910470676
BEL,2020/10/28,1733,6102,5975,4043,17853,0.899490871,0.917100184,0.907950839,0.908087285,0.910164096
BEL,2020/10/29,1271,4947,5041,3722,14981,0.896109916,0.917342981,0.907425431,0.908679631,0.909857516
BEL,2020/10/30,1259,4958,5013,4116,15346,0.892728961,0.917585777,0.906900023,0.909271976,0.909550936
BEL,2020/10/31,477,1988,2046,1778,6289,0.889348007,0.917828574,0.906374615,0.909864321,0.909244357
BEL,2020/11/1,185,852,833,765,2635,0.885967052,0.91807137,0.905849207,0.910456666,0.908937777
BEL,2020/11/2,860,4481,4788,3629,13758,0.884961433,0.917300831,0.905213849,0.909643226,0.908166109
BEL,2020/11/3,714,3836,4299,3145,11994,0.883955813,0.916530293,0.904578492,0.908829786,0.907394441
BEL,2020/11/4,630,2990,3059,2483,9162,0.882950194,0.915759754,0.903943134,0.908016346,0.906622773
BEL,2020/11/5,533,2401,2434,2215,7583,0.881944575,0.914989215,0.903307776,0.907202905,0.905851105
BEL,2020/11/6,482,2073,2129,1876,6560,0.880938956,0.914218676,0.902672418,0.906389465,0.905079437
BEL,2020/11/7,204,1005,923,846,2978,0.879933336,0.913448138,0.902037061,0.905576025,0.904307769
BEL,2020/11/8,87,437,505,409,1438,0.878927717,0.912677599,0.901401703,0.904762585,0.903536101
BEL,2020/11/9,584,2639,2929,2411,8563,0.873446524,0.913364606,0.903443022,0.898780537,0.902629872
BEL,2020/11/10,507,2256,2488,2349,7600,0.86796533,0.914051613,0.905484341,0.89279849,0.901723643
BEL,2020/11/11,141,618,589,613,1961,0.862484137,0.91473862,0.90752566,0.886816442,0.900817414
BEL,2020/11/12,482,1896,2115,1920,6413,0.857002943,0.915425628,0.909566978,0.880834394,0.899911184
BEL,2020/11/13,430,1662,1739,1849,5680,0.85152175,0.916112635,0.911608297,0.874852346,0.899004955
BEL,2020/11/14,196,658,720,783,2357,0.846040556,0.916799642,0.913649616,0.868870299,0.898098726
BEL,2020/11/15,74,287,296,387,1044,0.840559363,0.917486649,0.915690935,0.862888251,0.897192497
BEL,2020/11/16,554,1689,1872,1681,5796,0.841280434,0.913583818,0.912818076,0.86717358,0.895912987
BEL,2020/11/17,465,1397,1386,1536,4784,0.842001504,0.909680987,0.909945217,0.871458908,0.894633476
BEL,2020/11/18,348,1080,1045,1178,3651,0.842722575,0.905778156,0.907072358,0.875744237,0.893353966
BEL,2020/11/19,316,878,883,900,2977,0.843443645,0.901875326,0.9041995,0.880029565,0.892074455
BEL,2020/11/20,316,881,879,992,3068,0.844164716,0.897972495,0.901326641,0.884314894,0.890794945
BEL,2020/11/21,108,368,378,389,1243,0.844885786,0.894069664,0.898453782,0.888600222,0.889515434
BEL,2020/11/22,36,186,151,206,579,0.845606857,0.890166833,0.895580923,0.892885551,0.888235924
BEL,2020/11/23,412,1080,1165,1255,3912,0.849581635,0.89438689,0.898647262,0.890994817,0.89065772
BEL,2020/11/24,322,802,809,893,2826,0.853556413,0.898606946,0.901713601,0.889104082,0.893079517
BEL,2020/11/25,318,758,737,820,2633,0.857531191,0.902827003,0.90477994,0.887213348,0.895501313
BEL,2020/11/26,283,717,707,678,2385,0.86150597,0.90704706,0.907846278,0.885322614,0.89792311
BEL,2020/11/27,355,733,729,880,2697,0.865480748,0.911267117,0.910912617,0.88343188,0.900344906
BEL,2020/11/28,124,285,271,317,997,0.869455526,0.915487173,0.913978956,0.881541145,0.902766703
BEL,2020/11/29,64,167,163,155,549,0.873430304,0.91970723,0.917045295,0.879650411,0.905188499
BEL,2020/11/30,464,910,877,1005,3256,0.874658618,0.921043212,0.917124196,0.88544292,0.907053595
BEL,2020/12/1,373,737,702,836,2648,0.875886931,0.922379194,0.917203097,0.891235429,0.90891869
BEL,2020/12/2,368,706,677,825,2576,0.877115245,0.923715176,0.917281998,0.897027938,0.910783786
BEL,2020/12/3,357,662,653,674,2346,0.878343558,0.925051159,0.917360899,0.902820447,0.912648881
BEL,2020/12/4,381,704,671,776,2532,0.879571872,0.926387141,0.9174398,0.908612956,0.914513977
BEL,2020/12/5,150,344,293,298,1085,0.880800185,0.927723123,0.917518701,0.914405465,0.916379072
BEL,2020/12/6,65,163,148,216,592,0.882028499,0.929059105,0.917597602,0.920197974,0.918244168
BEL,2020/12/7,438,985,933,973,3329,0.878429042,0.928887973,0.917261156,0.917569092,0.917123167
BEL,2020/12/8,365,721,764,832,2682,0.874829585,0.928716842,0.91692471,0.91494021,0.916002167
BEL,2020/12/9,406,684,738,902,2730,0.871230128,0.92854571,0.916588264,0.912311328,0.914881166
BEL,2020/12/10,405,748,756,742,2651,0.867630672,0.928374578,0.916251817,0.909682446,0.913760165
BEL,2020/12/11,468,810,763,822,2863,0.864031215,0.928203446,0.915915371,0.907053564,0.912639164
BEL,2020/12/12,227,417,425,503,1572,0.860431758,0.928032315,0.915578925,0.904424682,0.911518164
BEL,2020/12/13,107,206,199,220,732,0.856832301,0.927861183,0.915242479,0.9017958,0.910397163
BEL,2020/12/14,495,1025,1074,1193,3787,0.863224065,0.926526621,0.914986926,0.903074996,0.910815242
BEL,2020/12/15,508,909,879,888,3184,0.869615828,0.925192058,0.914731374,0.904354192,0.911233322
BEL,2020/12/16,404,784,794,749,2731,0.876007592,0.923857496,0.914475821,0.905633388,0.911651401
BEL,2020/12/17,395,786,741,794,2716,0.882399356,0.922522933,0.914220269,0.906912584,0.912069481
BEL,2020/12/18,407,769,780,767,2723,0.88879112,0.921188371,0.913964716,0.90819178,0.91248756
BEL,2020/12/19,190,450,431,356,1427,0.895182883,0.919853808,0.913709164,0.909470976,0.91290564
BEL,2020/12/20,82,213,176,158,629,0.901574647,0.918519246,0.913453611,0.910750172,0.913323719
BEL,2020/12/21,441,970,963,915,3289,0.894627367,0.917137782,0.914206138,0.904525609,0.911066062
BEL,2020/12/22,333,758,753,736,2580,0.887680087,0.915756319,0.914958665,0.898301045,0.908808406
BEL,2020/12/23,286,674,718,670,2348,0.880732807,0.914374855,0.915711192,0.892076482,0.906550749
BEL,2020/12/24,267,520,495,431,1713,0.873785526,0.912993392,0.916463718,0.885851919,0.904293093
BEL,2020/12/25,71,156,138,125,490,0.866838246,0.911611928,0.917216245,0.879627356,0.902035436
BEL,2020/12/26,178,315,323,269,1085,0.859890966,0.910230465,0.917968772,0.873402792,0.89977778
BEL,2020/12/27,58,165,165,140,528,0.852943686,0.908849001,0.918721299,0.867178229,0.897520123
BEL,2020/12/28,308,769,842,702,2621,0.854352454,0.908187015,0.918814289,0.873259186,0.898764386
BEL,2020/12/29,264,625,664,694,2247,0.855761222,0.90752503,0.91890728,0.879340143,0.900008649
BEL,2020/12/30,237,585,548,590,1960,0.85716999,0.906863044,0.91900027,0.8854211,0.901252912
BEL,2020/12/31,233,481,434,466,1614,0.858578757,0.906201058,0.91909326,0.891502057,0.902497175
BEL,2021/1/1,46,146,123,147,462,0.859987525,0.905539072,0.91918625,0.897583014,0.903741438
BEL,2021/1/2,149,351,300,241,1041,0.861396293,0.904877087,0.919279241,0.903663971,0.904985701
BEL,2021/1/3,101,242,237,151,731,0.862805061,0.904215101,0.919372231,0.909744928,0.906229964
BEL,2021/1/4,360,883,832,814,2889,0.872315343,0.90570946,0.917960301,0.904867249,0.906211153
BEL,2021/1/5,354,884,727,638,2603,0.881825625,0.907203818,0.916548371,0.89998957,0.906192343
BEL,2021/1/6,292,713,607,662,2274,0.891335907,0.908698177,0.915136441,0.895111891,0.906173532
BEL,2021/1/7,258,525,536,476,1795,0.900846189,0.910192535,0.91372451,0.890234213,0.906154721
BEL,2021/1/8,305,606,524,489,1924,0.910356471,0.911686894,0.91231258,0.885356534,0.90613591
BEL,2021/1/9,204,474,371,245,1294,0.919866753,0.913181252,0.91090065,0.880478855,0.9061171
BEL,2021/1/10,103,290,244,169,806,0.929377035,0.914675611,0.90948872,0.875601176,0.906098289
BEL,2021/1/11,391,884,837,719,2831,0.924311998,0.915652642,0.910951298,0.876931201,0.906680681
BEL,2021/1/12,296,723,686,554,2259,0.919246962,0.916629672,0.912413877,0.878261225,0.907263074
BEL,2021/1/13,338,613,608,481,2040,0.914181925,0.917606703,0.913876455,0.87959125,0.907845466
BEL,2021/1/14,305,608,640,463,2016,0.909116889,0.918583733,0.915339034,0.880921274,0.908427859
BEL,2021/1/15,341,643,612,465,2061,0.904051852,0.919560764,0.916801612,0.882251299,0.909010251
BEL,2021/1/16,148,392,362,231,1133,0.898986816,0.920537794,0.918264191,0.883581323,0.909592644
BEL,2021/1/17,86,270,189,150,695,0.893921779,0.921514825,0.919726769,0.884911348,0.910175036
BEL,2021/1/18,410,858,861,792,2921,0.897308836,0.919975645,0.919555037,0.88637165,0.910287894
BEL,2021/1/19,424,707,671,525,2327,0.900695892,0.918436466,0.919383304,0.887831953,0.910400751
BEL,2021/1/20,496,702,658,546,2402,0.904082949,0.916897286,0.919211572,0.889292255,0.910513609
BEL,2021/1/21,481,682,658,428,2249,0.907470005,0.915358106,0.91903984,0.890752558,0.910626467
BEL,2021/1/22,664,695,654,497,2510,0.910857062,0.913818926,0.918868108,0.89221286,0.910739325
BEL,2021/1/23,303,390,396,258,1347,0.914244118,0.912279747,0.918696375,0.893673163,0.910852182
BEL,2021/1/24,158,240,222,173,793,0.917631175,0.910740567,0.918524643,0.895133465,0.91096504
BEL,2021/1/25,637,916,930,787,3270,0.911906925,0.911235575,0.916218611,0.892261583,0.90911172
BEL,2021/1/26,627,748,764,557,2696,0.906182674,0.911730583,0.91391258,0.889389702,0.907258401
BEL,2021/1/27,588,723,641,543,2495,0.900458424,0.912225591,0.911606548,0.88651782,0.905405081
BEL,2021/1/28,637,743,678,476,2534,0.894734173,0.912720599,0.909300517,0.883645938,0.903551761
BEL,2021/1/29,776,817,718,609,2920,0.889009923,0.913215607,0.906994485,0.880774056,0.901698441
BEL,2021/1/30,448,424,421,254,1547,0.883285672,0.913710615,0.904688454,0.877902175,0.899845122
BEL,2021/1/31,188,270,227,152,837,0.877561422,0.914205623,0.902382422,0.875030293,0.897991802
BEL,2021/2/1,656,974,918,744,3292,0.883273411,0.910233688,0.903086336,0.877863647,0.89809122
BEL,2021/2/2,591,799,704,504,2598,0.888985399,0.906261753,0.903790249,0.880697001,0.898190639
BEL,2021/2/3,533,685,666,457,2341,0.894697388,0.902289818,0.904494163,0.883530355,0.898290057
BEL,2021/2/4,566,686,634,462,2348,0.900409377,0.898317883,0.905198076,0.886363709,0.898389476
BEL,2021/2/5,647,650,617,487,2401,0.906121366,0.894345948,0.90590199,0.889197063,0.898488894
BEL,2021/2/6,331,386,332,201,1250,0.911833354,0.890374013,0.906605903,0.892030417,0.898588313
BEL,2021/2/7,142,191,180,77,590,0.917545343,0.886402078,0.907309817,0.894863771,0.898687731
BEL,2021/2/8,514,782,728,498,2522,0.912850638,0.889855018,0.90502392,0.892739021,0.898131342
BEL,2021/2/9,432,644,598,422,2096,0.908155932,0.893307959,0.902738024,0.890614272,0.897574953
BEL,2021/2/10,446,624,588,442,2100,0.903461227,0.896760899,0.900452127,0.888489522,0.897018564
BEL,2021/2/11,472,603,559,400,2034,0.898766521,0.900213839,0.898166231,0.886364772,0.896462175
BEL,2021/2/12,474,586,530,397,1987,0.894071816,0.903666779,0.895880334,0.884240022,0.895905786
BEL,2021/2/13,264,363,325,163,1115,0.88937711,0.90711972,0.893594438,0.882115273,0.895349397
BEL,2021/2/14,113,189,168,116,586,0.884682405,0.91057266,0.891308541,0.879990523,0.894793008
BEL,2021/2/15,452,834,828,598,2712,0.887715579,0.905800423,0.891363365,0.877387411,0.892907514
BEL,2021/2/16,393,771,723,468,2355,0.890748753,0.901028185,0.89141819,0.8747843,0.89102202
BEL,2021/2/17,418,839,787,472,2516,0.893781927,0.896255948,0.891473014,0.872181188,0.889136526
BEL,2021/2/18,504,788,785,456,2533,0.896815102,0.891483711,0.891527839,0.869578077,0.887251033
BEL,2021/2/19,669,760,836,534,2799,0.899848276,0.886711474,0.891582663,0.866974965,0.885365539
BEL,2021/2/20,377,448,488,233,1546,0.90288145,0.881939236,0.891637488,0.864371854,0.883480045
BEL,2021/2/21,165,211,257,166,799,0.905914624,0.877166999,0.891692312,0.861768742,0.881594551
BEL,2021/2/22,626,1034,1046,615,3321,0.907660442,0.880122545,0.891159532,0.863593764,0.883102979
BEL,2021/2/23,581,947,850,523,2901,0.90940626,0.88307809,0.890626752,0.865418785,0.884611407
BEL,2021/2/24,584,871,762,514,2731,0.911152078,0.886033636,0.890093972,0.867243807,0.886119835
BEL,2021/2/25,588,767,736,538,2629,0.912897896,0.888989181,0.889561192,0.869068829,0.887628262
BEL,2021/2/26,603,863,809,510,2785,0.914643714,0.891944727,0.889028412,0.870893851,0.88913669
BEL,2021/2/27,302,485,448,242,1477,0.916389532,0.894900272,0.888495632,0.872718872,0.890645118
BEL,2021/2/28,129,236,224,117,706,0.91813535,0.897855818,0.887962852,0.874543894,0.892153546
BEL,2021/3/1,622,977,1000,600,3199,0.91405631,0.896947873,0.887877998,0.875194156,0.891467812
BEL,2021/3/2,587,842,815,508,2752,0.90997727,0.896039929,0.887793144,0.875844419,0.890782078
BEL,2021/3/3,601,904,752,490,2747,0.90589823,0.895131984,0.88770829,0.876494681,0.890096344
BEL,2021/3/4,625,877,717,451,2670,0.90181919,0.894224039,0.887623436,0.877144944,0.889410609
BEL,2021/3/5,705,796,761,461,2723,0.89774015,0.893316094,0.887538582,0.877795206,0.888724875
BEL,2021/3/6,361,487,396,257,1501,0.89366111,0.89240815,0.887453728,0.878445469,0.888039141
BEL,2021/3/7,168,247,234,134,783,0.88958207,0.891500205,0.887368874,0.879095731,0.887353407
BEL,2021/3/8,732,1176,1126,630,3664,0.889660927,0.893183862,0.891280516,0.881718429,0.889814947
BEL,2021/3/9,820,1023,954,575,3372,0.889739783,0.894867519,0.895192157,0.884341128,0.892276487
BEL,2021/3/10,849,1047,977,506,3379,0.88981864,0.896551176,0.899103799,0.886963826,0.894738027
BEL,2021/3/11,952,1054,955,523,3484,0.889897496,0.898234834,0.90301544,0.889586525,0.897199568
BEL,2021/3/12,1117,1072,1018,525,3732,0.889976353,0.899918491,0.906927082,0.892209223,0.899661108
BEL,2021/3/13,561,667,645,292,2165,0.890055209,0.901602148,0.910838723,0.894831922,0.902122648
BEL,2021/3/14,378,403,404,194,1379,0.890134066,0.903285805,0.914750365,0.89745462,0.904584188
BEL,2021/3/15,1301,1581,1495,862,5239,0.885708341,0.901608013,0.915616094,0.900159322,0.904363104
BEL,2021/3/16,1183,1439,1277,683,4582,0.881282615,0.89993022,0.916481823,0.902864025,0.90414202
BEL,2021/3/17,1394,1470,1295,656,4815,0.87685689,0.898252428,0.917347552,0.905568727,0.903920936
BEL,2021/3/18,1450,1478,1342,746,5016,0.872431165,0.896574635,0.918213281,0.908273429,0.903699853
BEL,2021/3/19,1673,1405,1352,733,5163,0.86800544,0.894896843,0.91907901,0.910978131,0.903478769
BEL,2021/3/20,847,857,749,380,2833,0.863579714,0.89321905,0.919944739,0.913682834,0.903257685
BEL,2021/3/21,411,472,466,215,1564,0.859153989,0.891541258,0.920810468,0.916387536,0.903036601
BEL,2021/3/22,1600,1855,1864,951,6270,0.862587415,0.88985929,0.918722425,0.90887136,0.900578616
BEL,2021/3/23,1647,1811,1730,834,6022,0.86602084,0.888177322,0.916634382,0.901355183,0.898120631
BEL,2021/3/24,1525,1641,1545,832,5543,0.869454266,0.886495354,0.914546339,0.893839007,0.895662646
BEL,2021/3/25,1577,1724,1553,744,5598,0.872887692,0.884813387,0.912458296,0.88632283,0.893204662
BEL,2021/3/26,1681,1647,1564,814,5706,0.876321118,0.883131419,0.910370253,0.878806654,0.890746677
BEL,2021/3/27,777,942,876,452,3047,0.879754543,0.881449451,0.90828221,0.871290477,0.888288692
BEL,2021/3/28,442,520,485,237,1684,0.883187969,0.879767483,0.906194167,0.863774301,0.885830707
BEL,2021/3/29,1316,1829,1947,1041,6133,0.883187969,0.879767483,0.906194167,0.863774301,0.885830707
BEL,2021/3/30,1138,1605,1538,901,5182,0.883187969,0.879767483,0.906194167,0.863774301,0.885830707
BEL,2021/3/31,1005,1475,1414,817,4711,0.883187969,0.879767483,0.906194167,0.863774301,0.885830707
DNK,2020/3/12,29,208,330,48,615,0.367505326,0.083788458,0.031549983,0.031016342,0.055099107
DNK,2020/3/13,11,61,82,16,170,0.367505326,0.083788458,0.031549983,0.031016342,0.055099107
DNK,2020/3/14,0,0,0,0,0,0.367505326,0.083788458,0.031549983,0.031016342,0.055099107
DNK,2020/3/15,0,0,0,0,0,0.367505326,0.083788458,0.031549983,0.031016342,0.055099107
DNK,2020/3/16,5,14,48,46,113,0.367505326,0.083788458,0.031549983,0.031016342,0.055099107
DNK,2020/3/17,0,6,20,35,62,0.367505326,0.083788458,0.031549983,0.031016342,0.055099107
DNK,2020/3/18,0,13,25,47,84,0.367505326,0.083788458,0.031549983,0.031016342,0.055099107
DNK,2020/3/19,3,8,29,48,88,0.367505326,0.083788458,0.031549983,0.031016342,0.055099107
DNK,2020/3/20,0,13,35,46,94,0.367505326,0.083788458,0.031549983,0.031016342,0.055099107
DNK,2020/3/21,0,22,32,46,100,0.367505326,0.083788458,0.031549983,0.031016342,0.055099107
DNK,2020/3/22,0,11,22,36,69,0.367505326,0.083788458,0.031549983,0.031016342,0.055099107
DNK,2020/3/23,0,4,17,34,55,0.367505326,0.083788458,0.031549983,0.031016342,0.055099107
DNK,2020/3/24,2,15,41,69,127,0.367505326,0.083788458,0.031549983,0.031016342,0.055099107
DNK,2020/3/25,3,15,48,72,138,0.367505326,0.083788458,0.031549983,0.031016342,0.055099107
DNK,2020/3/26,0,21,38,77,136,0.367505326,0.083788458,0.031549983,0.031016342,0.055099107
DNK,2020/3/27,2,24,52,81,159,0.367505326,0.083788458,0.031549983,0.031016342,0.055099107
DNK,2020/3/28,1,31,76,83,191,0.367505326,0.083788458,0.031549983,0.031016342,0.055099107
DNK,2020/3/29,3,35,72,84,194,0.367505326,0.083788458,0.031549983,0.031016342,0.055099107
DNK,2020/3/30,5,25,59,71,160,0.367505326,0.083788458,0.031549983,0.031016342,0.055099107
DNK,2020/3/31,3,44,108,105,260,0.367505326,0.083788458,0.031549983,0.031016342,0.055099107
DNK,2020/4/1,2,61,125,89,277,0.367505326,0.083788458,0.031549983,0.031016342,0.055099107
DNK,2020/4/2,5,63,112,83,263,0.367505326,0.083788458,0.031549983,0.031016342,0.055099107
DNK,2020/4/3,12,67,127,111,317,0.367505326,0.083788458,0.031549983,0.031016342,0.055099107
DNK,2020/4/4,15,117,153,120,405,0.367505326,0.083788458,0.031549983,0.031016342,0.055099107
DNK,2020/4/5,13,90,108,81,292,0.367505326,0.083788458,0.031549983,0.031016342,0.055099107
DNK,2020/4/6,10,92,107,69,278,0.367505326,0.083788458,0.031549983,0.031016342,0.055099107
DNK,2020/4/7,16,93,125,97,331,0.36215052,0.085205433,0.032107598,0.030695157,0.055494383
DNK,2020/4/8,21,137,144,106,408,0.356795714,0.086622409,0.032665214,0.030373971,0.055889659
DNK,2020/4/9,26,62,95,66,249,0.351440908,0.088039384,0.033222829,0.030052786,0.056284934
DNK,2020/4/10,8,51,65,60,184,0.346086103,0.089456359,0.033780444,0.0297316,0.05668021
DNK,2020/4/11,18,63,57,39,177,0.340731297,0.090873334,0.034338059,0.029410414,0.057075485
DNK,2020/4/12,6,63,56,53,178,0.335376491,0.09229031,0.034895674,0.029089229,0.057470761
DNK,2020/4/13,9,55,55,25,144,0.330021685,0.093707285,0.035453289,0.028768043,0.057866036
DNK,2020/4/14,8,56,58,56,178,0.324666879,0.09512426,0.036010904,0.028446857,0.058261312
DNK,2020/4/15,8,54,73,50,185,0.319312074,0.096541236,0.036568519,0.028125672,0.058656587
DNK,2020/4/16,12,52,90,44,198,0.313957268,0.097958211,0.037126134,0.027804486,0.059051863
DNK,2020/4/17,11,59,62,62,194,0.308602462,0.099375186,0.037683749,0.0274833,0.059447139
DNK,2020/4/18,12,44,55,58,169,0.303247656,0.100792161,0.038241364,0.027162115,0.059842414
DNK,2020/4/19,12,46,46,38,142,0.29789285,0.102209137,0.038798979,0.026840929,0.06023769
DNK,2020/4/20,8,51,29,43,131,0.292538045,0.103626112,0.039356594,0.026519744,0.060632965
DNK,2020/4/21,12,60,63,45,180,0.287183239,0.105043087,0.039914209,0.026198558,0.061028241
DNK,2020/4/22,12,55,86,64,217,0.281828433,0.106460063,0.040471824,0.025877372,0.061423516
DNK,2020/4/23,14,45,52,50,161,0.276473627,0.107877038,0.041029439,0.025556187,0.061818792
DNK,2020/4/24,10,38,56,33,137,0.271118821,0.109294013,0.041587054,0.025235001,0.062214068
DNK,2020/4/25,23,60,66,86,235,0.265764016,0.110710988,0.042144669,0.024913815,0.062609343
DNK,2020/4/26,11,51,38,30,130,0.26040921,0.112127964,0.042702285,0.02459263,0.063004619
DNK,2020/4/27,14,38,35,36,123,0.255054404,0.113544939,0.0432599,0.024271444,0.063399894
DNK,2020/4/28,19,45,54,35,153,0.240462365,0.11583395,0.042457204,0.024577626,0.063727615
DNK,2020/4/29,19,52,41,45,157,0.225870325,0.118122961,0.041654507,0.024883809,0.064055337
DNK,2020/4/30,19,60,34,37,150,0.211278285,0.120411972,0.040851811,0.025189991,0.064383058
DNK,2020/5/1,19,61,38,35,153,0.196686246,0.122700983,0.040049115,0.025496174,0.064710779
DNK,2020/5/2,13,35,35,13,96,0.182094206,0.124989994,0.039246419,0.025802356,0.0650385
DNK,2020/5/3,6,34,40,36,116,0.167502167,0.127279005,0.038443723,0.026108539,0.065366222
DNK,2020/5/4,28,46,48,25,147,0.152910127,0.129568016,0.037641027,0.026414721,0.065693943
DNK,2020/5/5,28,50,49,24,201,0.138318088,0.131857027,0.036838331,0.026720904,0.066021664
DNK,2020/5/6,20,40,30,27,67,0.123726048,0.134146038,0.036035635,0.027027086,0.066349385
DNK,2020/5/7,19,38,54,34,145,0.109134008,0.136435048,0.035232939,0.027333268,0.066677107
DNK,2020/5/8,20,41,41,33,135,0.094541969,0.138724059,0.034430243,0.027639451,0.067004828
DNK,2020/5/9,11,33,32,25,101,0.079949929,0.14101307,0.033627547,0.027945633,0.067332549
DNK,2020/5/10,11,42,35,22,110,0.06535789,0.143302081,0.032824851,0.028251816,0.06766027
DNK,2020/5/11,19,21,30,14,84,0.05076585,0.145591092,0.032022154,0.028557998,0.067987992
DNK,2020/5/12,10,21,34,13,78,0.069158748,0.142627383,0.033142158,0.028771218,0.06780838
DNK,2020/5/13,15,26,27,8,76,0.087551646,0.139663674,0.034262162,0.028984439,0.067628768
DNK,2020/5/14,4,21,16,5,46,0.105944544,0.136699965,0.035382166,0.029197659,0.067449156
DNK,2020/5/15,13,22,24,19,78,0.124337442,0.133736256,0.03650217,0.029410879,0.067269545
DNK,2020/5/16,14,22,13,18,67,0.14273034,0.130772547,0.037622174,0.0296241,0.067089933
DNK,2020/5/17,6,32,14,17,69,0.161123238,0.127808838,0.038742178,0.02983732,0.066910321
DNK,2020/5/18,10,16,9,6,41,0.179516136,0.124845129,0.039862182,0.03005054,0.066730709
DNK,2020/5/19,12,28,17,19,76,0.197909034,0.12188142,0.040982186,0.030263761,0.066551098
DNK,2020/5/20,10,27,24,12,73,0.216301932,0.118917711,0.04210219,0.030476981,0.066371486
DNK,2020/5/21,0,0,0,0,0,0.23469483,0.115954002,0.043222194,0.030690201,0.066191874
DNK,2020/5/22,22,44,30,17,113,0.253087728,0.112990293,0.044342198,0.030903422,0.066012263
DNK,2020/5/23,0,0,0,0,0,0.271480626,0.110026584,0.045462202,0.031116642,0.065832651
DNK,2020/5/24,0,0,0,0,0,0.289873524,0.107062875,0.046582206,0.031329862,0.065653039
DNK,2020/5/25,17,54,56,30,157,0.308266422,0.104099166,0.04770221,0.031543083,0.065473427
DNK,2020/5/26,6,14,13,8,41,0.298554404,0.103413812,0.046329882,0.030073754,0.064157589
DNK,2020/5/27,11,17,14,10,52,0.288842386,0.102728458,0.044957555,0.028604425,0.06284175
DNK,2020/5/28,5,13,6,8,32,0.279130369,0.102043104,0.043585227,0.027135096,0.061525911
DNK,2020/5/29,12,25,16,28,81,0.269418351,0.10135775,0.042212899,0.025665768,0.060210072
DNK,2020/5/30,0,0,0,0,0,0.259706333,0.100672396,0.040840572,0.024196439,0.058894233
DNK,2020/5/31,0,0,0,0,0,0.249994315,0.099987042,0.039468244,0.02272711,0.057578394
DNK,2020/6/1,0,0,0,0,0,0.240282297,0.099301687,0.038095916,0.021257781,0.056262555
DNK,2020/6/2,19,44,40,38,141,0.230570279,0.098616333,0.036723589,0.019788453,0.054946717
DNK,2020/6/3,5,15,9,8,37,0.220858261,0.097930979,0.035351261,0.018319124,0.053630878
DNK,2020/6/4,7,9,16,8,40,0.211146244,0.097245625,0.033978933,0.016849795,0.052315039
DNK,2020/6/5,0,0,0,0,0,0.201434226,0.096560271,0.032606606,0.015380466,0.0509992
DNK,2020/6/6,0,0,0,0,0,0.191722208,0.095874917,0.031234278,0.013911138,0.049683361
DNK,2020/6/7,0,0,0,0,0,0.18201019,0.095189562,0.02986195,0.012441809,0.048367522
DNK,2020/6/8,22,54,44,31,151,0.172298172,0.094504208,0.028489622,0.01097248,0.047051683
DNK,2020/6/9,0,0,0,0,0,0.167520216,0.09345906,0.027070983,0.011669326,0.046380405
DNK,2020/6/10,15,19,13,7,54,0.16274226,0.092413911,0.025652343,0.012366173,0.045709127
DNK,2020/6/11,4,6,5,4,19,0.157964304,0.091368762,0.024233703,0.013063019,0.045037848
DNK,2020/6/12,11,24,17,12,64,0.153186347,0.090323613,0.022815064,0.013759865,0.04436657
DNK,2020/6/13,0,0,0,0,0,0.148408391,0.089278464,0.021396424,0.014456711,0.043695291
DNK,2020/6/14,0,0,0,0,0,0.143630435,0.088233315,0.019977784,0.015153558,0.043024013
DNK,2020/6/15,15,34,33,36,118,0.138852479,0.087188167,0.018559145,0.015850404,0.042352735
DNK,2020/6/16,5,10,9,9,33,0.134074523,0.086143018,0.017140505,0.01654725,0.041681456
DNK,2020/6/17,3,16,17,8,44,0.129296567,0.085097869,0.015721865,0.017244096,0.041010178
DNK,2020/6/18,10,11,20,9,50,0.12451861,0.08405272,0.014303226,0.017940943,0.040338899
DNK,2020/6/19,6,15,20,6,47,0.119740654,0.083007571,0.012884586,0.018637789,0.039667621
DNK,2020/6/20,0,0,0,0,0,0.114962698,0.081962422,0.011465946,0.019334635,0.038996343
DNK,2020/6/21,0,0,0,0,0,0.110184742,0.080917274,0.010047307,0.020031481,0.038325064
DNK,2020/6/22,21,43,48,24,136,0.105406786,0.079872125,0.008628667,0.020728328,0.037653786
DNK,2020/6/23,5,15,8,6,34,0.09787773,0.080776097,0.010112917,0.019457697,0.037917515
DNK,2020/6/24,16,11,14,13,54,0.090348674,0.08168007,0.011597167,0.018187067,0.038181245
DNK,2020/6/25,5,8,2,6,21,0.082819617,0.082584042,0.013081416,0.016916437,0.038444974
DNK,2020/6/26,0,10,9,20,39,0.075290561,0.083488015,0.014565666,0.015645807,0.038708704
DNK,2020/6/27,0,0,0,0,0,0.067761505,0.084391987,0.016049916,0.014375176,0.038972433
DNK,2020/6/28,0,0,0,0,0,0.060232449,0.08529596,0.017534165,0.013104546,0.039236163
DNK,2020/6/29,15,23,18,20,76,0.052703393,0.086199932,0.019018415,0.011833916,0.039499892
DNK,2020/6/30,2,8,3,4,17,0.045174337,0.087103905,0.020502665,0.010563286,0.039763622
DNK,2020/7/1,4,14,6,2,26,0.037645281,0.088007877,0.021986915,0.009292656,0.040027351
DNK,2020/7/2,2,6,6,7,21,0.030116225,0.08891185,0.023471164,0.008022025,0.040291081
DNK,2020/7/3,2,7,4,4,17,0.022587168,0.089815822,0.024955414,0.006751395,0.04055481
DNK,2020/7/4,0,0,0,0,0,0.015058112,0.090719795,0.026439664,0.005480765,0.04081854
DNK,2020/7/5,0,0,0,0,0,0.007529056,0.091623767,0.027923913,0.004210135,0.041082269
DNK,2020/7/6,11,16,14,5,46,0,0.09252774,0.029408163,0.002939504,0.041345999
DNK,2020/7/7,0,3,4,3,10,0,0.091614201,0.028850602,0.004758553,0.041425258
DNK,2020/7/8,0,3,7,2,12,0,0.090700663,0.028293041,0.006577603,0.041504518
DNK,2020/7/9,1,5,8,2,16,0,0.089787125,0.02773548,0.008396652,0.041583778
DNK,2020/7/10,1,13,10,6,30,0,0.088873587,0.027177919,0.010215701,0.041663038
DNK,2020/7/11,0,0,0,0,0,0,0.087960048,0.026620358,0.01203475,0.041742297
DNK,2020/7/12,0,0,0,0,0,0,0.08704651,0.026062797,0.013853799,0.041821557
DNK,2020/7/13,18,44,19,10,91,0,0.086132972,0.025505236,0.015672848,0.041900817
DNK,2020/7/14,7,6,9,2,24,0,0.085219434,0.024947675,0.017491897,0.041980077
DNK,2020/7/15,9,10,8,4,31,0,0.084305896,0.024390114,0.019310946,0.042059336
DNK,2020/7/16,5,7,13,7,32,0,0.083392357,0.023832553,0.021129995,0.042138596
DNK,2020/7/17,9,16,16,8,49,0,0.082478819,0.023274992,0.022949044,0.042217856
DNK,2020/7/18,0,0,0,0,0,0,0.081565281,0.022717431,0.024768093,0.042297116
DNK,2020/7/19,0,0,0,0,0,0,0.080651743,0.02215987,0.026587142,0.042376375
DNK,2020/7/20,17,31,24,17,89,0,0.079738204,0.021602309,0.028406191,0.042455635
DNK,2020/7/21,6,14,16,4,40,0.007883751,0.08242693,0.022123526,0.029580937,0.044036292
DNK,2020/7/22,14,15,12,7,48,0.015767501,0.085115657,0.022644744,0.030755682,0.045616949
DNK,2020/7/23,5,14,13,10,42,0.023651252,0.087804383,0.023165961,0.031930428,0.047197606
DNK,2020/7/24,13,14,11,8,46,0.031535003,0.090493109,0.023687179,0.033105174,0.048778263
DNK,2020/7/25,0,0,0,0,0,0.039418753,0.093181835,0.024208396,0.03427992,0.05035892
DNK,2020/7/26,0,0,0,0,0,0.047302504,0.095870561,0.024729614,0.035454666,0.051939577
DNK,2020/7/27,14,27,53,15,109,0.055186255,0.098559288,0.025250831,0.036629412,0.053520234
DNK,2020/7/28,8,6,8,8,30,0.063070006,0.101248014,0.025772049,0.037804158,0.05510089
DNK,2020/7/29,7,20,24,6,57,0.070953756,0.10393674,0.026293266,0.038978904,0.056681547
DNK,2020/7/30,3,50,24,14,91,0.078837507,0.106625466,0.026814484,0.040153649,0.058262204
DNK,2020/7/31,6,31,22,5,64,0.086721258,0.109314192,0.027335702,0.041328395,0.059842861
DNK,2020/8/1,0,0,0,0,0,0.094605008,0.112002918,0.027856919,0.042503141,0.061423518
DNK,2020/8/2,0,0,0,0,0,0.102488759,0.114691645,0.028378137,0.043677887,0.063004175
DNK,2020/8/3,30,80,71,26,207,0.11037251,0.117380371,0.028899354,0.044852633,0.064584832
DNK,2020/8/4,13,36,18,10,77,0.12915239,0.120346549,0.034402735,0.049070588,0.073332148
DNK,2020/8/5,23,41,40,8,112,0.14793227,0.123312728,0.039906116,0.053288543,0.082079463
DNK,2020/8/6,20,45,42,14,121,0.16671215,0.126278906,0.045409496,0.057506498,0.090826779
DNK,2020/8/7,29,52,36,19,136,0.18549203,0.129245085,0.050912877,0.061724453,0.099574095
DNK,2020/8/8,0,0,0,0,0,0.20427191,0.132211263,0.056416258,0.065942409,0.10832141
DNK,2020/8/9,0,0,0,0,0,0.22305179,0.135177442,0.061919639,0.070160364,0.117068726
DNK,2020/8/10,91,140,111,31,373,0.241831669,0.13814362,0.067423019,0.074378319,0.125816042
DNK,2020/8/11,38,61,31,14,144,0.260611549,0.141109799,0.0729264,0.078596274,0.125949092
DNK,2020/8/12,25,41,35,10,111,0.279391429,0.144075977,0.078429781,0.082814229,0.126082142
DNK,2020/8/13,41,53,39,11,144,0.298171309,0.147042156,0.083933161,0.087032184,0.126215192
DNK,2020/8/14,38,79,38,10,165,0.316951189,0.150008334,0.089436542,0.091250139,0.126348243
DNK,2020/8/15,0,0,0,0,0,0.335731069,0.152974513,0.094939923,0.095468095,0.126481293
DNK,2020/8/16,0,0,0,0,0,0.354510949,0.155940691,0.100443304,0.09968605,0.126614343
DNK,2020/8/17,100,142,89,30,361,0.373290829,0.15890687,0.105946684,0.103904005,0.126747393
DNK,2020/8/18,43,41,25,6,115,0.360866328,0.168222497,0.108730434,0.108540888,0.149171676
DNK,2020/8/19,29,29,20,7,85,0.348441828,0.177538123,0.111514183,0.113177772,0.171595958
DNK,2020/8/20,28,56,22,10,116,0.336017327,0.18685375,0.114297932,0.117814655,0.194020241
DNK,2020/8/21,16,29,14,12,71,0.323592826,0.196169376,0.117081682,0.122451539,0.216444523
DNK,2020/8/22,0,0,0,0,0,0.311168326,0.205485003,0.119865431,0.127088422,0.238868806
DNK,2020/8/23,0,0,0,0,0,0.298743825,0.214800629,0.122649181,0.131725306,0.261293088
DNK,2020/8/24,82,106,60,22,270,0.286319324,0.224116256,0.12543293,0.136362189,0.283717371
DNK,2020/8/25,24,41,10,8,83,0.273894823,0.233431883,0.128216679,0.140999072,0.271797168
DNK,2020/8/26,12,25,13,7,57,0.261470323,0.242747509,0.131000429,0.145635956,0.259876965
DNK,2020/8/27,12,48,20,10,90,0.249045822,0.252063136,0.133784178,0.150272839,0.247956762
DNK,2020/8/28,20,31,14,8,73,0.236621321,0.261378762,0.136567928,0.154909723,0.236036559
DNK,2020/8/29,0,0,0,0,0,0.22419682,0.270694389,0.139351677,0.159546606,0.224116356
DNK,2020/8/30,0,0,0,0,0,0.21177232,0.280010015,0.142135426,0.16418349,0.212196153
DNK,2020/8/31,50,115,86,34,285,0.199347819,0.289325642,0.144919176,0.168820373,0.20027595
DNK,2020/9/1,17,41,31,10,99,0.218682876,0.287195741,0.153478979,0.170104495,0.1716651
DNK,2020/9/2,17,44,29,21,111,0.238017932,0.28506584,0.162038783,0.171388618,0.14305425
DNK,2020/9/3,25,94,51,9,179,0.257352989,0.282935939,0.170598587,0.17267274,0.1144434
DNK,2020/9/4,28,80,40,25,173,0.276688045,0.280806038,0.17915839,0.173956863,0.08583255
DNK,2020/9/5,0,0,0,0,0,0.296023102,0.278676137,0.187718194,0.175240985,0.0572217
DNK,2020/9/6,0,0,0,0,0,0.315358159,0.276546236,0.196277997,0.176525107,0.02861085
DNK,2020/9/7,100,243,156,67,566,0.334693215,0.274416335,0.204837801,0.17780923,0
DNK,2020/9/8,57,94,68,24,243,0.354028272,0.272286434,0.213397605,0.179093352,0.037050657
DNK,2020/9/9,70,76,65,40,251,0.373363328,0.270156533,0.221957408,0.180377474,0.074101314
DNK,2020/9/10,74,117,82,44,317,0.392698385,0.268026631,0.230517212,0.181661597,0.111151971
DNK,2020/9/11,65,98,90,39,292,0.412033441,0.26589673,0.239077015,0.182945719,0.148202629
DNK,2020/9/12,0,0,0,0,0,0.431368498,0.263766829,0.247636819,0.184229841,0.185253286
DNK,2020/9/13,0,0,0,0,0,0.450703555,0.261636928,0.256196623,0.185513964,0.222303943
DNK,2020/9/14,231,335,308,147,1021,0.470038611,0.259507027,0.264756426,0.186798086,0.2593546
DNK,2020/9/15,68,107,104,55,334,0.457099624,0.312613587,0.256113298,0.190111307,0.253166258
DNK,2020/9/16,0,0,0,0,0,0.444160636,0.365720146,0.247470169,0.193424529,0.246977917
DNK,2020/9/17,155,316,241,110,822,0.431221649,0.418826706,0.238827041,0.19673775,0.240789575
DNK,2020/9/18,85,167,140,62,454,0.418282661,0.471933265,0.230183912,0.200050971,0.234601234
DNK,2020/9/19,0,0,0,0,0,0.405343674,0.525039825,0.221540784,0.203364193,0.228412892
DNK,2020/9/20,0,0,0,0,0,0.392404686,0.578146384,0.212897656,0.206677414,0.222224551
DNK,2020/9/21,302,546,426,202,1476,0.379465699,0.631252944,0.204254527,0.209990635,0.216036209
DNK,2020/9/22,104,169,143,60,476,0.366526712,0.591819794,0.201326475,0.210998567,0.22740696
DNK,2020/9/23,119,198,166,75,558,0.353587724,0.552386645,0.198398422,0.212006498,0.238777712
DNK,2020/9/24,140,189,151,79,559,0.340648737,0.512953495,0.195470369,0.213014429,0.250148463
DNK,2020/9/25,168,258,180,72,678,0.327709749,0.473520346,0.192542317,0.21402236,0.261519214
DNK,2020/9/26,0,0,0,0,0,0.314770762,0.434087197,0.189614264,0.215030292,0.272889965
DNK,2020/9/27,0,0,0,0,0,0.301831774,0.394654047,0.186686211,0.216038223,0.284260716
DNK,2020/9/28,378,530,384,186,1478,0.288892787,0.355220898,0.183758159,0.217046154,0.295631467
DNK,2020/9/29,100,140,105,47,392,0.308619826,0.346178838,0.190245793,0.218979673,0.286332458
DNK,2020/9/30,135,198,134,67,534,0.328346865,0.337136778,0.196733428,0.220913191,0.277033448
DNK,2020/10/1,109,120,128,41,398,0.348073904,0.328094719,0.203221062,0.22284671,0.267734439
DNK,2020/10/2,115,177,160,84,536,0.367800942,0.319052659,0.209708697,0.224780229,0.258435429
DNK,2020/10/3,0,0,0,0,0,0.387527981,0.3100106,0.216196331,0.226713748,0.24913642
DNK,2020/10/4,0,0,0,0,0,0.40725502,0.30096854,0.222683965,0.228647267,0.23983741
DNK,2020/10/5,300,361,334,130,1125,0.426982059,0.29192648,0.2291716,0.230580785,0.230538401
DNK,2020/10/6,76,97,106,43,322,0.446709098,0.302321032,0.23156782,0.230707738,0.239517757
DNK,2020/10/7,76,106,106,43,331,0.466436137,0.312715583,0.233964041,0.230834691,0.248497113
DNK,2020/10/8,112,154,117,63,446,0.486163176,0.323110134,0.236360261,0.230961644,0.257476469
DNK,2020/10/9,94,166,158,64,482,0.505890215,0.333504686,0.238756481,0.231088596,0.266455825
DNK,2020/10/10,0,0,0,0,0,0.525617254,0.343899237,0.241152702,0.231215549,0.275435182
DNK,2020/10/11,0,0,0,0,0,0.545344293,0.354293789,0.243548922,0.231342502,0.284414538
DNK,2020/10/12,276,358,354,185,1173,0.565071332,0.36468834,0.245945143,0.231469455,0.293393894
DNK,2020/10/13,71,92,72,55,290,0.57492247,0.375498605,0.245913066,0.245859007,0.289430209
DNK,2020/10/14,78,164,150,100,492,0.584773608,0.386308869,0.245880989,0.260248559,0.285466523
DNK,2020/10/15,83,153,121,73,430,0.594624747,0.397119134,0.245848912,0.274638112,0.281502838
DNK,2020/10/16,67,151,132,68,418,0.604475885,0.407929399,0.245816835,0.289027664,0.277539153
DNK,2020/10/17,0,0,0,0,0,0.614327024,0.418739663,0.245784758,0.303417216,0.273575468
DNK,2020/10/18,0,0,0,0,0,0.624178162,0.429549928,0.245752681,0.317806769,0.269611782
DNK,2020/10/19,313,494,395,201,1403,0.6340293,0.440360192,0.245720604,0.332196321,0.265648097
DNK,2020/10/20,129,181,166,53,529,0.643880439,0.451170457,0.307324973,0.370463514,0.313252819
DNK,2020/10/21,116,235,208,71,630,0.653731577,0.461980722,0.368929342,0.408730708,0.360857541
DNK,2020/10/22,170,261,217,112,760,0.663582715,0.472790986,0.43053371,0.446997901,0.408462263
DNK,2020/10/23,230,296,229,104,859,0.673433854,0.483601251,0.492138079,0.485265094,0.456066985
DNK,2020/10/24,0,0,0,0,0,0.683284992,0.494411516,0.553742448,0.523532287,0.503671706
DNK,2020/10/25,0,0,0,0,0,0.69313613,0.50522178,0.615346817,0.561799481,0.551276428
DNK,2020/10/26,655,995,782,358,2790,0.702987269,0.516032045,0.676951186,0.600066674,0.59888115
DNK,2020/10/27,193,259,210,83,745,0.713973278,0.558431553,0.691924455,0.618859732,0.62291011
DNK,2020/10/28,292,336,280,109,1017,0.724959287,0.600831061,0.706897723,0.637652791,0.646939069
DNK,2020/10/29,191,310,259,100,860,0.735945296,0.643230569,0.721870992,0.656445849,0.670968028
DNK,2020/10/30,306,403,341,141,1191,0.746931305,0.685630077,0.73684426,0.675238908,0.694996988
DNK,2020/10/31,0,0,0,0,0,0.757917313,0.728029585,0.751817529,0.694031966,0.719025947
DNK,2020/11/1,0,0,0,0,0,0.768903322,0.770429093,0.766790798,0.712825025,0.743054907
DNK,2020/11/2,745,1016,879,376,3016,0.779889331,0.812828601,0.781764066,0.731618083,0.767083866
DNK,2020/11/3,368,410,411,164,1353,0.79087534,0.811902867,0.789120477,0.749934878,0.77645891
DNK,2020/11/4,232,291,290,123,936,0.801861349,0.810977134,0.796476887,0.768251673,0.785833954
DNK,2020/11/5,306,372,390,155,1223,0.812847358,0.810051401,0.803833297,0.786568468,0.795208998
DNK,2020/11/6,389,478,386,174,1427,0.823833367,0.809125668,0.811189707,0.804885262,0.804584042
DNK,2020/11/7,0,0,0,0,0,0.834819376,0.808199934,0.818546117,0.823202057,0.813959086
DNK,2020/11/8,0,0,0,0,0,0.845805385,0.807274201,0.825902527,0.841518852,0.82333413
DNK,2020/11/9,689,867,792,364,2712,0.856791394,0.806348468,0.833258938,0.859835646,0.832709174
DNK,2020/11/10,280,371,283,132,1066,0.858083282,0.816738313,0.83178227,0.861254659,0.835090238
DNK,2020/11/11,236,309,314,135,994,0.859375169,0.827128158,0.830305602,0.862673671,0.837471303
DNK,2020/11/12,265,334,290,122,1011,0.860667057,0.837518003,0.828828935,0.864092684,0.839852368
DNK,2020/11/13,244,351,306,136,1037,0.861958945,0.847907848,0.827352267,0.865511696,0.842233433
DNK,2020/11/14,0,0,0,0,0,0.863250832,0.858297693,0.8258756,0.866930708,0.844614498
DNK,2020/11/15,0,0,0,0,0,0.86454272,0.868687538,0.824398932,0.868349721,0.846995563
DNK,2020/11/16,835,1086,977,433,3331,0.865834608,0.879077383,0.822922264,0.869768733,0.849376628
DNK,2020/11/17,298,405,373,144,1220,0.867126495,0.876545436,0.82354242,0.869617744,0.848902663
DNK,2020/11/18,355,349,362,191,1257,0.868418383,0.874013488,0.824162576,0.869466755,0.848428699
DNK,2020/11/19,331,439,369,158,1297,0.869710271,0.871481541,0.824782732,0.869315766,0.847954734
DNK,2020/11/20,287,445,358,167,1257,0.871002158,0.868949594,0.825402888,0.869164777,0.847480769
DNK,2020/11/21,0,0,0,0,0,0.872294046,0.866417646,0.826023044,0.869013789,0.847006804
DNK,2020/11/22,0,0,0,0,0,0.873585934,0.863885699,0.8266432,0.8688628,0.84653284
DNK,2020/11/23,818,1034,963,477,3292,0.874877822,0.861353751,0.827263356,0.868711811,0.846058875
DNK,2020/11/24,366,415,391,195,1367,0.876169709,0.858821804,0.827883512,0.868560822,0.84558491
DNK,2020/11/25,297,371,348,167,1183,0.877461597,0.856289857,0.828503668,0.868409833,0.845110945
DNK,2020/11/26,311,366,331,183,1191,0.878753485,0.853757909,0.829123824,0.868258844,0.84463698
DNK,2020/11/27,316,447,393,167,1323,0.880045372,0.851225962,0.82974398,0.868107855,0.844163016
DNK,2020/11/28,0,0,0,0,0,0.88133726,0.848694015,0.830364136,0.867956867,0.843689051
DNK,2020/11/29,0,0,0,0,0,0.882629148,0.846162067,0.830984292,0.867805878,0.843215086
DNK,2020/11/30,993,1211,1037,522,3763,0.883921035,0.84363012,0.831604448,0.867654889,0.842741121
DNK,2020/12/1,401,440,428,199,1468,0.885212923,0.841098172,0.832224604,0.8675039,0.842267157
DNK,2020/12/2,412,517,469,188,1586,0.886504811,0.838566225,0.83284476,0.867352911,0.841793192
DNK,2020/12/3,461,505,451,188,1605,0.887796698,0.836034278,0.833464916,0.867201922,0.841319227
DNK,2020/12/4,396,530,481,196,1603,0.889088586,0.83350233,0.834085072,0.867050933,0.840845262
DNK,2020/12/5,0,0,0,0,0,0.890380474,0.830970383,0.834705228,0.866899944,0.840371298
DNK,2020/12/6,0,0,0,0,0,0.891672362,0.828438435,0.835325384,0.866748956,0.839897333
DNK,2020/12/7,1599,1944,1635,728,5906,0.892964249,0.825906488,0.835945539,0.866597967,0.839423368
DNK,2020/12/8,601,682,616,251,2150,0.894256137,0.823374541,0.836565695,0.866446978,0.838949403
DNK,2020/12/9,637,861,723,337,2558,0.895548025,0.820842593,0.837185851,0.866295989,0.838475439
DNK,2020/12/10,831,1059,889,353,3132,0.896839912,0.818310646,0.837806007,0.866145,0.838001474
DNK,2020/12/11,710,1131,856,378,3075,0.8981318,0.815778698,0.838426163,0.865994011,0.837527509
DNK,2020/12/12,0,0,0,0,0,0.899423688,0.813246751,0.839046319,0.865843022,0.837053544
DNK,2020/12/13,0,0,0,0,0,0.900715575,0.810714804,0.839666475,0.865692034,0.83657958
DNK,2020/12/14,2209,3405,2691,1226,9531,0.902007463,0.808182856,0.840286631,0.865541045,0.836105615
DNK,2020/12/15,728,1028,851,385,2992,0.903275249,0.80709141,0.840385925,0.866579818,0.838294311
DNK,2020/12/16,879,1230,1041,542,3692,0.904543034,0.805999963,0.840485219,0.86761859,0.840483006
DNK,2020/12/17,936,1362,1161,575,4034,0.90581082,0.804908517,0.840584512,0.868657363,0.842671702
DNK,2020/12/18,1068,1537,1256,647,4508,0.907078605,0.80381707,0.840683806,0.869696136,0.844860398
DNK,2020/12/19,0,0,0,0,0,0.908346391,0.802725624,0.840783099,0.870734909,0.847049094
DNK,2020/12/20,0,0,0,0,0,0.909614176,0.801634177,0.840882393,0.871773682,0.849237789
DNK,2020/12/21,2195,2958,2641,1517,9311,0.910881962,0.800542731,0.840981687,0.872812455,0.851426485
DNK,2020/12/22,625,786,763,369,2543,0.912149747,0.799451285,0.839257441,0.871691766,0.849223965
DNK,2020/12/23,727,962,996,612,3297,0.913417533,0.798359838,0.837533196,0.870571077,0.847021446
DNK,2020/12/24,651,873,864,481,2869,0.914685318,0.797268392,0.835808951,0.869450389,0.844818926
DNK,2020/12/25,0,0,0,0,0,0.915953104,0.796176945,0.834084705,0.8683297,0.842616407
DNK,2020/12/26,0,0,0,0,0,0.917220889,0.795085499,0.83236046,0.867209011,0.840413887
DNK,2020/12/27,0,0,0,0,0,0.918488675,0.793994052,0.830636214,0.866088322,0.838211368
DNK,2020/12/28,2157,2893,2776,1659,9485,0.91975646,0.792902606,0.828911969,0.864967634,0.836008848
DNK,2020/12/29,488,846,726,561,2621,0.921024246,0.791811159,0.827187724,0.863846945,0.833806328
DNK,2020/12/30,550,850,787,596,2783,0.922292031,0.790719713,0.825463478,0.862726256,0.831603809
DNK,2020/12/31,451,705,609,484,2249,0.923559817,0.789628266,0.823739233,0.861605567,0.829401289
DNK,2021/1/1,0,0,0,0,0,0.924827602,0.78853682,0.822014988,0.860484879,0.82719877
DNK,2021/1/2,739,1219,1155,949,4062,0.926095388,0.787445373,0.820290742,0.85936419,0.82499625
DNK,2021/1/3,0,0,0,0,0,0.927363173,0.786353927,0.818566497,0.858243501,0.82279373
DNK,2021/1/4,630,1028,884,704,3246,0.928630959,0.78526248,0.816842251,0.857122812,0.820591211
DNK,2021/1/5,365,697,556,374,1992,0.928949521,0.785166224,0.80439294,0.852597604,0.814885829
DNK,2021/1/6,432,733,591,460,2216,0.929268084,0.785069968,0.791943628,0.848072397,0.809180446
DNK,2021/1/7,352,602,531,357,1842,0.929586646,0.784973712,0.779494316,0.843547189,0.803475064
DNK,2021/1/8,323,504,427,406,1660,0.929905208,0.784877456,0.767045005,0.839021981,0.797769682
DNK,2021/1/9,0,0,0,0,0,0.930223771,0.7847812,0.754595693,0.834496773,0.7920643
DNK,2021/1/10,0,0,0,0,0,0.930542333,0.784684944,0.742146381,0.829971565,0.786358917
DNK,2021/1/11,840,1258,1210,920,4228,0.930860895,0.784588688,0.729697069,0.825446357,0.780653535
DNK,2021/1/12,198,307,327,244,1076,0.914881411,0.780366498,0.741053004,0.829935832,0.788570488
DNK,2021/1/13,217,386,433,322,1358,0.898901927,0.776144308,0.752408938,0.834425307,0.79648744
DNK,2021/1/14,0,0,0,0,0,0.882922443,0.771922117,0.763764873,0.838914782,0.804404393
DNK,2021/1/15,383,640,632,506,2161,0.866942959,0.767699927,0.775120807,0.843404257,0.812321345
DNK,2021/1/16,0,0,0,0,0,0.850963475,0.763477737,0.786476741,0.847893732,0.820238298
DNK,2021/1/17,0,0,0,0,0,0.834983991,0.759255546,0.797832676,0.852383207,0.828155251
DNK,2021/1/18,485,747,780,563,2575,0.819004507,0.755033356,0.80918861,0.856872682,0.836072203
DNK,2021/1/19,132,192,207,193,724,0.803025023,0.750811166,0.808359758,0.849259375,0.824539875
DNK,2021/1/20,154,256,270,206,886,0.787045539,0.746588975,0.807530906,0.841646068,0.813007547
DNK,2021/1/21,118,263,220,159,760,0.771066055,0.742366785,0.806702053,0.83403276,0.801475218
DNK,2021/1/22,128,234,223,188,773,0.755086571,0.738144594,0.805873201,0.826419453,0.78994289
DNK,2021/1/23,0,0,0,0,0,0.739107087,0.733922404,0.805044349,0.818806146,0.778410562
DNK,2021/1/24,0,0,0,0,0,0.723127603,0.729700214,0.804215496,0.811192839,0.766878234
DNK,2021/1/25,425,677,670,486,2258,0.707148119,0.725478023,0.803386644,0.803579531,0.755345906
DNK,2021/1/26,132,203,204,113,652,0.705981954,0.731081193,0.807095171,0.806990545,0.765793449
DNK,2021/1/27,104,174,178,136,592,0.70481579,0.736684363,0.810803698,0.810401559,0.776240993
DNK,2021/1/28,111,213,200,144,668,0.703649625,0.742287534,0.814512225,0.813812572,0.786688537
DNK,2021/1/29,115,141,115,85,456,0.70248346,0.747890704,0.818220751,0.817223586,0.797136081
DNK,2021/1/30,0,0,0,0,0,0.701317295,0.753493874,0.821929278,0.820634599,0.807583624
DNK,2021/1/31,0,0,0,0,0,0.70015113,0.759097044,0.825637805,0.824045613,0.818031168
DNK,2021/2/1,272,360,389,275,1296,0.698984965,0.764700214,0.829346332,0.827456627,0.828478712
DNK,2021/2/2,92,122,100,83,397,0.697818801,0.770303384,0.834584472,0.809925757,0.821448179
DNK,2021/2/3,74,145,111,95,425,0.696652636,0.775906554,0.839822611,0.792394888,0.814417645
DNK,2021/2/4,112,182,165,94,553,0.695486471,0.781509724,0.845060751,0.774864019,0.807387112
DNK,2021/2/5,82,133,132,91,438,0.694320306,0.787112894,0.850298891,0.757333149,0.800356579
DNK,2021/2/6,0,0,0,0,0,0.693154141,0.792716064,0.85553703,0.73980228,0.793326045
DNK,2021/2/7,0,0,0,0,0,0.691987976,0.798319234,0.86077517,0.722271411,0.786295512
DNK,2021/2/8,270,412,344,252,1278,0.690821811,0.803922404,0.86601331,0.704740542,0.779264979
DNK,2021/2/9,61,107,126,72,366,0.689655647,0.806169715,0.852983151,0.723688553,0.783402702
DNK,2021/2/10,83,147,144,96,470,0.688489482,0.808417025,0.839952992,0.742636565,0.787540425
DNK,2021/2/11,106,147,153,72,478,0.687323317,0.810664335,0.826922833,0.761584577,0.791678148
DNK,2021/2/12,115,131,118,64,428,0.686157152,0.812911646,0.813892674,0.780532588,0.795815871
DNK,2021/2/13,0,0,0,0,0,0.684990987,0.815158956,0.800862515,0.7994806,0.799953594
DNK,2021/2/14,0,0,0,0,0,0.683824822,0.817406266,0.787832356,0.818428612,0.804091317
DNK,2021/2/15,265,310,266,165,1006,0.682658658,0.819653577,0.774802197,0.837376623,0.80822904
DNK,2021/2/16,82,143,120,39,384,0.71189793,0.809972063,0.776959403,0.829808233,0.803811333
DNK,2021/2/17,114,129,119,52,414,0.741137203,0.80029055,0.779116609,0.822239842,0.799393626
DNK,2021/2/18,117,157,132,62,468,0.770376476,0.790609036,0.781273815,0.814671451,0.794975918
DNK,2021/2/19,162,177,145,68,552,0.799615749,0.780927523,0.78343102,0.807103061,0.790558211
DNK,2021/2/20,0,0,0,0,0,0.828855021,0.77124601,0.785588226,0.79953467,0.786140504
DNK,2021/2/21,0,0,0,0,0,0.858094294,0.761564496,0.787745432,0.791966279,0.781722797
DNK,2021/2/22,374,474,379,183,1410,0.887333567,0.751882983,0.789902638,0.784397889,0.77730509
DNK,2021/2/23,143,173,152,61,529,0.885278569,0.752711773,0.79217281,0.750613035,0.75815234
DNK,2021/2/24,116,195,144,68,523,0.883223571,0.753540564,0.794442981,0.716828181,0.738999589
DNK,2021/2/25,161,197,173,72,603,0.881168574,0.754369354,0.796713153,0.683043327,0.719846838
DNK,2021/2/26,149,169,135,77,530,0.879113576,0.755198145,0.798983325,0.649258473,0.700694088
DNK,2021/2/27,0,0,0,0,0,0.877058578,0.756026935,0.801253497,0.615473619,0.681541337
DNK,2021/2/28,0,0,0,0,0,0.87500358,0.756855726,0.803523668,0.581688764,0.662388586
DNK,2021/3/1,397,484,396,203,1480,0.872948582,0.757684516,0.80579384,0.54790391,0.643235836
DNK,2021/3/2,141,178,146,67,532,0.870893585,0.758513307,0.808064012,0.586758497,0.665619521
DNK,2021/3/3,144,199,152,79,574,0.868838587,0.759342097,0.810334184,0.625613084,0.688003206
DNK,2021/3/4,154,171,130,65,520,0.866783589,0.760170888,0.812604356,0.66446767,0.710386892
DNK,2021/3/5,166,212,155,81,614,0.864728591,0.760999678,0.814874527,0.703322257,0.732770577
DNK,2021/3/6,0,0,0,0,0,0.862673593,0.761828469,0.817144699,0.742176843,0.755154262
DNK,2021/3/7,0,0,0,0,0,0.860618596,0.762657259,0.819414871,0.78103143,0.777537947
DNK,2021/3/8,407,410,386,129,1332,0.858563598,0.76348605,0.821685043,0.819886017,0.799921633
DNK,2021/3/9,159,161,145,62,527,0.855761079,0.776935679,0.812850333,0.834695037,0.801482084
DNK,2021/3/10,350,732,609,316,2007,0.852958561,0.790385309,0.804015623,0.849504057,0.803042535
DNK,2021/3/11,224,274,240,124,862,0.850156042,0.803834939,0.795180913,0.864313077,0.804602987
DNK,2021/3/12,158,214,173,100,645,0.847353523,0.817284568,0.786346203,0.879122097,0.806163438
DNK,2021/3/13,0,0,0,0,0,0.844551005,0.830734198,0.777511493,0.893931117,0.80772389
DNK,2021/3/14,0,0,0,0,0,0.841748486,0.844183827,0.768676783,0.908740137,0.809284341
DNK,2021/3/15,501,569,502,194,1766,0.838945967,0.857633457,0.759842073,0.923549157,0.810844792
DNK,2021/3/16,203,280,203,85,771,0.836143449,0.846565099,0.766285813,0.903212337,0.807718349
DNK,2021/3/17,220,253,221,93,787,0.83334093,0.835496741,0.772729553,0.882875517,0.804591905
DNK,2021/3/18,258,255,198,75,786,0.830538411,0.824428383,0.779173292,0.862538697,0.801465462
DNK,2021/3/19,258,279,232,74,843,0.827735893,0.813360025,0.785617032,0.842201878,0.798339018
DNK,2021/3/20,0,0,0,0,0,0.824933374,0.802291666,0.792060772,0.821865058,0.795212575
DNK,2021/3/21,0,0,0,0,0,0.822130856,0.791223308,0.798504511,0.801528238,0.792086131
DNK,2021/3/22,583,678,553,205,2019,0.819328337,0.78015495,0.804948251,0.781191418,0.788959688
DNK,2021/3/23,203,250,215,86,754,0.819328337,0.78015495,0.812062828,0.786748162,0.795581771
DNK,2021/3/24,243,283,256,81,863,0.819328337,0.78015495,0.819177406,0.792304905,0.802203855
FRA,2020/5/13,41,214,219,417,891,0.654546841,0.676331288,0.76858557,0.815246985,0.751583676
FRA,2020/5/14,61,229,250,455,995,0.670226165,0.681315292,0.768366124,0.818246673,0.754415948
FRA,2020/5/15,57,265,243,472,1037,0.685905489,0.686299297,0.768146679,0.821246361,0.757248221
FRA,2020/5/16,23,64,71,134,292,0.701584814,0.691283301,0.767927233,0.824246049,0.760080493
FRA,2020/5/17,10,29,32,71,142,0.717264138,0.696267305,0.767707787,0.827245737,0.762912765
FRA,2020/5/18,84,234,235,566,1119,0.732943462,0.701251309,0.767488342,0.830245425,0.765745037
FRA,2020/5/19,65,236,265,489,1055,0.748622786,0.706235313,0.767268896,0.833245113,0.768577309
FRA,2020/5/20,86,247,302,422,1057,0.76430211,0.711219317,0.767049451,0.836244801,0.771409581
FRA,2020/5/21,20,43,36,95,194,0.779981434,0.716203321,0.766830005,0.839244489,0.774241854
FRA,2020/5/22,63,210,212,340,825,0.795660758,0.721187325,0.76661056,0.842244177,0.777074126
FRA,2020/5/23,35,64,60,107,266,0.811340082,0.726171329,0.766391114,0.845243865,0.779906398
FRA,2020/5/24,26,38,25,57,146,0.827019406,0.731155333,0.766171668,0.848243553,0.78273867
FRA,2020/5/25,62,178,170,299,709,0.84269873,0.736139337,0.765952223,0.851243241,0.785570942
FRA,2020/5/26,76,184,207,305,772,0.847108855,0.741121563,0.768921809,0.851354111,0.788320981
FRA,2020/5/27,68,164,199,296,727,0.85151898,0.74610379,0.771891395,0.851464981,0.79107102
FRA,2020/5/28,72,191,160,209,632,0.855929105,0.751086016,0.774860981,0.85157585,0.793821059
FRA,2020/5/29,70,152,147,208,577,0.860339231,0.756068242,0.777830568,0.85168672,0.796571098
FRA,2020/5/30,44,149,85,94,372,0.864749356,0.761050468,0.780800154,0.85179759,0.799321137
FRA,2020/5/31,31,87,35,36,189,0.869159481,0.766032694,0.78376974,0.851908459,0.802071176
FRA,2020/6/1,18,62,44,43,167,0.873569606,0.77101492,0.786739326,0.852019329,0.804821214
FRA,2020/6/2,66,179,187,290,722,0.877979731,0.775997146,0.789708912,0.852130199,0.807571253
FRA,2020/6/3,54,193,155,239,641,0.882389856,0.780979373,0.792678498,0.852241068,0.810321292
FRA,2020/6/4,50,189,176,202,617,0.886799981,0.785961599,0.795648084,0.852351938,0.813071331
FRA,2020/6/5,67,158,138,196,559,0.891210106,0.790943825,0.798617671,0.852462808,0.81582137
FRA,2020/6/6,32,92,79,90,293,0.895620231,0.795926051,0.801587257,0.852573678,0.818571409
FRA,2020/6/7,24,29,37,48,138,0.900030356,0.800908277,0.804556843,0.852684547,0.821321448
FRA,2020/6/8,64,172,153,172,561,0.904440481,0.805890503,0.807526429,0.852795417,0.824071487
FRA,2020/6/9,77,169,168,160,574,0.89695589,0.803078011,0.805003313,0.849806053,0.821154479
FRA,2020/6/10,64,177,143,178,562,0.8894713,0.800265518,0.802480196,0.84681669,0.81823747
FRA,2020/6/11,101,221,166,136,624,0.881986709,0.797453025,0.799957079,0.843827327,0.815320462
FRA,2020/6/12,116,187,160,149,612,0.874502118,0.794640533,0.797433963,0.840837963,0.812403454
FRA,2020/6/13,32,74,54,57,217,0.867017527,0.79182804,0.794910846,0.8378486,0.809486446
FRA,2020/6/14,17,44,28,44,133,0.859532936,0.789015547,0.79238773,0.834859236,0.806569437
FRA,2020/6/15,84,160,119,137,500,0.852048345,0.786203054,0.789864613,0.831869873,0.803652429
FRA,2020/6/16,74,197,146,147,564,0.844563755,0.783390562,0.787341496,0.82888051,0.800735421
FRA,2020/6/17,115,243,211,177,746,0.837079164,0.780578069,0.78481838,0.825891146,0.797818413
FRA,2020/6/18,109,199,155,114,577,0.829594573,0.777765576,0.782295263,0.822901783,0.794901404
FRA,2020/6/19,117,248,190,143,698,0.822109982,0.774953083,0.779772147,0.819912419,0.791984396
FRA,2020/6/20,58,120,106,67,351,0.814625391,0.772140591,0.77724903,0.816923056,0.789067388
FRA,2020/6/21,13,43,31,26,113,0.8071408,0.769328098,0.774725914,0.813933693,0.78615038
FRA,2020/6/22,97,206,162,137,602,0.79965621,0.766515605,0.772202797,0.810944329,0.783233371
FRA,2020/6/23,115,234,187,122,658,0.807173111,0.766738138,0.773768231,0.809773374,0.783675683
FRA,2020/6/24,103,267,183,118,671,0.814690013,0.76696067,0.775333665,0.808602418,0.784117995
FRA,2020/6/25,79,195,142,94,510,0.822206914,0.767183203,0.7768991,0.807431463,0.784560306
FRA,2020/6/26,89,211,157,121,578,0.829723816,0.767405735,0.778464534,0.806260507,0.785002618
FRA,2020/6/27,60,117,89,72,338,0.837240718,0.767628268,0.780029968,0.805089552,0.785444929
FRA,2020/6/28,42,70,57,45,214,0.844757619,0.7678508,0.781595402,0.803918596,0.785887241
FRA,2020/6/29,112,240,191,131,674,0.852274521,0.768073333,0.783160837,0.802747641,0.786329553
FRA,2020/6/30,109,265,192,142,708,0.859791423,0.768295865,0.784726271,0.801576685,0.786771864
FRA,2020/7/1,110,227,183,104,624,0.867308324,0.768518398,0.786291705,0.80040573,0.787214176
FRA,2020/7/2,104,214,160,108,586,0.874825226,0.76874093,0.787857139,0.799234774,0.787656488
FRA,2020/7/3,138,251,176,177,742,0.882342128,0.768963463,0.789422573,0.798063818,0.788098799
FRA,2020/7/4,60,123,96,72,351,0.889859029,0.769185996,0.790988008,0.796892863,0.788541111
FRA,2020/7/5,8,38,31,26,103,0.897375931,0.769408528,0.792553442,0.795721907,0.788983423
FRA,2020/7/6,137,217,187,140,681,0.904892832,0.769631061,0.794118876,0.794550952,0.789425734
FRA,2020/7/7,86,225,140,117,568,0.904421066,0.780013898,0.802307754,0.802255468,0.797925277
FRA,2020/7/8,124,257,214,114,709,0.903949299,0.790396735,0.810496632,0.809959983,0.80642482
FRA,2020/7/9,129,261,193,124,707,0.903477532,0.800779572,0.81868551,0.817664499,0.814924363
FRA,2020/7/10,168,306,236,145,855,0.903005765,0.811162409,0.826874388,0.825369014,0.823423906
FRA,2020/7/11,59,126,103,69,357,0.902533999,0.821545246,0.835063266,0.83307353,0.831923448
FRA,2020/7/12,20,31,33,34,118,0.902062232,0.831928083,0.843252144,0.840778045,0.840422991
FRA,2020/7/13,167,335,230,155,887,0.901590465,0.84231092,0.851441021,0.848482561,0.848922534
FRA,2020/7/14,29,67,52,38,186,0.901118699,0.852693757,0.859629899,0.856187077,0.857422077
FRA,2020/7/15,145,293,253,164,855,0.900646932,0.863076594,0.867818777,0.863891592,0.86592162
FRA,2020/7/16,151,391,270,162,974,0.900175165,0.873459432,0.876007655,0.871596108,0.874421162
FRA,2020/7/17,152,340,255,211,958,0.899703398,0.883842269,0.884196533,0.879300623,0.882920705
FRA,2020/7/18,83,170,112,79,444,0.899231632,0.894225106,0.892385411,0.887005139,0.891420248
FRA,2020/7/19,23,75,58,36,192,0.898759865,0.904607943,0.900574289,0.894709655,0.899919791
FRA,2020/7/20,160,400,263,210,1033,0.898288098,0.91499078,0.908763167,0.90241417,0.908419334
FRA,2020/7/21,177,430,279,211,1097,0.898509248,0.915138111,0.909369227,0.903155308,0.908903171
FRA,2020/7/22,193,475,311,197,1176,0.898730397,0.915285442,0.909975288,0.903896446,0.909387009
FRA,2020/7/23,186,477,284,203,1150,0.898951547,0.915432772,0.910581349,0.904637584,0.909870847
FRA,2020/7/24,212,503,341,224,1280,0.899172696,0.915580103,0.911187409,0.905378722,0.910354685
FRA,2020/7/25,96,273,156,102,627,0.899393846,0.915727434,0.91179347,0.906119859,0.910838522
FRA,2020/7/26,39,118,58,49,264,0.899614995,0.915874765,0.91239953,0.906860997,0.91132236
FRA,2020/7/27,222,608,362,234,1426,0.899836145,0.916022096,0.913005591,0.907602135,0.911806198
FRA,2020/7/28,195,627,320,218,1360,0.900057294,0.916169426,0.913611652,0.908343273,0.912290036
FRA,2020/7/29,223,648,370,232,1473,0.900278444,0.916316757,0.914217712,0.909084411,0.912773874
FRA,2020/7/30,256,737,333,227,1553,0.900499593,0.916464088,0.914823773,0.909825549,0.913257711
FRA,2020/7/31,290,770,377,205,1642,0.900720743,0.916611419,0.915429833,0.910566687,0.913741549
FRA,2020/8/1,132,351,188,122,793,0.900941892,0.91675875,0.916035894,0.911307825,0.914225387
FRA,2020/8/2,25,128,45,49,247,0.901163042,0.916906081,0.916641955,0.912048962,0.914709225
FRA,2020/8/3,341,978,435,267,2021,0.901384192,0.917053411,0.917248015,0.9127901,0.915193062
FRA,2020/8/4,284,964,467,295,2010,0.904993045,0.917025297,0.929069727,0.912638616,0.927308339
FRA,2020/8/5,261,990,446,267,1964,0.908601899,0.916997183,0.940891439,0.912487132,0.939423616
FRA,2020/8/6,315,1009,508,324,2156,0.912210753,0.916969068,0.952713152,0.912335648,0.951538893
FRA,2020/8/7,357,1102,536,313,2308,0.915819607,0.916940954,0.964534864,0.912184164,0.96365417
FRA,2020/8/8,147,450,235,177,1009,0.91942846,0.91691284,0.976356576,0.91203268,0.975769446
FRA,2020/8/9,65,182,95,102,444,0.923037314,0.916884726,0.988178288,0.911881196,0.987884723
FRA,2020/8/10,416,1397,688,355,2856,0.926646168,0.916856611,1,0.911729712,1
FRA,2020/8/11,402,1296,631,366,2695,0.930255022,0.916828497,0.987956656,0.911578227,0.987903855
FRA,2020/8/12,407,1454,680,356,2897,0.933863875,0.916800383,0.975913311,0.911426743,0.97580771
FRA,2020/8/13,534,1701,905,409,3549,0.937472729,0.916772268,0.963869967,0.911275259,0.963711565
FRA,2020/8/14,586,1857,948,494,3885,0.941081583,0.916744154,0.951826623,0.911123775,0.95161542
FRA,2020/8/15,90,375,167,138,770,0.944690437,0.91671604,0.939783279,0.910972291,0.939519275
FRA,2020/8/16,90,334,153,112,689,0.94829929,0.916687925,0.927739934,0.910820807,0.92742313
FRA,2020/8/17,693,2615,1168,560,5036,0.951908144,0.916659811,0.91569659,0.910669323,0.915326985
FRA,2020/8/18,608,2488,1134,519,4749,0.950241747,0.91711758,0.916667038,0.911112323,0.915892287
FRA,2020/8/19,630,2552,1140,543,4865,0.94857535,0.917575349,0.917637486,0.911555323,0.91645759
FRA,2020/8/20,777,2659,1140,562,5138,0.946908953,0.918033119,0.918607935,0.911998323,0.917022892
FRA,2020/8/21,788,2659,1140,538,5125,0.945242556,0.918490888,0.919578383,0.912441323,0.917588194
FRA,2020/8/22,325,1151,509,252,2237,0.943576159,0.918948657,0.920548831,0.912884323,0.918153497
FRA,2020/8/23,123,563,187,139,1012,0.941909762,0.919406426,0.921519279,0.913327323,0.918718799
FRA,2020/8/24,974,3564,1679,762,6979,0.940243365,0.919864195,0.922489728,0.913770323,0.919284101
FRA,2020/8/25,1042,3477,1541,766,6826,0.938576968,0.920321964,0.923460176,0.914213323,0.919849403
FRA,2020/8/26,939,3546,1456,752,6693,0.93691057,0.920779733,0.924430624,0.914656323,0.920414706
FRA,2020/8/27,1130,3953,1578,780,7441,0.935244173,0.921237503,0.925401072,0.915099323,0.920980008
FRA,2020/8/28,1228,3788,1722,900,7638,0.933577776,0.921695272,0.926371521,0.915542323,0.92154531
FRA,2020/8/29,482,1530,666,370,3048,0.931911379,0.922153041,0.927341969,0.915985323,0.922110613
FRA,2020/8/30,198,682,281,154,1315,0.930244982,0.92261081,0.928312417,0.916428323,0.922675915
FRA,2020/8/31,1559,4655,2157,1124,9495,0.928578585,0.923068579,0.929282865,0.916871323,0.923241217
FRA,2020/9/1,1457,4309,2075,1029,8870,0.924901776,0.923208052,0.928997724,0.918843129,0.923824236
FRA,2020/9/2,1488,4551,2020,1019,9078,0.921224967,0.923347524,0.928712582,0.920814935,0.924407254
FRA,2020/9/3,1513,4842,2276,1129,9760,0.917548158,0.923486997,0.928427441,0.92278674,0.924990272
FRA,2020/9/4,1825,4547,2403,1318,10093,0.913871348,0.92362647,0.928142299,0.924758546,0.925573291
FRA,2020/9/5,747,1728,998,582,4055,0.910194539,0.923765942,0.927857158,0.926730352,0.926156309
FRA,2020/9/6,254,634,331,254,1473,0.90651773,0.923905415,0.927572016,0.928702158,0.926739328
FRA,2020/9/7,2198,5341,3029,1690,12258,0.902840921,0.924044887,0.927286875,0.930673963,0.927322346
FRA,2020/9/8,2141,5207,2893,1427,11668,0.899164112,0.92418436,0.927001733,0.932645769,0.927905364
FRA,2020/9/9,2150,4923,2782,1476,11331,0.895487302,0.924323833,0.926716592,0.934617575,0.928488383
FRA,2020/9/10,2277,5181,2957,1646,12061,0.891810493,0.924463305,0.92643145,0.93658938,0.929071401
FRA,2020/9/11,2263,4547,2912,1565,11287,0.888133684,0.924602778,0.926146308,0.938561186,0.92965442
FRA,2020/9/12,831,1829,1118,723,4501,0.884456875,0.92474225,0.925861167,0.940532992,0.930237438
FRA,2020/9/13,255,655,351,308,1569,0.880780066,0.924881723,0.925576025,0.942504797,0.930820456
FRA,2020/9/14,2798,5995,3736,2213,14742,0.877103257,0.925021196,0.925290884,0.944476603,0.931403475
FRA,2020/9/15,2565,5629,3483,1848,13525,0.874101746,0.920896909,0.935963615,0.945140413,0.928990755
FRA,2020/9/16,2640,5659,3244,1910,13453,0.871100235,0.916772623,0.946636346,0.945804223,0.926578035
FRA,2020/9/17,2582,5845,3379,1943,13749,0.868098725,0.912648337,0.957309076,0.946468032,0.924165315
FRA,2020/9/18,2555,5651,3202,1888,13296,0.865097214,0.908524051,0.967981807,0.947131842,0.921752595
FRA,2020/9/19,970,2103,1359,790,5222,0.862095703,0.904399765,0.978654538,0.947795652,0.919339876
FRA,2020/9/20,269,811,415,312,1807,0.859094192,0.900275478,0.989327269,0.948459462,0.916927156
FRA,2020/9/21,2670,6547,3980,2446,15643,0.856092682,0.896151192,1,0.949123271,0.914514436
FRA,2020/9/22,2414,6000,3614,2183,14211,0.853091171,0.89737213,0.99248958,0.949787081,0.917255303
FRA,2020/9/23,2191,5646,3286,1871,12994,0.85008966,0.898593068,0.98497916,0.950450891,0.91999617
FRA,2020/9/24,2116,5403,3293,1921,12733,0.84708815,0.899814005,0.977468739,0.9511147,0.922737038
FRA,2020/9/25,2189,5099,3122,1869,12279,0.844086639,0.901034943,0.969958319,0.95177851,0.925477905
FRA,2020/9/26,873,1936,1233,766,4808,0.841085128,0.902255881,0.962447899,0.95244232,0.928218772
FRA,2020/9/27,217,527,335,311,1390,0.838083618,0.903476818,0.954937479,0.95310613,0.930959639
FRA,2020/9/28,2228,5535,3756,2204,13723,0.835082107,0.904697756,0.947427058,0.953769939,0.933700506
FRA,2020/9/29,1935,5391,3449,2021,12796,0.843952923,0.908849736,0.954937479,0.944752961,0.932267152
FRA,2020/9/30,2157,5547,3493,2148,13345,0.852823739,0.913001717,0.962447899,0.935735983,0.930833797
FRA,2020/10/1,2355,6053,4027,2204,14639,0.861694555,0.917153698,0.969958319,0.926719005,0.929400442
FRA,2020/10/2,2601,6434,4440,2730,16205,0.870565371,0.921305678,0.977468739,0.917702027,0.927967088
FRA,2020/10/3,1162,2818,1986,1263,7229,0.879436187,0.925457659,0.98497916,0.908685048,0.926533733
FRA,2020/10/4,258,765,525,437,1985,0.888307002,0.929609639,0.99248958,0.89966807,0.925100379
FRA,2020/10/5,3131,8365,6232,3719,21447,0.897177818,0.93376162,1,0.890651092,0.923667024
FRA,2020/10/6,2898,7694,5594,3479,19665,0.906048634,0.934190622,0.990286789,0.895544095,0.924825983
FRA,2020/10/7,3215,8133,5943,3434,20725,0.91491945,0.934619624,0.980573578,0.900437097,0.925984943
FRA,2020/10/8,3426,8778,6563,3776,22543,0.923790266,0.935048626,0.970860367,0.9053301,0.927143902
FRA,2020/10/9,3818,8967,6997,4301,24083,0.932661082,0.935477628,0.961147156,0.910223103,0.928302861
FRA,2020/10/10,1801,4108,3332,2089,11330,0.941531898,0.93590663,0.951433944,0.915116106,0.92946182
FRA,2020/10/11,437,1204,823,769,3233,0.950402714,0.936335632,0.941720733,0.920009108,0.93062078
FRA,2020/10/12,4757,11235,9455,6274,31721,0.95927353,0.936764634,0.932007522,0.924902111,0.931779739
FRA,2020/10/13,4160,10183,8563,5682,28588,0.962182564,0.941353801,0.924324278,0.935630381,0.933029157
FRA,2020/10/14,4546,10293,8572,5392,28803,0.965091597,0.945942968,0.916641033,0.946358651,0.934278575
FRA,2020/10/15,4608,11658,9435,6330,32031,0.968000631,0.950532135,0.908957788,0.957086921,0.935527993
FRA,2020/10/16,4771,12050,10013,6776,33610,0.970909664,0.955121302,0.901274544,0.967815191,0.936777411
FRA,2020/10/17,2160,5296,4574,3267,15297,0.973818698,0.959710468,0.893591299,0.97854346,0.93802683
FRA,2020/10/18,586,1629,1274,1218,4707,0.976727731,0.964299635,0.885908055,0.98927173,0.939276248
FRA,2020/10/19,5795,15717,13696,10085,45293,0.979636765,0.968888802,0.87822481,1,0.940525666
FRA,2020/10/20,5078,15729,13696,9844,44347,0.982545799,0.965317678,0.891925698,0.995272017,0.943778883
FRA,2020/10/21,5186,16675,14574,10319,46754,0.985454832,0.961746554,0.905626586,0.990544033,0.947032101
FRA,2020/10/22,5972,17910,15775,11461,51118,0.988363866,0.958175429,0.919327473,0.98581605,0.950285319
FRA,2020/10/23,6784,18927,16989,12670,55370,0.991272899,0.954604305,0.933028361,0.981088066,0.953538536
FRA,2020/10/24,3124,8754,7745,5531,25154,0.994181933,0.95103318,0.946729249,0.976360083,0.956791754
FRA,2020/10/25,820,2496,2070,1941,7327,0.997090966,0.947462056,0.960430137,0.9716321,0.960044971
FRA,2020/10/26,8173,22948,21409,16222,68752,1,0.943890932,0.974131025,0.966904116,0.963298189
FRA,2020/10/27,6919,20608,19514,14462,61503,0.996716343,0.943343952,0.973673191,0.96650476,0.962771304
FRA,2020/10/28,6768,18785,17588,13785,56926,0.993432685,0.942796972,0.973215358,0.966105403,0.962244419
FRA,2020/10/29,7400,17888,17289,13604,56181,0.990149028,0.942249992,0.972757525,0.965706046,0.961717534
FRA,2020/10/30,8786,17960,17941,13895,58582,0.98686537,0.941703012,0.972299691,0.96530669,0.961190649
FRA,2020/10/31,3899,8297,7899,6190,26285,0.983581713,0.941156032,0.971841858,0.964907333,0.960663765
FRA,2020/11/1,955,2062,1977,1990,6984,0.980298055,0.940609052,0.971384025,0.964507977,0.96013688
FRA,2020/11/2,10090,21501,21752,16759,70102,0.977014398,0.940062072,0.970926191,0.96410862,0.959609995
FRA,2020/11/3,8423,17432,17865,15348,59068,0.97373074,0.939515093,0.970468358,0.963709264,0.95908311
FRA,2020/11/4,7939,14481,14702,13007,50129,0.970447083,0.938968113,0.970010525,0.963309907,0.958556226
FRA,2020/11/5,7485,13494,13850,12098,46927,0.967163425,0.938421133,0.969552691,0.96291055,0.958029341
FRA,2020/11/6,7725,12346,12930,11989,44990,0.963879768,0.937874153,0.969094858,0.962511194,0.957502456
FRA,2020/11/7,3175,4873,5205,4694,17947,0.96059611,0.937327173,0.968637025,0.962111837,0.956975571
FRA,2020/11/8,566,1120,1084,1614,4384,0.957312453,0.936780193,0.968179191,0.961712481,0.956448686
FRA,2020/11/9,7537,12926,13990,13200,47653,0.954028795,0.936233213,0.967721358,0.961313124,0.955921802
FRA,2020/11/10,5711,9746,10758,11192,37407,0.954012653,0.936211424,0.967492336,0.961397036,0.95585703
FRA,2020/11/11,743,1479,1397,1768,5387,0.953996511,0.936189635,0.967263314,0.961480948,0.955792258
FRA,2020/11/12,6125,9525,10564,10311,36525,0.953980369,0.936167846,0.967034291,0.961564859,0.955727486
FRA,2020/11/13,5026,7527,7986,8395,28934,0.953964226,0.936146058,0.966805269,0.961648771,0.955662714
FRA,2020/11/14,1968,2939,3192,2907,11006,0.953948084,0.936124269,0.966576247,0.961732683,0.955597942
FRA,2020/11/15,377,705,657,973,2712,0.953931942,0.93610248,0.966347224,0.961816595,0.95553317
FRA,2020/11/16,4958,8079,8638,8672,30347,0.9539158,0.936080691,0.966118202,0.961900507,0.955468398
FRA,2020/11/17,3583,5731,6117,6249,21680,0.953899657,0.936058902,0.96588918,0.961984418,0.955403626
FRA,2020/11/18,3059,4494,4866,4936,17355,0.953883515,0.936037113,0.965660158,0.96206833,0.955338855
FRA,2020/11/19,2866,4388,4769,4814,16837,0.953867373,0.936015324,0.965431135,0.962152242,0.955274083
FRA,2020/11/20,2940,4272,4632,4402,16246,0.953851231,0.935993535,0.965202113,0.962236154,0.955209311
FRA,2020/11/21,1283,2093,2092,1782,7250,0.953835088,0.935971746,0.964973091,0.962320066,0.955144539
FRA,2020/11/22,241,478,483,640,1842,0.953818946,0.935949957,0.964744068,0.962403977,0.955079767
FRA,2020/11/23,2868,4723,5162,5008,17761,0.953802804,0.935928168,0.964515046,0.962487889,0.955014995
FRA,2020/11/24,2039,3506,3816,4385,13746,0.953786662,0.935906379,0.964286024,0.962571801,0.954950223
FRA,2020/11/25,2042,3404,3516,3679,12641,0.953770519,0.935884591,0.964057002,0.962655713,0.954885451
FRA,2020/11/26,1982,3469,3515,3569,12535,0.953754377,0.935862802,0.963827979,0.962739625,0.954820679
FRA,2020/11/27,2160,3353,3552,3393,12458,0.953738235,0.935841013,0.963598957,0.962823536,0.954755907
FRA,2020/11/28,1032,1652,1814,1581,6079,0.953722093,0.935819224,0.963369935,0.962907448,0.954691136
FRA,2020/11/29,165,457,374,612,1608,0.95370595,0.935797435,0.963140912,0.96299136,0.954626364
FRA,2020/11/30,2308,4374,4466,4722,15870,0.953689808,0.935775646,0.96291189,0.963075272,0.954561592
FRA,2020/12/1,1755,3365,3419,3858,12397,0.953673666,0.935753857,0.962682868,0.963159184,0.95449682
FRA,2020/12/2,1767,3226,3055,3502,11550,0.953657524,0.935732068,0.962453846,0.963243095,0.954432048
FRA,2020/12/3,1783,3435,3378,3445,12041,0.953641381,0.935710279,0.962224823,0.963327007,0.954367276
FRA,2020/12/4,1990,3498,3515,3560,12563,0.953625239,0.93568849,0.961995801,0.963410919,0.954302504
FRA,2020/12/5,1089,1894,1907,1693,6583,0.953609097,0.935666701,0.961766779,0.963494831,0.954237732
FRA,2020/12/6,181,458,407,708,1754,0.953592955,0.935644912,0.961537756,0.963578743,0.95417296
FRA,2020/12/7,2342,4818,4793,4788,16741,0.953576812,0.935623124,0.961308734,0.963662654,0.954108188
FRA,2020/12/8,1889,3796,3613,3953,13251,0.95356067,0.935601335,0.961079712,0.963746566,0.954043417
FRA,2020/12/9,1982,3668,3418,3667,12735,0.953544528,0.935579546,0.96085069,0.963830478,0.953978645
FRA,2020/12/10,1968,3900,3777,3920,13565,0.953528386,0.935557757,0.960621667,0.96391439,0.953913873
FRA,2020/12/11,2286,4091,3920,3794,14091,0.953512243,0.935535968,0.960392645,0.963998302,0.953849101
FRA,2020/12/12,1177,2342,2386,1944,7849,0.953496101,0.935514179,0.960163623,0.964082213,0.953784329
FRA,2020/12/13,210,566,520,752,2048,0.953479959,0.93549239,0.9599346,0.964166125,0.953719557
FRA,2020/12/14,2760,5676,5694,5564,19694,0.953463817,0.935470601,0.959705578,0.964250037,0.953654785
FRA,2020/12/15,2297,4648,4356,4637,15938,0.949866039,0.934167392,0.960840856,0.963592808,0.953320321
FRA,2020/12/16,2403,4514,4222,4254,15393,0.946268261,0.932864182,0.961976134,0.96293558,0.952985856
FRA,2020/12/17,2259,4816,4403,4399,15877,0.942670483,0.931560973,0.963111413,0.962278351,0.952651392
FRA,2020/12/18,2535,5131,4995,4831,17492,0.939072706,0.930257763,0.964246691,0.961621122,0.952316927
FRA,2020/12/19,1619,3195,3204,2661,10679,0.935474928,0.928954554,0.965381969,0.960963893,0.951982463
FRA,2020/12/20,478,1066,1081,1047,3672,0.93187715,0.927651344,0.966517247,0.960306665,0.951647998
FRA,2020/12/21,2775,6113,6268,6126,21282,0.928279372,0.926348135,0.967652525,0.959649436,0.951313534
FRA,2020/12/22,2352,5424,5185,5370,18331,0.924681594,0.925044925,0.968787803,0.958992207,0.950979069
FRA,2020/12/23,2269,5173,4811,4571,16824,0.921083817,0.923741716,0.969923081,0.958334979,0.950644605
FRA,2020/12/24,1806,4003,3811,3363,12983,0.917486039,0.922438507,0.971058359,0.95767775,0.950310141
FRA,2020/12/25,118,398,290,499,1305,0.913888261,0.921135297,0.972193638,0.957020521,0.949975676
FRA,2020/12/26,1305,3352,2835,2268,9760,0.910290483,0.919832088,0.973328916,0.956363293,0.949641212
FRA,2020/12/27,209,650,521,715,2095,0.906692705,0.918528878,0.974464194,0.955706064,0.949306747
FRA,2020/12/28,2739,6908,6515,5900,22062,0.903094928,0.917225669,0.975599472,0.955048835,0.948972283
FRA,2020/12/29,2497,5924,5237,5876,19534,0.89949715,0.915922459,0.97673475,0.954391607,0.948637818
FRA,2020/12/30,2750,5988,5276,5182,19196,0.895899372,0.91461925,0.977870028,0.953734378,0.948303354
FRA,2020/12/31,2221,4959,4308,4061,15549,0.892301594,0.91331604,0.979005306,0.953077149,0.947968889
FRA,2021/1/1,139,430,363,585,1517,0.888703816,0.912012831,0.980140585,0.95241992,0.947634425
FRA,2021/1/2,2148,4399,3913,2942,13402,0.885106039,0.910709621,0.981275863,0.951762692,0.94729996
FRA,2021/1/3,371,887,706,853,2817,0.881508261,0.909406412,0.982411141,0.951105463,0.946965496
FRA,2021/1/4,3988,9161,7799,6866,27814,0.877910483,0.908103202,0.983546419,0.950448234,0.946631031
FRA,2021/1/5,3297,6993,5904,5901,22095,0.870234384,0.911014152,0.981310829,0.952296611,0.94747288
FRA,2021/1/6,3193,6019,5196,5068,19476,0.862558286,0.913925102,0.979075239,0.954144987,0.948314728
FRA,2021/1/7,2927,5981,5014,4835,18757,0.854882187,0.916836051,0.976839649,0.955993363,0.949156577
FRA,2021/1/8,3173,6095,5232,4896,19396,0.847206088,0.919747001,0.974604059,0.957841739,0.949998425
FRA,2021/1/9,1817,3405,3198,2499,10919,0.83952999,0.922657951,0.972368469,0.959690115,0.950840274
FRA,2021/1/10,295,788,643,851,2577,0.831853891,0.9255689,0.970132879,0.961538491,0.951682122
FRA,2021/1/11,3784,7585,7486,7217,26072,0.824177792,0.92847985,0.967897288,0.963386868,0.952523971
FRA,2021/1/12,3111,5731,5691,5779,20312,0.832534602,0.926787732,0.967949835,0.962608774,0.959306261
FRA,2021/1/13,3310,5727,5529,5268,19834,0.840891412,0.925095613,0.968002381,0.96183068,0.966088551
FRA,2021/1/14,3054,5914,5564,5418,19950,0.849248221,0.923403495,0.968054927,0.961052586,0.972870841
FRA,2021/1/15,3756,6016,5955,5170,20897,0.857605031,0.921711377,0.968107474,0.960274492,0.97965313
FRA,2021/1/16,2189,3535,3410,2692,11826,0.865961841,0.920019258,0.96816002,0.959496398,0.98643542
FRA,2021/1/17,359,881,702,898,2840,0.874318651,0.91832714,0.968212566,0.958718305,0.99321771
FRA,2021/1/18,4732,8104,8524,7760,29120,0.88267546,0.916635022,0.968265113,0.957940211,1
FRA,2021/1/19,3780,6282,6516,6124,22702,0.89103227,0.914942903,0.968317659,0.957162117,0.991768633
FRA,2021/1/20,3978,6125,6078,5293,21474,0.89938908,0.913250785,0.968370205,0.956384023,0.983537267
FRA,2021/1/21,3713,6299,6160,5687,21859,0.90774589,0.911558667,0.968422752,0.955605929,0.9753059
FRA,2021/1/22,4427,6395,6427,5569,22818,0.916102699,0.909866548,0.968475298,0.954827835,0.967074533
FRA,2021/1/23,2399,3724,3769,2923,12815,0.924459509,0.90817443,0.968527844,0.954049741,0.958843167
FRA,2021/1/24,386,745,746,877,2754,0.932816319,0.906482312,0.968580391,0.953271648,0.9506118
FRA,2021/1/25,4994,8158,8636,8058,29846,0.941173129,0.904790193,0.968632937,0.952493554,0.942380434
FRA,2021/1/26,3867,6200,6200,5927,22194,0.93951447,0.89582084,0.954119416,0.952681399,0.938540177
FRA,2021/1/27,4051,6083,5698,5289,21121,0.937855811,0.886851487,0.939605894,0.952869244,0.934699919
FRA,2021/1/28,3834,6521,6154,5890,22399,0.936197152,0.877882134,0.925092373,0.95305709,0.930859662
FRA,2021/1/29,4444,6548,6417,5657,23066,0.934538493,0.86891278,0.910578852,0.953244935,0.927019405
FRA,2021/1/30,2304,3786,3829,2958,12877,0.932879834,0.859943427,0.89606533,0.95343278,0.923179148
FRA,2021/1/31,466,907,835,936,3144,0.931221175,0.850974074,0.881551809,0.953620625,0.919338891
FRA,2021/2/1,5038,8410,8809,7768,30025,0.929562516,0.842004721,0.867038288,0.953808471,0.915498634
FRA,2021/2/2,3943,6296,6530,5984,22753,0.927903857,0.858295117,0.878572539,0.955228382,0.921150121
FRA,2021/2/3,3901,5992,5847,4981,20721,0.926245198,0.874585513,0.89010679,0.956648293,0.926801608
FRA,2021/2/4,3617,6083,5806,5198,20704,0.92458654,0.89087591,0.901641041,0.958068204,0.932453095
FRA,2021/2/5,4266,6212,5893,5095,21466,0.922927881,0.907166306,0.913175292,0.959488115,0.938104582
FRA,2021/2/6,2363,3616,3521,2599,12099,0.921269222,0.923456702,0.924709543,0.960908026,0.943756069
FRA,2021/2/7,398,772,711,732,2613,0.919610563,0.939747099,0.936243794,0.962327937,0.949407556
FRA,2021/2/8,4352,7423,7565,6341,25681,0.917951904,0.956037495,0.947778045,0.963747848,0.955059043
FRA,2021/2/9,3571,5854,5671,4707,19803,0.909672273,0.954454005,0.947923682,0.962693944,0.954148496
FRA,2021/2/10,3655,5397,5028,4182,18262,0.901392643,0.952870515,0.94806932,0.96164004,0.953237949
FRA,2021/2/11,3337,5150,4838,4161,17486,0.893113013,0.951287025,0.948214957,0.960586136,0.952327402
FRA,2021/2/12,3711,5702,5064,4061,18538,0.884833382,0.949703536,0.948360594,0.959532233,0.951416854
FRA,2021/2/13,2206,3309,3062,2176,10753,0.876553752,0.948120046,0.948506232,0.958478329,0.950506307
FRA,2021/2/14,373,797,707,715,2592,0.868274121,0.946536556,0.948651869,0.957424425,0.94959576
FRA,2021/2/15,4271,7553,7381,5756,24961,0.859994491,0.944953066,0.948797506,0.956370521,0.948685213
FRA,2021/2/16,3426,6103,5714,4491,19734,0.85171486,0.943369576,0.948943144,0.955316617,0.947774666
FRA,2021/2/17,3529,6219,5693,4255,19696,0.84343523,0.941786086,0.949088781,0.954262714,0.946864118
FRA,2021/2/18,3708,6408,5994,4384,20494,0.835155599,0.940202596,0.949234418,0.95320881,0.945953571
FRA,2021/2/19,4217,6936,6406,4708,22267,0.826875969,0.938619107,0.949380056,0.952154906,0.945043024
FRA,2021/2/20,2429,3861,3751,2487,12528,0.818596338,0.937035617,0.949525693,0.951101002,0.944132477
FRA,2021/2/21,459,922,853,806,3040,0.810316708,0.935452127,0.94967133,0.950047098,0.94322193
FRA,2021/2/22,4871,8930,8942,6418,29161,0.802037078,0.933868637,0.949816968,0.948993194,0.942311382
FRA,2021/2/23,3701,6892,6594,4991,22178,0.811002953,0.932301422,0.94751857,0.949830203,0.941443618
FRA,2021/2/24,3840,6620,6012,4574,21046,0.819968828,0.930734206,0.945220172,0.950667211,0.940575853
FRA,2021/2/25,3869,6690,6152,4312,21023,0.828934703,0.929166991,0.942921774,0.951504219,0.939708089
FRA,2021/2/26,4309,6569,6296,4435,21609,0.837900578,0.927599776,0.940623376,0.952341227,0.938840324
FRA,2021/2/27,2524,3939,3710,2447,12620,0.846866453,0.92603256,0.938324978,0.953178235,0.93797256
FRA,2021/2/28,471,961,796,718,2946,0.855832328,0.924465345,0.93602658,0.954015244,0.937104795
FRA,2021/3/1,4968,8523,8174,5753,27418,0.864798203,0.92289813,0.933728182,0.954852252,0.936237031
FRA,2021/3/2,3858,6805,5985,4505,21153,0.873764077,0.921330914,0.931429784,0.95568926,0.935369266
FRA,2021/3/3,4093,6680,5788,3892,20453,0.882729952,0.919763699,0.929131387,0.956526268,0.934501502
FRA,2021/3/4,4053,6691,5758,3988,20490,0.891695827,0.918196484,0.926832989,0.957363276,0.933633737
FRA,2021/3/5,4629,6767,6171,4340,21907,0.900661702,0.916629269,0.924534591,0.958200284,0.932765973
FRA,2021/3/6,2807,4314,4026,2553,13700,0.909627577,0.915062053,0.922236193,0.959037293,0.931898208
FRA,2021/3/7,598,1018,869,668,3153,0.918593452,0.913494838,0.919937795,0.959874301,0.931030444
FRA,2021/3/8,5690,9248,8825,5570,29333,0.927559327,0.911927623,0.917639397,0.960711309,0.930162679
FRA,2021/3/9,4829,7280,6793,4730,23632,0.932733661,0.911627256,0.929405198,0.966323979,0.937748676
FRA,2021/3/10,4909,7760,6746,4386,23801,0.937907995,0.91132689,0.941170998,0.971936649,0.945334674
FRA,2021/3/11,5189,8154,6859,4423,24625,0.943082329,0.911026524,0.952936798,0.977549319,0.952920671
FRA,2021/3/12,6001,8321,7352,4772,26446,0.948256662,0.910726157,0.964702599,0.98316199,0.960506668
FRA,2021/3/13,3634,5374,5077,2944,17029,0.953430996,0.910425791,0.976468399,0.98877466,0.968092665
FRA,2021/3/14,762,1412,1240,830,4244,0.95860533,0.910125424,0.9882342,0.99438733,0.975678662
FRA,2021/3/15,7714,12347,11514,7205,38780,0.963779664,0.909825058,1,1,0.983264659
FRA,2021/3/16,6695,9897,8681,5482,30755,0.968953997,0.906753212,0.992488656,0.994697215,0.976285134
FRA,2021/3/17,6702,10049,8579,5104,30434,0.974128331,0.903681366,0.984977311,0.989394431,0.96930561
FRA,2021/3/18,7162,10012,8573,5451,31198,0.979302665,0.900609519,0.977465967,0.984091646,0.962326085
FRA,2021/3/19,8041,10234,9221,5704,33200,0.984476999,0.897537673,0.969954622,0.978788861,0.95534656
FRA,2021/3/20,4789,6331,6179,3432,20731,0.989651332,0.894465827,0.962443278,0.973486077,0.948367036
FRA,2021/3/21,971,1654,1410,975,5010,0.994825666,0.891393981,0.954931933,0.968183292,0.941387511
FRA,2021/3/22,10247,14400,14154,8144,46945,1,0.888322135,0.947420589,0.962880507,0.934407987
FRA,2021/3/23,8862,11793,11008,6424,38087,1,0.888322135,0.954931933,0.962880507,0.943778274
FRA,2021/3/24,8777,11740,10484,6133,37134,1,0.888322135,0.962443278,0.962880507,0.953148562
FRA,2021/3/25,9213,12008,10831,6173,38225,1,0.888322135,0.969954622,0.962880507,0.96251885
FRA,2021/3/26,10313,11985,11104,6557,39959,1,0.888322135,0.977465967,0.962880507,0.971889137
FRA,2021/3/27,5954,7866,7398,3939,25157,1,0.888322135,0.984977311,0.962880507,0.981259425
FRA,2021/3/28,1060,1578,1463,1023,5124,1,0.888322135,0.992488656,0.962880507,0.990629712
FRA,2021/3/29,12272,15978,15992,8886,53128,1,0.888322135,1,0.962880507,1
FRA,2021/3/30,10861,13360,12350,6996,43567,1,0.888322135,1,0.962880507,1
FRA,2021/3/31,9678,12328,11517,6106,39629,1,0.888322135,1,0.962880507,1
DEU,2020/2/1,0,1,0,0,1,0.154568843,0.189846287,0.168780693,0.207529817,0.185521732
DEU,2020/2/2,0,0,0,0,0,0.154568843,0.189846287,0.168780693,0.207529817,0.185521732
DEU,2020/2/3,0,1,0,0,1,0.154568843,0.189846287,0.168780693,0.207529817,0.185521732
DEU,2020/2/4,1,1,2,0,4,0.154568843,0.189846287,0.168780693,0.207529817,0.185521732
DEU,2020/2/5,0,1,1,0,2,0.154568843,0.189846287,0.168780693,0.207529817,0.185521732
DEU,2020/2/6,0,0,1,0,1,0.154568843,0.189846287,0.168780693,0.207529817,0.185521732
DEU,2020/2/7,0,0,1,0,1,0.154568843,0.189846287,0.168780693,0.207529817,0.185521732
DEU,2020/2/8,0,0,0,0,0,0.154568843,0.189846287,0.168780693,0.207529817,0.185521732
DEU,2020/2/9,0,0,0,0,0,0.154568843,0.189846287,0.168780693,0.207529817,0.185521732
DEU,2020/2/10,0,0,1,0,1,0.154568843,0.189846287,0.168780693,0.207529817,0.185521732
DEU,2020/2/11,1,0,1,0,2,0.154568843,0.189846287,0.168780693,0.207529817,0.185521732
DEU,2020/2/12,0,0,1,0,1,0.154568843,0.189846287,0.168780693,0.207529817,0.185521732
DEU,2020/2/13,0,0,0,0,0,0.154568843,0.189846287,0.168780693,0.207529817,0.185521732
DEU,2020/2/14,0,0,0,0,0,0.154568843,0.189846287,0.168780693,0.207529817,0.185521732
DEU,2020/2/15,1,0,0,0,1,0.154568843,0.189846287,0.168780693,0.207529817,0.185521732
DEU,2020/2/16,0,0,0,0,0,0.154568843,0.189846287,0.168780693,0.207529817,0.185521732
DEU,2020/2/17,0,2,0,0,2,0.154568843,0.189846287,0.168780693,0.207529817,0.185521732
DEU,2020/2/18,0,0,0,1,1,0.154568843,0.189846287,0.168780693,0.207529817,0.185521732
DEU,2020/2/19,1,0,0,0,1,0.154568843,0.189846287,0.168780693,0.207529817,0.185521732
DEU,2020/2/20,0,1,0,1,2,0.154568843,0.189846287,0.168780693,0.207529817,0.185521732
DEU,2020/2/21,0,0,0,0,0,0.154568843,0.189846287,0.168780693,0.207529817,0.185521732
DEU,2020/2/22,0,0,0,0,0,0.154568843,0.189846287,0.168780693,0.207529817,0.185521732
DEU,2020/2/23,0,0,0,0,0,0.154568843,0.189846287,0.168780693,0.207529817,0.185521732
DEU,2020/2/24,0,0,1,0,1,0.154568843,0.189846287,0.168780693,0.207529817,0.185521732
DEU,2020/2/25,0,2,1,0,3,0.154568843,0.189846287,0.168780693,0.207529817,0.185521732
DEU,2020/2/26,0,3,5,0,8,0.154568843,0.189846287,0.168780693,0.207529817,0.185521732
DEU,2020/2/27,1,11,8,4,24,0.154568843,0.189846287,0.168780693,0.207529817,0.185521732
DEU,2020/2/28,2,21,15,7,45,0.154568843,0.189846287,0.168780693,0.207529817,0.185521732
DEU,2020/2/29,1,8,13,1,23,0.154568843,0.189846287,0.168780693,0.207529817,0.185521732
DEU,2020/3/1,0,17,14,4,35,0.154568843,0.189846287,0.168780693,0.207529817,0.185521732
DEU,2020/3/2,0,16,17,10,43,0.154568843,0.189846287,0.168780693,0.207529817,0.185521732
DEU,2020/3/3,6,26,37,16,85,0.154568843,0.189846287,0.168780693,0.207529817,0.185521732
DEU,2020/3/4,3,56,79,19,157,0.154568843,0.189846287,0.168780693,0.207529817,0.185521732
DEU,2020/3/5,10,65,93,18,186,0.154568843,0.189846287,0.168780693,0.207529817,0.185521732
DEU,2020/3/6,8,35,104,39,186,0.154568843,0.189846287,0.168780693,0.207529817,0.185521732
DEU,2020/3/7,4,38,69,31,142,0.154568843,0.189846287,0.168780693,0.207529817,0.185521732
DEU,2020/3/8,7,24,65,10,106,0.154568843,0.189846287,0.168780693,0.207529817,0.185521732
DEU,2020/3/9,15,90,191,52,348,0.154568843,0.189846287,0.168780693,0.207529817,0.185521732
DEU,2020/3/10,23,151,307,114,595,0.154568843,0.189846287,0.168780693,0.207529817,0.185521732
DEU,2020/3/11,32,192,383,151,758,0.154568843,0.189846287,0.168780693,0.207529817,0.185521732
DEU,2020/3/12,17,214,600,159,990,0.154568843,0.189846287,0.168780693,0.207529817,0.185521732
DEU,2020/3/13,40,350,834,242,1466,0.154568843,0.189846287,0.168780693,0.207529817,0.185521732
DEU,2020/3/14,43,346,728,184,1301,0.154568843,0.189846287,0.168780693,0.207529817,0.185521732
DEU,2020/3/15,24,248,546,159,977,0.154568843,0.189846287,0.168780693,0.207529817,0.185521732
DEU,2020/3/16,49,522,1098,366,2035,0.154568843,0.189846287,0.168780693,0.207529817,0.185521732
DEU,2020/3/17,89,823,1602,519,3033,0.154568843,0.189846287,0.168780693,0.207529817,0.185521732
DEU,2020/3/18,89,979,1888,648,3604,0.154568843,0.189846287,0.168780693,0.207529817,0.185521732
DEU,2020/3/19,85,1098,2083,777,4043,0.154568843,0.189846287,0.168780693,0.207529817,0.185521732
DEU,2020/3/20,109,1106,1993,836,4044,0.154568843,0.189846287,0.168780693,0.207529817,0.185521732
DEU,2020/3/21,91,923,1559,782,3355,0.154568843,0.189846287,0.168780693,0.207529817,0.185521732
DEU,2020/3/22,52,588,1082,542,2264,0.154568843,0.189846287,0.168780693,0.207529817,0.185521732
DEU,2020/3/23,99,960,1753,915,3727,0.154568843,0.189846287,0.168780693,0.207529817,0.185521732
DEU,2020/3/24,130,1269,2243,1231,4873,0.154568843,0.189846287,0.168780693,0.207529817,0.185521732
DEU,2020/3/25,141,1395,2719,1417,5672,0.154568843,0.189846287,0.168780693,0.207529817,0.185521732
DEU,2020/3/26,144,1501,2647,1605,5897,0.154568843,0.189846287,0.168780693,0.207529817,0.185521732
DEU,2020/3/27,153,1459,2588,1771,5971,0.154568843,0.189846287,0.168780693,0.207529817,0.185521732
DEU,2020/3/28,138,1175,1938,1467,4718,0.154568843,0.189846287,0.168780693,0.207529817,0.185521732
DEU,2020/3/29,73,770,1310,920,3073,0.154568843,0.189846287,0.168780693,0.207529817,0.185521732
DEU,2020/3/30,84,968,1734,1337,4123,0.154568843,0.189846287,0.168780693,0.207529817,0.185521732
DEU,2020/3/31,180,1376,2504,1979,6039,0.146846068,0.189381849,0.173620912,0.220020568,0.190797501
DEU,2020/4/1,192,1435,2520,2108,6255,0.139123293,0.18891741,0.17846113,0.232511318,0.196073269
DEU,2020/4/2,166,1501,2634,2241,6542,0.131400519,0.188452972,0.183301349,0.245002069,0.201349037
DEU,2020/4/3,172,1391,2418,2201,6182,0.123677744,0.187988533,0.188141567,0.25749282,0.206624806
DEU,2020/4/4,129,961,1765,1485,4340,0.115954969,0.187524095,0.192981786,0.26998357,0.211900574
DEU,2020/4/5,66,576,993,897,2532,0.108232195,0.187059657,0.197822004,0.282474321,0.217176343
DEU,2020/4/6,96,847,1374,1342,3659,0.10050942,0.186595218,0.202662223,0.294965072,0.222452111
DEU,2020/4/7,166,1178,2090,1749,5183,0.104925266,0.194080347,0.209359359,0.297843543,0.228318341
DEU,2020/4/8,148,1176,2104,1843,5271,0.109341113,0.201565475,0.216056495,0.300722015,0.23418457
DEU,2020/4/9,117,1184,1908,1703,4912,0.113756959,0.209050603,0.222753632,0.303600487,0.2400508
DEU,2020/4/10,97,780,1272,1200,3349,0.118172806,0.216535732,0.229450768,0.306478959,0.245917029
DEU,2020/4/11,113,683,1045,1035,2876,0.122588652,0.22402086,0.236147905,0.309357431,0.251783259
DEU,2020/4/12,42,419,638,769,1868,0.127004499,0.231505989,0.242845041,0.312235902,0.257649488
DEU,2020/4/13,43,352,504,697,1596,0.131420345,0.238991117,0.249542178,0.315114374,0.263515718
DEU,2020/4/14,81,575,863,946,2465,0.154782181,0.257475092,0.268967356,0.345275714,0.286166502
DEU,2020/4/15,85,771,1246,1222,3324,0.178144017,0.275959067,0.288392534,0.375437054,0.308817287
DEU,2020/4/16,117,885,1349,1061,3412,0.201505852,0.294443042,0.307817712,0.405598394,0.331468072
DEU,2020/4/17,113,832,1113,986,3044,0.224867688,0.312927016,0.32724289,0.435759734,0.354118857
DEU,2020/4/18,79,549,751,728,2107,0.248229524,0.331410991,0.346668068,0.465921074,0.376769641
DEU,2020/4/19,37,328,473,536,1374,0.27159136,0.349894966,0.366093247,0.496082414,0.399420426
DEU,2020/4/20,57,396,610,648,1711,0.294953195,0.368378941,0.385518425,0.526243754,0.422071211
DEU,2020/4/21,98,568,760,757,2183,0.349942281,0.415517787,0.435860461,0.569058397,0.469048463
DEU,2020/4/22,97,680,898,813,2488,0.404931367,0.462656632,0.486202498,0.611873041,0.516025715
DEU,2020/4/23,99,525,720,746,2090,0.459920453,0.509795478,0.536544534,0.654687685,0.563002966
DEU,2020/4/24,95,563,637,607,1902,0.514909539,0.556934323,0.586886571,0.697502328,0.609980218
DEU,2020/4/25,55,328,437,451,1271,0.569898625,0.604073169,0.637228607,0.740316972,0.65695747
DEU,2020/4/26,28,193,238,239,698,0.62488771,0.651212015,0.687570644,0.783131615,0.703934722
DEU,2020/4/27,58,319,367,370,1114,0.679876796,0.69835086,0.73791268,0.825946259,0.750911974
DEU,2020/4/28,71,414,523,465,1473,0.67993291,0.706317899,0.747158175,0.827965618,0.757249885
DEU,2020/4/29,65,403,498,462,1428,0.679989024,0.714284937,0.756403669,0.829984977,0.763587796
DEU,2020/4/30,67,397,524,476,1464,0.680045138,0.722251975,0.765649164,0.832004335,0.769925707
DEU,2020/5/1,50,237,308,323,918,0.680101252,0.730219013,0.774894658,0.834023694,0.776263618
DEU,2020/5/2,53,182,208,179,622,0.680157366,0.738186052,0.784140152,0.836043053,0.782601529
DEU,2020/5/3,29,150,161,83,423,0.68021348,0.74615309,0.793385647,0.838062412,0.78893944
DEU,2020/5/4,46,219,245,217,727,0.680269594,0.754120128,0.802631141,0.840081771,0.795277351
DEU,2020/5/5,67,307,406,314,1094,0.689373954,0.757284186,0.80626318,0.843537374,0.799115804
DEU,2020/5/6,72,328,453,366,1219,0.698478315,0.760448243,0.809895219,0.846992978,0.802954257
DEU,2020/5/7,64,350,451,338,1203,0.707582675,0.763612301,0.813527259,0.850448582,0.806792711
DEU,2020/5/8,68,277,364,271,980,0.716687035,0.766776359,0.817159298,0.853904185,0.810631164
DEU,2020/5/9,33,194,259,191,677,0.725791395,0.769940416,0.820791337,0.857359789,0.814469617
DEU,2020/5/10,20,103,129,89,341,0.734895756,0.773104474,0.824423376,0.860815393,0.81830807
DEU,2020/5/11,47,218,257,167,689,0.744000116,0.776268531,0.828055415,0.864270996,0.822146523
DEU,2020/5/12,56,231,324,242,853,0.740438091,0.774433456,0.827952972,0.867347637,0.822283158
DEU,2020/5/13,61,248,352,253,914,0.736876067,0.77259838,0.827850528,0.870424278,0.822419793
DEU,2020/5/14,49,201,335,227,812,0.733314042,0.770763304,0.827748084,0.873500919,0.822556428
DEU,2020/5/15,54,227,250,203,734,0.729752017,0.768928229,0.827645641,0.87657756,0.822693062
DEU,2020/5/16,43,147,154,118,462,0.726189993,0.767093153,0.827543197,0.879654201,0.822829697
DEU,2020/5/17,39,118,110,49,316,0.722627968,0.765258077,0.827440753,0.882730842,0.822966332
DEU,2020/5/18,55,185,191,109,540,0.719065943,0.763423001,0.82733831,0.885807483,0.823102967
DEU,2020/5/19,51,215,271,193,730,0.715503919,0.761587926,0.827235866,0.888884124,0.823239602
DEU,2020/5/20,75,251,309,197,832,0.711941894,0.75975285,0.827133423,0.891960764,0.823376236
DEU,2020/5/21,44,133,147,94,418,0.708379869,0.757917774,0.827030979,0.895037405,0.823512871
DEU,2020/5/22,47,167,184,127,525,0.704817845,0.756082698,0.826928535,0.898114046,0.823649506
DEU,2020/5/23,23,98,114,102,337,0.70125582,0.754247623,0.826826092,0.901190687,0.823786141
DEU,2020/5/24,14,77,71,57,219,0.697693795,0.752412547,0.826723648,0.904267328,0.823922776
DEU,2020/5/25,35,120,148,108,411,0.694131771,0.750577471,0.826621204,0.907343969,0.82405941
DEU,2020/5/26,59,182,240,136,617,0.692044707,0.752681724,0.82664085,0.905527189,0.824125085
DEU,2020/5/27,49,225,234,145,653,0.689957644,0.754785976,0.826660496,0.903710409,0.82419076
DEU,2020/5/28,46,168,188,127,529,0.687870581,0.756890229,0.826680143,0.90189363,0.824256435
DEU,2020/5/29,51,125,168,101,445,0.685783517,0.758994481,0.826699789,0.90007685,0.82432211
DEU,2020/5/30,51,146,122,55,374,0.683696454,0.761098734,0.826719435,0.89826007,0.824387784
DEU,2020/5/31,28,66,47,37,178,0.68160939,0.763202986,0.826739081,0.89644329,0.824453459
DEU,2020/6/1,17,51,26,41,135,0.679522327,0.765307239,0.826758727,0.89462651,0.824519134
DEU,2020/6/2,44,105,90,68,307,0.677435263,0.767411492,0.826778373,0.89280973,0.824584809
DEU,2020/6/3,49,180,189,79,497,0.6753482,0.769515744,0.826798019,0.890992951,0.824650483
DEU,2020/6/4,83,189,181,77,530,0.673261136,0.771619997,0.826817665,0.889176171,0.824716158
DEU,2020/6/5,51,145,152,85,433,0.671174073,0.773724249,0.826837311,0.887359391,0.824781833
DEU,2020/6/6,37,99,95,54,285,0.66908701,0.775828502,0.826856958,0.885542611,0.824847508
DEU,2020/6/7,29,46,53,36,164,0.666999946,0.777932754,0.826876604,0.883725831,0.824913182
DEU,2020/6/8,47,107,96,45,295,0.664912883,0.780037007,0.82689625,0.881909052,0.824978857
DEU,2020/6/9,50,162,143,71,426,0.666752807,0.780672649,0.827245806,0.880093342,0.824738231
DEU,2020/6/10,72,180,184,82,518,0.66859273,0.781308291,0.827595363,0.878277632,0.824497604
DEU,2020/6/11,52,83,98,50,283,0.670432654,0.781943933,0.82794492,0.876461923,0.824256977
DEU,2020/6/12,53,120,109,71,353,0.672272578,0.782579575,0.828294476,0.874646213,0.82401635
DEU,2020/6/13,64,113,90,34,301,0.674112502,0.783215217,0.828644033,0.872830504,0.823775724
DEU,2020/6/14,16,65,57,34,172,0.675952426,0.783850859,0.82899359,0.871014794,0.823535097
DEU,2020/6/15,27,85,101,46,259,0.67779235,0.784486501,0.829343146,0.869199084,0.82329447
DEU,2020/6/16,76,180,192,70,518,0.679632274,0.785122143,0.829692703,0.867383375,0.823053843
DEU,2020/6/17,87,281,400,99,867,0.681472198,0.785757785,0.83004226,0.865567665,0.822813217
DEU,2020/6/18,101,262,323,79,765,0.683312121,0.786393427,0.830391816,0.863751956,0.82257259
DEU,2020/6/19,135,356,413,85,989,0.685152045,0.787029069,0.830741373,0.861936246,0.822331963
DEU,2020/6/20,68,213,233,57,571,0.686991969,0.787664711,0.831090929,0.860120536,0.822091337
DEU,2020/6/21,33,75,91,24,223,0.688831893,0.788300353,0.831440486,0.858304827,0.82185071
DEU,2020/6/22,64,137,200,45,446,0.690671817,0.788935995,0.831790043,0.856489117,0.821610083
DEU,2020/6/23,62,169,235,73,539,0.694679549,0.789176529,0.832841492,0.859151574,0.823008642
DEU,2020/6/24,59,180,209,62,510,0.698687281,0.789417063,0.833892941,0.861814031,0.824407201
DEU,2020/6/25,63,178,245,83,569,0.702695013,0.789657597,0.83494439,0.864476488,0.82580576
DEU,2020/6/26,92,209,204,68,573,0.706702746,0.789898131,0.835995839,0.867138945,0.827204319
DEU,2020/6/27,40,126,123,37,326,0.710710478,0.790138664,0.837047289,0.869801401,0.828602878
DEU,2020/6/28,43,66,78,13,200,0.71471821,0.790379198,0.838098738,0.872463858,0.830001437
DEU,2020/6/29,51,150,158,56,415,0.718725942,0.790619732,0.839150187,0.875126315,0.831399996
DEU,2020/6/30,61,171,156,70,458,0.722733674,0.790860266,0.840201636,0.877788772,0.832798555
DEU,2020/7/1,74,167,177,63,481,0.726741406,0.7911008,0.841253085,0.880451229,0.834197114
DEU,2020/7/2,50,183,188,50,471,0.730749138,0.791341334,0.842304535,0.883113686,0.835595674
DEU,2020/7/3,62,149,168,48,427,0.734756871,0.791581868,0.843355984,0.885776142,0.836994233
DEU,2020/7/4,42,104,99,49,294,0.738764603,0.791822402,0.844407433,0.888438599,0.838392792
DEU,2020/7/5,33,45,53,14,145,0.742772335,0.792062936,0.845458882,0.891101056,0.839791351
DEU,2020/7/6,63,107,115,37,322,0.746780067,0.79230347,0.846510331,0.893763513,0.84118991
DEU,2020/7/7,55,136,152,54,397,0.754777274,0.789567609,0.846201383,0.893616371,0.840563859
DEU,2020/7/8,68,150,167,66,451,0.76277448,0.786831748,0.845892434,0.89346923,0.839937808
DEU,2020/7/9,52,156,158,56,422,0.770771687,0.784095887,0.845583486,0.893322088,0.839311757
DEU,2020/7/10,62,173,142,49,426,0.778768894,0.781360027,0.845274537,0.893174946,0.838685706
DEU,2020/7/11,47,104,83,43,277,0.7867661,0.778624166,0.844965589,0.893027805,0.838059656
DEU,2020/7/12,18,51,45,18,132,0.794763307,0.775888305,0.84465664,0.892880663,0.837433605
DEU,2020/7/13,37,118,135,38,328,0.802760514,0.773152445,0.844347692,0.892733521,0.836807554
DEU,2020/7/14,71,180,169,50,470,0.81075772,0.770416584,0.844038743,0.89258638,0.836181503
DEU,2020/7/15,77,203,188,74,542,0.818754927,0.767680723,0.843729794,0.892439238,0.835555452
DEU,2020/7/16,78,200,204,77,559,0.826752134,0.764944862,0.843420846,0.892292097,0.834929402
DEU,2020/7/17,70,199,195,58,522,0.83474934,0.762209002,0.843111897,0.892144955,0.834303351
DEU,2020/7/18,60,152,174,53,439,0.842746547,0.759473141,0.842802949,0.891997813,0.8336773
DEU,2020/7/19,35,55,63,26,179,0.850743754,0.75673728,0.842494,0.891850672,0.833051249
DEU,2020/7/20,56,186,158,51,451,0.85874096,0.754001419,0.842185052,0.89170353,0.832425198
DEU,2020/7/21,53,185,213,75,526,0.858356633,0.754663522,0.841008898,0.891098671,0.831975947
DEU,2020/7/22,91,245,287,79,702,0.857972305,0.755325625,0.839832743,0.890493813,0.831526696
DEU,2020/7/23,111,240,253,87,691,0.857587978,0.755987727,0.838656589,0.889888954,0.831077445
DEU,2020/7/24,116,300,306,83,805,0.85720365,0.75664983,0.837480435,0.889284095,0.830628194
DEU,2020/7/25,59,186,234,65,544,0.856819323,0.757311933,0.836304281,0.888679236,0.830178942
DEU,2020/7/26,18,74,99,21,212,0.856434995,0.757974035,0.835128127,0.888074378,0.829729691
DEU,2020/7/27,68,197,193,69,527,0.856050668,0.758636138,0.833951973,0.887469519,0.82928044
DEU,2020/7/28,106,258,297,92,753,0.85566634,0.759298241,0.832775818,0.88686466,0.828831189
DEU,2020/7/29,97,353,357,106,913,0.855282013,0.759960343,0.831599664,0.886259802,0.828381938
DEU,2020/7/30,119,329,324,93,865,0.854897686,0.760622446,0.83042351,0.885654943,0.827932686
DEU,2020/7/31,103,353,345,112,913,0.854513358,0.761284549,0.829247356,0.885050084,0.827483435
DEU,2020/8/1,74,219,217,52,562,0.854129031,0.761946651,0.828071202,0.884445225,0.827034184
DEU,2020/8/2,33,109,116,44,302,0.853744703,0.762608754,0.826895048,0.883840367,0.826584933
DEU,2020/8/3,98,301,303,87,789,0.853360376,0.763270857,0.825718893,0.883235508,0.826135682
DEU,2020/8/4,103,364,364,120,951,0.841045289,0.764927218,0.826825634,0.88462652,0.827103081
DEU,2020/8/5,147,469,386,105,1107,0.828730202,0.76658358,0.827932376,0.886017531,0.82807048
DEU,2020/8/6,168,448,425,129,1170,0.816415115,0.768239942,0.829039117,0.887408543,0.829037879
DEU,2020/8/7,161,397,365,79,1002,0.804100028,0.769896303,0.830145858,0.888799555,0.830005278
DEU,2020/8/8,109,301,232,67,709,0.791784941,0.771552665,0.831252599,0.890190566,0.830972677
DEU,2020/8/9,53,136,104,23,316,0.779469855,0.773209027,0.83235934,0.891581578,0.831940076
DEU,2020/8/10,161,449,402,90,1102,0.767154768,0.774865388,0.833466081,0.89297259,0.832907475
DEU,2020/8/11,180,514,407,89,1190,0.754839681,0.77652175,0.834572822,0.894363601,0.833874874
DEU,2020/8/12,271,655,491,128,1545,0.742524594,0.778178112,0.835679564,0.895754613,0.834842273
DEU,2020/8/13,230,681,498,94,1503,0.730209507,0.779834473,0.836786305,0.897145624,0.835809672
DEU,2020/8/14,193,628,445,108,1374,0.71789442,0.781490835,0.837893046,0.898536636,0.836777071
DEU,2020/8/15,132,319,236,72,759,0.705579334,0.783147197,0.838999787,0.899927648,0.83774447
DEU,2020/8/16,70,204,182,36,492,0.693264247,0.784803558,0.840106528,0.901318659,0.838711869
DEU,2020/8/17,211,729,504,94,1538,0.68094916,0.78645992,0.841213269,0.902709671,0.839679268
DEU,2020/8/18,204,728,494,102,1528,0.681687897,0.786962645,0.839923204,0.902381809,0.839257405
DEU,2020/8/19,216,870,556,110,1752,0.682426635,0.787465371,0.838633138,0.902053946,0.838835543
DEU,2020/8/20,192,781,531,116,1620,0.683165372,0.787968097,0.837343072,0.901726084,0.838413681
DEU,2020/8/21,216,758,580,103,1657,0.68390411,0.788470822,0.836053006,0.901398222,0.837991818
DEU,2020/8/22,116,428,306,69,919,0.684642847,0.788973548,0.834762941,0.901070359,0.837569956
DEU,2020/8/23,78,264,189,33,564,0.685381585,0.789476273,0.833472875,0.900742497,0.837148094
DEU,2020/8/24,184,678,469,96,1427,0.686120322,0.789978999,0.832182809,0.900414634,0.836726231
DEU,2020/8/25,178,706,471,133,1488,0.68685906,0.790481725,0.830892743,0.900086772,0.836304369
DEU,2020/8/26,201,789,519,112,1621,0.687597797,0.79098445,0.829602678,0.89975891,0.835882506
DEU,2020/8/27,168,737,519,121,1545,0.688336535,0.791487176,0.828312612,0.899431047,0.835460644
DEU,2020/8/28,159,687,447,98,1391,0.689075272,0.791989901,0.827022546,0.899103185,0.835038782
DEU,2020/8/29,107,396,274,56,833,0.68981401,0.792492627,0.825732481,0.898775323,0.834616919
DEU,2020/8/30,62,255,181,36,534,0.690552747,0.792995353,0.824442415,0.89844746,0.834195057
DEU,2020/8/31,119,599,383,75,1176,0.691291485,0.793498078,0.823152349,0.898119598,0.833773195
DEU,2020/9/1,130,665,428,99,1322,0.692133032,0.796047161,0.820529694,0.896728478,0.832919392
DEU,2020/9/2,137,702,471,102,1412,0.69297458,0.798596244,0.817907038,0.895337357,0.832065589
DEU,2020/9/3,175,733,477,130,1515,0.693816127,0.801145326,0.815284382,0.893946237,0.831211786
DEU,2020/9/4,195,693,497,109,1494,0.694657675,0.803694409,0.812661727,0.892555117,0.830357983
DEU,2020/9/5,134,470,402,100,1106,0.695499223,0.806243491,0.810039071,0.891163996,0.82950418
DEU,2020/9/6,88,252,192,47,579,0.69634077,0.808792574,0.807416416,0.889772876,0.828650377
DEU,2020/9/7,167,640,474,131,1412,0.697182318,0.811341657,0.80479376,0.888381756,0.827796574
DEU,2020/9/8,145,592,470,173,1380,0.698023865,0.813890739,0.802171105,0.886990635,0.826942771
DEU,2020/9/9,179,732,640,192,1743,0.698865413,0.816439822,0.799548449,0.885599515,0.826088968
DEU,2020/9/10,175,717,527,170,1589,0.69970696,0.818988905,0.796925794,0.884208395,0.825235165
DEU,2020/9/11,184,715,556,212,1667,0.700548508,0.821537987,0.794303138,0.882817274,0.824381362
DEU,2020/9/12,126,541,405,155,1227,0.701390056,0.82408707,0.791680482,0.881426154,0.823527559
DEU,2020/9/13,74,354,241,93,762,0.702231603,0.826636153,0.789057827,0.880035034,0.822673757
DEU,2020/9/14,141,634,551,162,1488,0.703073151,0.829185235,0.786435171,0.878643913,0.821819954
DEU,2020/9/15,162,880,669,288,1999,0.745491272,0.824892814,0.792779916,0.875174826,0.824150628
DEU,2020/9/16,220,897,784,277,2178,0.787909393,0.820600393,0.799124661,0.871705739,0.826481302
DEU,2020/9/17,240,999,823,298,2360,0.830327515,0.816307972,0.805469406,0.868236651,0.828811976
DEU,2020/9/18,202,950,738,276,2166,0.872745636,0.812015551,0.811814151,0.864767564,0.831142651
DEU,2020/9/19,136,584,475,197,1392,0.915163757,0.80772313,0.818158895,0.861298476,0.833473325
DEU,2020/9/20,64,288,247,89,688,0.957581879,0.803430709,0.82450364,0.857829389,0.835803999
DEU,2020/9/21,158,714,547,230,1649,1,0.799138288,0.830848385,0.854360301,0.838134673
DEU,2020/9/22,159,796,611,241,1807,0.983482879,0.794627715,0.828932089,0.868739279,0.839934953
DEU,2020/9/23,186,883,826,317,2212,0.966965758,0.790117143,0.827015793,0.883118256,0.841735233
DEU,2020/9/24,227,1016,811,332,2386,0.950448637,0.785606571,0.825099497,0.897497233,0.843535513
DEU,2020/9/25,255,918,881,273,2327,0.933931516,0.781095998,0.8231832,0.91187621,0.845335793
DEU,2020/9/26,190,695,633,266,1784,0.917414395,0.776585426,0.821266904,0.926255187,0.847136073
DEU,2020/9/27,98,341,318,115,872,0.900897274,0.772074854,0.819350608,0.940634164,0.848936353
DEU,2020/9/28,155,731,669,278,1833,0.884380153,0.767564281,0.817434312,0.955013141,0.850736633
DEU,2020/9/29,233,860,737,329,2159,0.890404851,0.772397192,0.824413497,0.947361787,0.851767907
DEU,2020/9/30,260,1084,1019,376,2739,0.89642955,0.777230102,0.831392681,0.939710432,0.852799181
DEU,2020/10/1,269,1176,1070,411,2926,0.902454248,0.782063013,0.838371866,0.932059078,0.853830454
DEU,2020/10/2,251,1165,1032,480,2928,0.908478947,0.786895923,0.84535105,0.924407724,0.854861728
DEU,2020/10/3,192,854,788,362,2196,0.914503645,0.791728834,0.852330235,0.916756369,0.855893002
DEU,2020/10/4,115,469,412,158,1154,0.920528344,0.796561744,0.85930942,0.909105015,0.856924276
DEU,2020/10/5,182,913,922,393,2410,0.926553042,0.801394654,0.866288604,0.90145366,0.85795555
DEU,2020/10/6,357,1379,1317,530,3583,0.924587914,0.808607925,0.865746281,0.902612246,0.860600718
DEU,2020/10/7,359,1667,1772,698,4496,0.922622786,0.815821195,0.865203958,0.903770832,0.863245886
DEU,2020/10/8,403,1777,1764,715,4659,0.920657658,0.823034466,0.864661635,0.904929417,0.865891054
DEU,2020/10/9,441,1946,1915,765,5067,0.91869253,0.830247736,0.864119312,0.906088003,0.868536222
DEU,2020/10/10,325,1365,1389,547,3626,0.916727402,0.837461006,0.863576989,0.907246588,0.871181389
DEU,2020/10/11,222,868,821,362,2273,0.914762274,0.844674277,0.863034666,0.908405174,0.873826557
DEU,2020/10/12,366,1596,1530,695,4187,0.912797146,0.851887547,0.862492343,0.90956376,0.876471725
DEU,2020/10/13,447,2001,2036,872,5356,0.908044315,0.834634207,0.869276035,0.908240663,0.871966903
DEU,2020/10/14,636,2658,2727,1221,7242,0.903291485,0.817380867,0.876059727,0.906917566,0.86746208
DEU,2020/10/15,660,2953,2971,1315,7899,0.898538654,0.800127528,0.882843419,0.90559447,0.862957258
DEU,2020/10/16,640,2981,2934,1408,7963,0.893785823,0.782874188,0.889627112,0.904271373,0.858452435
DEU,2020/10/17,438,2076,2168,982,5664,0.889032993,0.765620848,0.896410804,0.902948276,0.853947613
DEU,2020/10/18,324,1400,1329,621,3674,0.884280162,0.748367508,0.903194496,0.90162518,0.84944279
DEU,2020/10/19,587,2335,2436,1087,6445,0.879527331,0.731114168,0.909978188,0.900302083,0.844937967
DEU,2020/10/20,739,3249,3650,1783,9421,0.858815947,0.739009003,0.903400717,0.905614445,0.848040053
DEU,2020/10/21,972,4355,4899,2155,12381,0.838104563,0.746903838,0.896823246,0.910926806,0.851142139
DEU,2020/10/22,1057,4994,5271,2566,13888,0.81739318,0.754798674,0.890245776,0.916239168,0.854244224
DEU,2020/10/23,1114,5003,5382,2534,14033,0.796681796,0.762693509,0.883668305,0.921551529,0.85734631
DEU,2020/10/24,960,3911,4256,1956,11083,0.775970412,0.770588344,0.877090834,0.926863891,0.860448395
DEU,2020/10/25,594,2598,2784,1457,7433,0.755259028,0.778483179,0.870513363,0.932176252,0.863550481
DEU,2020/10/26,986,4157,4495,2381,12019,0.734547644,0.786378014,0.863935893,0.937488614,0.866652567
DEU,2020/10/27,1191,5417,6278,3039,15925,0.747067328,0.780135093,0.864964088,0.946418812,0.860492789
DEU,2020/10/28,1560,6326,7696,3639,19221,0.759587012,0.773892171,0.865992284,0.95534901,0.854333012
DEU,2020/10/29,1594,6678,7841,3707,19820,0.772106695,0.767649249,0.867020479,0.964279208,0.848173234
DEU,2020/10/30,1653,6662,7495,3592,19402,0.784626379,0.761406328,0.868048675,0.973209406,0.842013456
DEU,2020/10/31,1182,4647,5354,2787,13970,0.797146063,0.755163406,0.86907687,0.982139604,0.835853679
DEU,2020/11/1,933,3618,3960,2009,10520,0.809665747,0.748920485,0.870105066,0.991069802,0.829693901
DEU,2020/11/2,1255,5254,5736,2980,15225,0.82218543,0.742677563,0.871133261,1,0.823534124
DEU,2020/11/3,1555,6447,7585,3739,19326,0.840242838,0.747565681,0.871230717,0.989861706,0.829123132
DEU,2020/11/4,1645,6730,8503,4312,21190,0.858300246,0.7524538,0.871328174,0.979723413,0.834712141
DEU,2020/11/5,1823,7472,8534,4431,22260,0.876357654,0.757341918,0.87142563,0.969585119,0.840301149
DEU,2020/11/6,1862,7267,8279,4137,21545,0.894415062,0.762230036,0.871523086,0.959446825,0.845890157
DEU,2020/11/7,1501,5299,5998,3113,15911,0.912472471,0.767118154,0.871620543,0.949308531,0.851479166
DEU,2020/11/8,913,3294,3802,2080,10089,0.930529879,0.772006273,0.871717999,0.939170238,0.857068174
DEU,2020/11/9,1394,5442,5990,3118,15944,0.948587287,0.776894391,0.871815455,0.929031944,0.862657183
DEU,2020/11/10,1668,6303,7704,3924,19599,0.95593196,0.784134627,0.872756698,0.907673915,0.860988372
DEU,2020/11/11,1940,7367,8684,4689,22680,0.963276633,0.791374863,0.873697941,0.886315887,0.859319561
DEU,2020/11/12,2087,7510,9064,4811,23472,0.970621307,0.798615099,0.874639183,0.864957858,0.85765075
DEU,2020/11/13,1955,6780,8062,4495,21292,0.97796598,0.805855335,0.875580426,0.843599829,0.855981939
DEU,2020/11/14,1493,4858,5954,3497,15802,0.985310653,0.813095571,0.876521669,0.822241801,0.854313129
DEU,2020/11/15,862,2677,3341,1964,8844,0.992655327,0.820335806,0.877462912,0.800883772,0.852644318
DEU,2020/11/16,1297,4535,5496,3353,14681,1,0.827576042,0.878404154,0.779525743,0.850975507
DEU,2020/11/17,1626,6031,8096,4611,20364,0.996100759,0.829518732,0.878959697,0.785162739,0.852860631
DEU,2020/11/18,2129,7223,9191,5117,23660,0.992201518,0.831461422,0.879515239,0.790799735,0.854745754
DEU,2020/11/19,2183,7148,8953,5441,23725,0.988302278,0.833404111,0.880070781,0.796436731,0.856630878
DEU,2020/11/20,2097,6637,8620,4950,22304,0.984403037,0.835346801,0.880626323,0.802073727,0.858516002
DEU,2020/11/21,1425,4343,5644,3343,14755,0.980503796,0.83728949,0.881181866,0.807710723,0.860401125
DEU,2020/11/22,866,2501,3241,2193,8801,0.976604555,0.83923218,0.881737408,0.813347719,0.862286249
DEU,2020/11/23,1456,4371,5654,3577,15058,0.972705315,0.84117487,0.88229295,0.818984715,0.864171373
DEU,2020/11/24,1669,5597,7676,4456,19398,0.968806074,0.843117559,0.882848492,0.824621711,0.866056496
DEU,2020/11/25,2045,6414,8491,5063,22013,0.964906833,0.845060249,0.883404035,0.830258707,0.86794162
DEU,2020/11/26,1964,6400,8597,5770,22731,0.961007592,0.847002939,0.883959577,0.835895703,0.869826744
DEU,2020/11/27,1868,5526,7473,5276,20143,0.957108352,0.848945628,0.884515119,0.841532698,0.871711867
DEU,2020/11/28,1455,4079,5711,3685,14930,0.953209111,0.850888318,0.885070661,0.847169694,0.873596991
DEU,2020/11/29,885,2375,3183,2335,8778,0.94930987,0.852831007,0.885626204,0.85280669,0.875482115
DEU,2020/11/30,1141,3776,4766,3598,13281,0.945410629,0.854773697,0.886181746,0.858443686,0.877367238
DEU,2020/12/1,1615,5337,7415,4894,19261,0.941511388,0.856716387,0.886737288,0.864080682,0.879252362
DEU,2020/12/2,1977,6389,9064,5750,23180,0.937612148,0.858659076,0.887292831,0.869717678,0.881137486
DEU,2020/12/3,2048,6725,9069,6588,24430,0.933712907,0.860601766,0.887848373,0.875354674,0.883022609
DEU,2020/12/4,1881,6127,8235,5898,22141,0.929813666,0.862544456,0.888403915,0.88099167,0.884907733
DEU,2020/12/5,1497,4350,5894,3962,15703,0.925914425,0.864487145,0.888959457,0.886628666,0.886792857
DEU,2020/12/6,975,2792,3694,2754,10215,0.922015185,0.866429835,0.889515,0.892265662,0.88867798
DEU,2020/12/7,1360,4350,6140,4542,16392,0.918115944,0.868372524,0.890070542,0.897902658,0.890563104
DEU,2020/12/8,1652,6082,9028,6050,22812,0.914216703,0.870315214,0.890626084,0.903539654,0.892448228
DEU,2020/12/9,2158,7530,10937,6980,27605,0.910317462,0.872257904,0.891181626,0.909176649,0.894333351
DEU,2020/12/10,2350,7947,11004,7707,29008,0.906418222,0.874200593,0.891737169,0.914813645,0.896218475
DEU,2020/12/11,2346,7327,10115,7460,27248,0.902518981,0.876143283,0.892292711,0.920450641,0.898103599
DEU,2020/12/12,1711,5411,7557,5935,20614,0.89861974,0.878085973,0.892848253,0.926087637,0.899988722
DEU,2020/12/13,1063,3239,4498,3688,12488,0.894720499,0.880028662,0.893403795,0.931724633,0.901873846
DEU,2020/12/14,1579,5070,6890,5459,18998,0.890821258,0.881971352,0.893959338,0.937361629,0.90375897
DEU,2020/12/15,2019,7010,10585,7282,26896,0.896020246,0.864248728,0.895430923,0.936501258,0.897563833
DEU,2020/12/16,2296,8337,12192,8528,31353,0.901219234,0.846526104,0.896902508,0.935640887,0.891368697
DEU,2020/12/17,2207,8398,12141,9193,31939,0.906418222,0.82880348,0.898374093,0.934780517,0.885173561
DEU,2020/12/18,2041,7860,11312,8464,29677,0.911617209,0.811080856,0.899845679,0.933920146,0.878978425
DEU,2020/12/19,1574,5392,8269,6485,21720,0.916816197,0.793358232,0.901317264,0.933059775,0.872783289
DEU,2020/12/20,977,3571,5144,4211,13903,0.922015185,0.775635608,0.902788849,0.932199404,0.866588152
DEU,2020/12/21,1334,5126,7494,6301,20255,0.927214172,0.757912984,0.904260434,0.931339034,0.860393016
DEU,2020/12/22,1757,7007,11386,8768,28918,0.93241316,0.762224,0.903090264,0.9328388,0.862497222
DEU,2020/12/23,2011,8387,13280,10240,33918,0.937612148,0.766535015,0.901920093,0.934338566,0.864601427
DEU,2020/12/24,1355,5336,8176,6241,21108,0.942811135,0.77084603,0.900749923,0.935838333,0.866705632
DEU,2020/12/25,834,3305,4967,4037,13143,0.948010123,0.775157045,0.899579753,0.937338099,0.868809838
DEU,2020/12/26,657,2794,4270,3824,11545,0.953209111,0.77946806,0.898409582,0.938837865,0.870914043
DEU,2020/12/27,574,2408,3495,3324,9801,0.958408098,0.783779076,0.897239412,0.940337632,0.873018249
DEU,2020/12/28,737,3907,5943,5105,15692,0.963607086,0.788090091,0.896069241,0.941837398,0.875122454
DEU,2020/12/29,1310,6768,10758,8697,27533,0.968806074,0.792401106,0.894899071,0.943337165,0.87722666
DEU,2020/12/30,1472,7813,11825,9935,31045,0.974005062,0.796712121,0.8937289,0.944836931,0.879330865
DEU,2020/12/31,1039,5163,7265,6077,19544,0.979204049,0.801023136,0.89255873,0.946336697,0.88143507
DEU,2021/1/1,587,2650,3816,3189,10242,0.984403037,0.805334152,0.89138856,0.947836464,0.883539276
DEU,2021/1/2,471,2540,3475,3513,9999,0.989602025,0.809645167,0.890218389,0.94933623,0.885643481
DEU,2021/1/3,501,2297,3155,2868,8821,0.994801012,0.813956182,0.889048219,0.950835997,0.887747687
DEU,2021/1/4,699,3753,5410,4490,14352,1,0.818267197,0.887878048,0.952335763,0.889851892
DEU,2021/1/5,1363,7390,10700,7963,27416,0.955354462,0.820123903,0.886903424,0.947361856,0.887556703
DEU,2021/1/6,1379,7679,10680,8189,27927,0.910708924,0.821980609,0.885928799,0.942387949,0.885261513
DEU,2021/1/7,1288,7156,9572,8065,26081,0.866063386,0.823837315,0.884954174,0.937414042,0.882966324
DEU,2021/1/8,1365,6679,8675,7799,24518,0.821417848,0.82569402,0.88397955,0.932440135,0.880671134
DEU,2021/1/9,1006,4663,5945,5050,16664,0.776772311,0.827550726,0.883004925,0.927466229,0.878375945
DEU,2021/1/10,545,2327,2961,2634,8467,0.732126773,0.829407432,0.8820303,0.922492322,0.876080755
DEU,2021/1/11,710,3677,4839,4251,13477,0.687481235,0.831264138,0.881055676,0.917518415,0.873785566
DEU,2021/1/12,1140,5938,8719,6790,22587,0.695627802,0.805913732,0.880494163,0.916602263,0.868129051
DEU,2021/1/13,1302,6602,8983,7214,24101,0.703774369,0.780563327,0.87993265,0.915686111,0.862472537
DEU,2021/1/14,1148,5365,7186,6687,20386,0.711920936,0.755212922,0.879371138,0.914769959,0.856816023
DEU,2021/1/15,1092,4839,6561,5822,18314,0.720067504,0.729862517,0.878809625,0.913853807,0.851159509
DEU,2021/1/16,926,3454,4834,4209,13423,0.728214071,0.704512112,0.878248112,0.912937655,0.845502995
DEU,2021/1/17,450,1650,2281,2212,6593,0.736360638,0.679161707,0.8776866,0.912021503,0.839846481
DEU,2021/1/18,495,2354,3214,3099,9162,0.744507205,0.653811302,0.877125087,0.911105351,0.834189966
DEU,2021/1/19,957,4598,7167,5743,18465,0.752653772,0.676112466,0.874365998,0.910189199,0.83740551
DEU,2021/1/20,1112,4961,7478,5918,19469,0.76080034,0.69841363,0.871606909,0.909273047,0.840621054
DEU,2021/1/21,1108,4154,6155,5399,16816,0.768946907,0.720714794,0.868847819,0.908356895,0.843836598
DEU,2021/1/22,976,3799,5556,4698,15029,0.777093474,0.743015958,0.86608873,0.907440743,0.847052142
DEU,2021/1/23,820,2949,4158,3646,11573,0.785240041,0.765317121,0.863329641,0.906524591,0.850267685
DEU,2021/1/24,376,1240,1861,1536,5013,0.793386609,0.787618285,0.860570552,0.905608439,0.853483229
DEU,2021/1/25,341,1671,2373,2358,6743,0.801533176,0.809919449,0.857811463,0.904692287,0.856698773
DEU,2021/1/26,900,3859,6110,4644,15513,0.80683426,0.804511397,0.861679114,0.906876105,0.857629715
DEU,2021/1/27,964,3917,6027,4904,15812,0.812135345,0.799103346,0.865546764,0.909059924,0.858560657
DEU,2021/1/28,820,3430,5015,4095,13360,0.81743643,0.793695294,0.869414415,0.911243743,0.859491599
DEU,2021/1/29,881,3216,4594,3871,12562,0.822737514,0.788287242,0.873282066,0.913427561,0.860422541
DEU,2021/1/30,793,2634,3672,2849,9948,0.828038599,0.782879191,0.877149717,0.91561138,0.861353482
DEU,2021/1/31,366,1091,1523,1227,4207,0.833339684,0.777471139,0.881017368,0.917795198,0.862284424
DEU,2021/2/1,368,1491,2062,1940,5861,0.838640768,0.772063087,0.884885019,0.919979017,0.863215366
DEU,2021/2/2,835,3123,4892,3445,12295,0.843941853,0.777643737,0.887493774,0.921695497,0.866709437
DEU,2021/2/3,960,3450,5166,3839,13415,0.849242937,0.783224387,0.890102529,0.923411978,0.870203508
DEU,2021/2/4,856,2926,4352,3384,11518,0.854544022,0.788805037,0.892711284,0.925128458,0.873697579
DEU,2021/2/5,854,2614,3633,2917,10018,0.859845107,0.794385687,0.89532004,0.926844939,0.87719165
DEU,2021/2/6,705,2230,3126,2315,8376,0.865146191,0.799966336,0.897928795,0.928561419,0.88068572
DEU,2021/2/7,279,859,1124,831,3093,0.870447276,0.805546986,0.90053755,0.930277899,0.884179791
DEU,2021/2/8,266,1110,1498,1323,4197,0.87574836,0.811127636,0.903146305,0.93199438,0.887673862
DEU,2021/2/9,666,2483,3570,2371,9090,0.86412494,0.811626913,0.891798052,0.933963662,0.88296788
DEU,2021/2/10,777,2651,4066,2785,10279,0.85250152,0.812126189,0.880449799,0.935932944,0.878261899
DEU,2021/2/11,727,2494,3651,2497,9369,0.8408781,0.812625465,0.869101546,0.937902226,0.873555917
DEU,2021/2/12,751,2340,3211,2233,8535,0.82925468,0.813124742,0.857753292,0.939871508,0.868849935
DEU,2021/2/13,594,1466,2063,1463,5586,0.81763126,0.813624018,0.846405039,0.94184079,0.864143953
DEU,2021/2/14,369,1064,1388,937,3758,0.80600784,0.814123295,0.835056786,0.943810072,0.859437972
DEU,2021/2/15,330,1172,1607,1280,4389,0.79438442,0.814622571,0.823708533,0.945779354,0.85473199
DEU,2021/2/16,678,2453,3715,2382,9228,0.807160474,0.811171824,0.83413586,0.943779815,0.858085626
DEU,2021/2/17,776,2713,3951,2553,9993,0.819936528,0.807721078,0.844563188,0.941780277,0.861439261
DEU,2021/2/18,787,2627,3532,2262,9208,0.832712582,0.804270331,0.854990515,0.939780738,0.864792897
DEU,2021/2/19,793,2504,3364,2053,8714,0.845488636,0.800819585,0.865417842,0.937781199,0.868146533
DEU,2021/2/20,785,2247,2915,1821,7768,0.85826469,0.797368838,0.87584517,0.935781661,0.871500168
DEU,2021/2/21,339,868,1061,754,3022,0.871040744,0.793918092,0.886272497,0.933782122,0.874853804
DEU,2021/2/22,386,1145,1700,1171,4402,0.883816798,0.790467345,0.896699825,0.931782583,0.87820744
DEU,2021/2/23,861,2765,4190,2347,10163,0.875220866,0.789316236,0.911456993,0.93424732,0.880126209
DEU,2021/2/24,1031,3219,4446,2609,11305,0.866624933,0.788165128,0.92621416,0.936712057,0.882044979
DEU,2021/2/25,1041,2826,3833,2194,9894,0.858029001,0.787014019,0.940971328,0.939176794,0.883963749
DEU,2021/2/26,1072,2737,3607,2052,9468,0.849433068,0.785862911,0.955728496,0.941641531,0.885882519
DEU,2021/2/27,916,2209,2926,1607,7658,0.840837135,0.784711802,0.970485664,0.944106269,0.887801288
DEU,2021/2/28,471,1033,1261,686,3451,0.832241203,0.783560693,0.985242832,0.946571006,0.889720058
DEU,2021/3/1,531,1315,1750,1091,4687,0.82364527,0.782409585,1,0.949035743,0.891638828
DEU,2021/3/2,1208,3053,4489,2216,10966,0.815049337,0.788353288,0.982381915,0.95150048,0.890709579
DEU,2021/3/3,1308,3300,4449,2255,11312,0.806453405,0.794296991,0.96476383,0.953965217,0.88978033
DEU,2021/3/4,1247,2955,3950,1983,10135,0.797857472,0.800240694,0.947145745,0.956429954,0.888851081
DEU,2021/3/5,1422,2755,3675,1800,9652,0.78926154,0.806184397,0.92952766,0.958894691,0.887921832
DEU,2021/3/6,1167,2471,3177,1481,8296,0.780665607,0.8121281,0.911909576,0.961359428,0.886992583
DEU,2021/3/7,546,927,1254,633,3360,0.772069674,0.818071803,0.894291491,0.963824165,0.886063334
DEU,2021/3/8,606,1366,1857,1020,4849,0.763473742,0.824015506,0.876673406,0.966288902,0.885134085
DEU,2021/3/9,1398,3248,4706,2163,11515,0.775153314,0.80786233,0.869785276,0.962830233,0.872575244
DEU,2021/3/10,1697,4170,5618,2516,14001,0.786832887,0.791709155,0.862897147,0.959371564,0.860016403
DEU,2021/3/11,1805,3853,5138,2364,13160,0.79851246,0.775555979,0.856009018,0.955912894,0.847457562
DEU,2021/3/12,1729,3799,4847,2180,12555,0.810192032,0.759402803,0.849120888,0.952454225,0.834898721
DEU,2021/3/13,1529,3133,3983,1821,10466,0.821871605,0.743249627,0.842232759,0.948995556,0.82233988
DEU,2021/3/14,815,1454,1781,784,4834,0.833551178,0.727096452,0.835344629,0.945536886,0.809781039
DEU,2021/3/15,917,2012,2625,1295,6849,0.84523075,0.710943276,0.8284565,0.942078217,0.797222197
DEU,2021/3/16,2005,4539,6437,2802,15783,0.856910323,0.719282031,0.832981227,0.940270158,0.805828556
DEU,2021/3/17,2535,5477,7225,3115,18352,0.868589896,0.727620786,0.837505954,0.9384621,0.814434914
DEU,2021/3/18,2329,4987,6544,2863,16723,0.880269468,0.735959541,0.84203068,0.936654041,0.823041273
DEU,2021/3/19,2342,4658,5897,2797,15694,0.891949041,0.744298296,0.846555407,0.934845982,0.831647631
DEU,2021/3/20,1986,3946,4937,2345,13214,0.903628613,0.752637051,0.851080134,0.933037924,0.84025399
DEU,2021/3/21,902,1727,2232,1092,5953,0.915308186,0.760975807,0.855604861,0.931229865,0.848860348
DEU,2021/3/22,1416,2553,3378,1550,8897,0.926987759,0.769314562,0.860129587,0.929421807,0.857466707
DEU,2021/3/23,2673,5453,7892,3426,19444,0.926987759,0.773288621,0.870206892,0.934366221,0.862578135
DEU,2021/3/24,3280,6663,8985,3703,22631,0.926987759,0.77726268,0.880284197,0.939310635,0.867689564
DEU,2021/3/25,3281,6551,8405,3653,21890,0.926987759,0.781236739,0.890361502,0.944255049,0.872800993
DEU,2021/3/26,3112,5960,7666,3294,20032,0.926987759,0.785210797,0.900438807,0.949199463,0.877912421
DEU,2021/3/27,2575,4557,5984,2659,15775,0.926987759,0.789184856,0.910516112,0.954143877,0.88302385
DEU,2021/3/28,1146,2280,2858,1293,7577,0.926987759,0.793158915,0.920593417,0.959088292,0.888135279
DEU,2021/3/29,1529,3191,4298,1985,11003,0.926987759,0.797132974,0.930670722,0.964032706,0.893246707
DEU,2021/3/30,2459,5992,8354,3578,20383,0.926987759,0.797132974,0.930670722,0.964032706,0.893246707
DEU,2021/3/31,3052,7130,9657,4137,23976,0.926987759,0.797132974,0.930670722,0.964032706,0.893246707
ITA,2020/4/24,135,809,1812,3389,6140,0.871758673,0.9221804,0.956226677,0.938728699,0.940776785
ITA,2020/4/25,168,1393,2686,5172,9443,0.86726533,0.924067281,0.958196335,0.933416335,0.940627572
ITA,2020/4/26,96,437,740,1581,2849,0.862771987,0.925954162,0.960165992,0.928103971,0.940478359
ITA,2020/4/27,65,234,438,827,1321,0.858278644,0.927841043,0.96213565,0.922791607,0.940329146
ITA,2020/4/28,75,311,663,1333,2603,0.87044745,0.927012847,0.958848794,0.928686043,0.940384242
ITA,2020/4/29,44,226,436,894,1596,0.882616256,0.926184651,0.955561939,0.934580478,0.940439339
ITA,2020/4/30,91,407,635,1338,2453,0.894785063,0.925356455,0.952275083,0.940474914,0.940494435
ITA,2020/5/1,46,197,296,495,1097,0.906953869,0.924528259,0.948988227,0.94636935,0.940549532
ITA,2020/5/2,59,295,626,807,1785,0.919122675,0.923700062,0.945701372,0.952263785,0.940604628
ITA,2020/5/3,70,299,562,848,1773,0.931291481,0.922871866,0.942414516,0.958158221,0.940659725
ITA,2020/5/4,49,186,344,550,1129,0.943460287,0.92204367,0.939127661,0.964052656,0.940714821
ITA,2020/5/5,66,304,612,998,1966,0.940507746,0.925946836,0.941799989,0.963880802,0.942933783
ITA,2020/5/6,63,180,387,670,1317,0.937555205,0.929850002,0.944472316,0.963708948,0.945152744
ITA,2020/5/7,73,268,424,813,1573,0.934602665,0.933753168,0.947144644,0.963537094,0.947371705
ITA,2020/5/8,68,287,467,740,1568,0.931650124,0.937656334,0.949816972,0.96336524,0.949590666
ITA,2020/5/9,69,263,449,594,1419,0.928697583,0.9415595,0.9524893,0.963193386,0.951809628
ITA,2020/5/10,73,227,361,471,1128,0.925745042,0.945462665,0.955161628,0.963021532,0.954028589
ITA,2020/5/11,43,161,262,363,825,0.922792501,0.949365831,0.957833956,0.962849678,0.95624755
ITA,2020/5/12,26,110,135,165,358,0.920053521,0.948792679,0.957252779,0.962964822,0.955852083
ITA,2020/5/13,41,234,522,904,1765,0.917314541,0.948219527,0.956671602,0.963079966,0.955456616
ITA,2020/5/14,51,168,301,419,1137,0.914575561,0.947646375,0.956090426,0.96319511,0.955061149
ITA,2020/5/15,49,184,391,384,1162,0.911836581,0.947073223,0.955509249,0.963310254,0.954665682
ITA,2020/5/16,39,163,246,365,813,0.909097601,0.946500071,0.954928072,0.963425398,0.954270215
ITA,2020/5/17,45,188,285,385,904,0.906358621,0.945926919,0.954346895,0.963540543,0.953874749
ITA,2020/5/18,28,167,261,284,740,0.903619641,0.945353767,0.953765718,0.963655687,0.953479282
ITA,2020/5/19,26,112,184,224,546,0.900880661,0.944780615,0.953184541,0.963770831,0.953083815
ITA,2020/5/20,52,217,371,470,1110,0.898141681,0.944207462,0.952603365,0.963885975,0.952688348
ITA,2020/5/21,24,77,95,215,411,0.895402701,0.94363431,0.952022188,0.964001119,0.952292881
ITA,2020/5/22,24,173,286,320,803,0.892663721,0.943061158,0.951441011,0.964116263,0.951897414
ITA,2020/5/23,38,133,206,313,690,0.889924741,0.942488006,0.950859834,0.964231407,0.951501947
ITA,2020/5/24,44,159,249,302,753,0.887185761,0.941914854,0.950278657,0.964346551,0.95110648
ITA,2020/5/25,40,116,206,189,552,0.884446781,0.941341702,0.94969748,0.964461695,0.950711013
ITA,2020/5/26,30,82,142,146,400,0.892700582,0.940470156,0.950584323,0.964920081,0.951064882
ITA,2020/5/27,7,45,81,87,220,0.900954384,0.939598611,0.951471166,0.965378466,0.951418752
ITA,2020/5/28,32,137,227,308,704,0.909208185,0.938727065,0.95235801,0.965836851,0.951772621
ITA,2020/5/29,23,100,183,230,536,0.917461986,0.937855519,0.953244853,0.966295236,0.95212649
ITA,2020/5/30,34,121,196,214,565,0.925715788,0.936983973,0.954131696,0.966753622,0.95248036
ITA,2020/5/31,32,79,125,164,400,0.933969589,0.936112427,0.955018539,0.967212007,0.952834229
ITA,2020/6/1,26,89,133,127,375,0.94222339,0.935240882,0.955905382,0.967670392,0.953188098
ITA,2020/6/2,13,39,50,80,182,0.950477192,0.934369336,0.956792225,0.968128777,0.953541968
ITA,2020/6/3,28,60,110,133,331,0.958730993,0.93349779,0.957679068,0.968587163,0.953895837
ITA,2020/6/4,12,55,114,119,300,0.966984795,0.932626244,0.958565911,0.969045548,0.954249706
ITA,2020/6/5,12,45,49,72,178,0.975238596,0.931754699,0.959452754,0.969503933,0.954603576
ITA,2020/6/6,39,123,167,206,535,0.983492397,0.930883153,0.960339597,0.969962319,0.954957445
ITA,2020/6/7,18,53,64,73,208,0.991746199,0.930011607,0.96122644,0.970420704,0.955311314
ITA,2020/6/8,24,48,74,94,240,1,0.929140061,0.962113283,0.970879089,0.955665184
ITA,2020/6/9,15,60,86,87,248,0.994425691,0.928551454,0.960982488,0.968671885,0.954346426
ITA,2020/6/10,12,59,94,85,250,0.988851383,0.927962847,0.959851693,0.96646468,0.953027669
ITA,2020/6/11,15,60,67,86,228,0.983277074,0.92737424,0.958720898,0.964257476,0.951708911
ITA,2020/6/12,29,74,107,134,344,0.977702765,0.926785633,0.957590103,0.962050272,0.950390153
ITA,2020/6/13,14,39,53,66,167,0.972128457,0.926197026,0.956459308,0.959843068,0.949071396
ITA,2020/6/14,40,134,158,232,569,0.966554148,0.925608419,0.955328513,0.957635863,0.947752638
ITA,2020/6/15,24,68,103,116,311,0.96097984,0.925019811,0.954197717,0.955428659,0.94643388
ITA,2020/6/16,33,73,143,142,391,0.955405531,0.924431204,0.953066922,0.953221455,0.945115123
ITA,2020/6/17,6,41,47,92,186,0.949831222,0.923842597,0.951936127,0.951014251,0.943796365
ITA,2020/6/18,30,69,113,121,333,0.944256914,0.92325399,0.950805332,0.948807046,0.942477608
ITA,2020/6/19,26,63,89,122,300,0.938682605,0.922665383,0.949674537,0.946599842,0.94115885
ITA,2020/6/20,20,63,92,94,269,0.933108296,0.922076776,0.948543742,0.944392638,0.939840092
ITA,2020/6/21,23,66,67,76,232,0.927533988,0.921488169,0.947412947,0.942185433,0.938521335
ITA,2020/6/22,31,64,67,67,221,0.921959679,0.920899562,0.946282152,0.939978229,0.937202577
ITA,2020/6/23,23,29,9,21,94,0.922009622,0.919870577,0.945638142,0.937898248,0.936022833
ITA,2020/6/24,14,36,30,27,118,0.922059565,0.918841593,0.944994132,0.935818267,0.934843089
ITA,2020/6/25,0,0,0,0,0,0.922109507,0.917812609,0.944350122,0.933738286,0.933663344
ITA,2020/6/26,17,81,103,108,309,0.92215945,0.916783625,0.943706113,0.931658305,0.9324836
ITA,2020/6/27,23,70,92,78,258,0.922209393,0.91575464,0.943062103,0.929578324,0.931303856
ITA,2020/6/28,7,31,42,16,101,0.922259335,0.914725656,0.942418093,0.927498343,0.930124112
ITA,2020/6/29,22,63,66,77,228,0.922309278,0.913696672,0.941774083,0.925418362,0.928944367
ITA,2020/6/30,24,51,52,61,188,0.922359221,0.912667688,0.941130073,0.923338381,0.927764623
ITA,2020/7/1,6,43,45,28,122,0.922409164,0.911638704,0.940486063,0.9212584,0.926584879
ITA,2020/7/2,14,55,53,37,159,0.922459106,0.910609719,0.939842054,0.919178419,0.925405135
ITA,2020/7/3,29,62,55,70,216,0.922509049,0.909580735,0.939198044,0.917098438,0.92422539
ITA,2020/7/4,26,62,64,66,218,0.922558992,0.908551751,0.938554034,0.915018457,0.923045646
ITA,2020/7/5,26,65,67,52,210,0.922608935,0.907522767,0.937910024,0.912938476,0.921865902
ITA,2020/7/6,19,40,42,59,160,0.922658877,0.906493782,0.937266014,0.910858495,0.920686158
ITA,2020/7/7,33,93,99,61,286,0.923375349,0.905054492,0.937716028,0.912766097,0.921075265
ITA,2020/7/8,19,54,30,42,145,0.924091821,0.903615201,0.938166041,0.914673699,0.921464372
ITA,2020/7/9,25,61,56,50,192,0.924808292,0.90217591,0.938616055,0.916581301,0.92185348
ITA,2020/7/10,35,62,73,66,236,0.925524764,0.90073662,0.939066068,0.918488903,0.922242587
ITA,2020/7/11,28,102,100,93,323,0.926241235,0.899297329,0.939516082,0.920396505,0.922631694
ITA,2020/7/12,8,28,25,18,79,0.926957707,0.897858038,0.939966095,0.922304107,0.923020802
ITA,2020/7/13,41,72,90,68,271,0.927674179,0.896418748,0.940416109,0.924211709,0.923409909
ITA,2020/7/14,58,100,52,51,261,0.92839065,0.894979457,0.940866122,0.926119311,0.923799016
ITA,2020/7/15,17,33,29,41,120,0.929107122,0.893540167,0.941316135,0.928026913,0.924188124
ITA,2020/7/16,25,44,65,59,193,0.929823593,0.892100876,0.941766149,0.929934515,0.924577231
ITA,2020/7/17,30,117,80,36,263,0.930540065,0.890661585,0.942216162,0.931842117,0.924966338
ITA,2020/7/18,22,74,66,53,215,0.931256537,0.889222295,0.942666176,0.933749719,0.925355446
ITA,2020/7/19,25,60,34,27,146,0.931973008,0.887783004,0.943116189,0.935657321,0.925744553
ITA,2020/7/20,37,93,79,47,256,0.93268948,0.886343713,0.943566203,0.937564923,0.92613366
ITA,2020/7/21,31,73,65,27,196,0.932368505,0.889893867,0.943127648,0.939265777,0.927364427
ITA,2020/7/22,16,45,51,33,145,0.93204753,0.893444022,0.942689094,0.94096663,0.928595194
ITA,2020/7/23,34,75,101,65,275,0.931726555,0.896994176,0.942250539,0.942667484,0.929825961
ITA,2020/7/24,36,87,77,78,278,0.93140558,0.90054433,0.941811984,0.944368337,0.931056727
ITA,2020/7/25,34,114,95,77,320,0.931084605,0.904094484,0.94137343,0.946069191,0.932287494
ITA,2020/7/26,46,85,57,54,242,0.930763631,0.907644638,0.940934875,0.947770045,0.933518261
ITA,2020/7/27,42,67,41,37,187,0.930442656,0.911194793,0.940496321,0.949470898,0.934749028
ITA,2020/7/28,33,106,87,51,277,0.930121681,0.914744947,0.940057766,0.951171752,0.935979794
ITA,2020/7/29,20,50,61,43,174,0.929800706,0.918295101,0.939619212,0.952872605,0.937210561
ITA,2020/7/30,35,62,58,31,186,0.929479731,0.921845255,0.939180657,0.954573459,0.938441328
ITA,2020/7/31,59,234,0,0,293,0.929158756,0.925395409,0.938742102,0.956274312,0.939672095
ITA,2020/8/1,52,117,134,97,400,0.928837781,0.928945564,0.938303548,0.957975166,0.940902861
ITA,2020/8/2,45,101,83,33,262,0.928516806,0.932495718,0.937864993,0.959676019,0.942133628
ITA,2020/8/3,25,49,35,29,138,0.928195831,0.936045872,0.937426439,0.961376873,0.943364395
ITA,2020/8/4,0,0,0,0,0,0.92059212,0.934554469,0.936343985,0.958522438,0.941577303
ITA,2020/8/5,93,213,347,3303,3956,0.912988409,0.933063067,0.935261531,0.955668003,0.939790212
ITA,2020/8/6,72,139,92,72,375,0.905384698,0.931571664,0.934179077,0.952813568,0.93800312
ITA,2020/8/7,66,199,99,47,411,0.897780987,0.930080262,0.933096622,0.949959133,0.936216029
ITA,2020/8/8,91,159,109,84,443,0.890177275,0.928588859,0.932014168,0.947104698,0.934428937
ITA,2020/8/9,100,102,67,25,294,0.882573564,0.927097456,0.930931714,0.944250263,0.932641846
ITA,2020/8/10,79,117,69,36,301,0.874969853,0.925606054,0.92984926,0.941395829,0.930854754
ITA,2020/8/11,124,141,123,89,477,0.867366142,0.924114651,0.928766806,0.938541394,0.929067663
ITA,2020/8/12,105,140,100,59,404,0.859762431,0.922623248,0.927684352,0.935686959,0.927280571
ITA,2020/8/13,130,162,98,47,437,0.852158719,0.921131846,0.926601898,0.932832524,0.925493479
ITA,2020/8/14,140,249,141,93,623,0.844555008,0.919640443,0.925519444,0.929978089,0.923706388
ITA,2020/8/15,124,201,134,83,542,0.836951297,0.918149041,0.92443699,0.927123654,0.921919296
ITA,2020/8/16,65,123,74,33,295,0.829347586,0.916657638,0.923354536,0.924269219,0.920132205
ITA,2020/8/17,80,138,66,60,344,0.821743875,0.915166235,0.922272082,0.921414784,0.918345113
ITA,2020/8/18,124,279,150,111,664,0.830391369,0.91607892,0.92408613,0.922504259,0.919842069
ITA,2020/8/19,124,222,124,65,535,0.839038864,0.916991606,0.925900178,0.923593733,0.921339025
ITA,2020/8/20,156,296,166,98,716,0.847686359,0.917904291,0.927714227,0.924683208,0.92283598
ITA,2020/8/21,159,377,181,85,802,0.856333854,0.918816976,0.929528275,0.925772682,0.924332936
ITA,2020/8/22,124,359,150,66,699,0.864981349,0.919729661,0.931342324,0.926862157,0.925829892
ITA,2020/8/23,129,419,188,64,800,0.873628844,0.920642346,0.933156372,0.927951631,0.927326847
ITA,2020/8/24,132,442,226,108,908,0.882276339,0.921555031,0.93497042,0.929041106,0.928823803
ITA,2020/8/25,204,887,303,171,1565,0.890923834,0.922467717,0.936784469,0.93013058,0.930320758
ITA,2020/8/26,145,474,175,84,878,0.899571329,0.923380402,0.938598517,0.931220054,0.931817714
ITA,2020/8/27,229,676,357,191,1453,0.908218824,0.924293087,0.940412565,0.932309529,0.93331467
ITA,2020/8/28,222,593,280,150,1245,0.916866319,0.925205772,0.942226614,0.933399003,0.934811625
ITA,2020/8/29,237,646,307,186,1376,0.925513814,0.926118457,0.944040662,0.934488478,0.936308581
ITA,2020/8/30,138,394,276,143,951,0.934161309,0.927031143,0.945854711,0.935577952,0.937805537
ITA,2020/8/31,171,481,272,147,1071,0.942808803,0.927943828,0.947668759,0.936667427,0.939302492
ITA,2020/9/1,246,840,428,246,1760,0.940653116,0.929414315,0.947119495,0.931224135,0.938263013
ITA,2020/9/2,152,346,231,126,855,0.938497429,0.930884803,0.94657023,0.925780844,0.937223533
ITA,2020/9/3,138,508,325,168,1139,0.936341742,0.932355291,0.946020966,0.920337552,0.936184053
ITA,2020/9/4,229,656,556,237,1678,0.934186055,0.933825778,0.945471701,0.914894261,0.935144573
ITA,2020/9/5,206,698,538,270,1712,0.932030368,0.935296266,0.944922437,0.909450969,0.934105093
ITA,2020/9/6,219,473,395,189,1276,0.929874681,0.936766753,0.944373173,0.904007678,0.933065614
ITA,2020/9/7,157,345,278,164,944,0.927718995,0.938237241,0.943823908,0.898564386,0.932026134
ITA,2020/9/8,267,652,645,382,1946,0.925563308,0.939707729,0.943274644,0.893121094,0.930986654
ITA,2020/9/9,179,446,445,208,1278,0.923407621,0.941178216,0.94272538,0.887677803,0.929947174
ITA,2020/9/10,162,402,340,233,1137,0.921251934,0.942648704,0.942176115,0.882234511,0.928907695
ITA,2020/9/11,207,620,518,262,1607,0.919096247,0.944119191,0.941626851,0.87679122,0.927868215
ITA,2020/9/12,315,739,686,413,2153,0.91694056,0.945589679,0.941077587,0.871347928,0.926828735
ITA,2020/9/13,135,306,283,184,908,0.914784873,0.947060167,0.940528322,0.865904637,0.925789255
ITA,2020/9/14,139,285,262,161,847,0.912629186,0.948530654,0.939979058,0.860461345,0.924749775
ITA,2020/9/15,337,709,684,471,2201,0.918869958,0.945480186,0.94310857,0.870400693,0.927479764
ITA,2020/9/16,140,334,314,172,960,0.92511073,0.942429718,0.946238082,0.880340042,0.930209752
ITA,2020/9/17,243,498,488,328,1557,0.931351503,0.939379249,0.949367594,0.89027939,0.93293974
ITA,2020/9/18,344,847,857,522,2570,0.937592275,0.936328781,0.952497106,0.900218739,0.935669729
ITA,2020/9/19,99,149,187,81,516,0.943833048,0.933278313,0.955626618,0.910158087,0.938399717
ITA,2020/9/20,144,356,334,208,1042,0.95007382,0.930227844,0.95875613,0.920097435,0.941129705
ITA,2020/9/21,227,358,322,264,1171,0.956314593,0.927177376,0.961885642,0.930036784,0.943859694
ITA,2020/9/22,364,767,817,517,2465,0.962555365,0.931800027,0.960429476,0.936637234,0.94634299
ITA,2020/9/23,190,407,473,289,1359,0.968796138,0.936422679,0.95897331,0.943237684,0.948826287
ITA,2020/9/24,231,429,523,317,1500,0.97503691,0.94104533,0.957517144,0.949838134,0.951309584
ITA,2020/9/25,276,558,600,357,1791,0.981277683,0.945667982,0.956060977,0.956438584,0.953792881
ITA,2020/9/26,312,608,568,371,1859,0.987518455,0.950290633,0.954604811,0.963039034,0.956276177
ITA,2020/9/27,194,315,378,239,1126,0.993759228,0.954913285,0.953148645,0.969639484,0.958759474
ITA,2020/9/28,225,464,482,353,1524,1,0.959535936,0.951692479,0.976239934,0.961242771
ITA,2020/9/29,448,748,757,558,2511,0.994517135,0.959238414,0.953902301,0.976225135,0.962046939
ITA,2020/9/30,162,278,310,265,1015,0.989034271,0.958940892,0.956112124,0.976210336,0.962851106
ITA,2020/10/1,416,744,766,460,2386,0.983551406,0.958643369,0.958321947,0.976195537,0.963655274
ITA,2020/10/2,363,706,723,500,2292,0.978068541,0.958345847,0.960531769,0.976180738,0.964459442
ITA,2020/10/3,274,535,526,363,1698,0.972585677,0.958048325,0.962741592,0.976165939,0.965263609
ITA,2020/10/4,457,709,744,484,2394,0.967102812,0.957750802,0.964951415,0.97615114,0.966067777
ITA,2020/10/5,455,611,662,485,2213,0.961619947,0.95745328,0.967161237,0.976136341,0.966871945
ITA,2020/10/6,795,1356,1452,1101,4704,0.956137083,0.957155757,0.96937106,0.976121542,0.967676112
ITA,2020/10/7,430,699,731,548,2408,0.950654218,0.956858235,0.971580883,0.976106743,0.96848028
ITA,2020/10/8,664,1117,1210,867,3858,0.945171353,0.956560713,0.973790705,0.976091944,0.969284448
ITA,2020/10/9,511,685,831,524,2551,0.939688489,0.95626319,0.976000528,0.976077145,0.970088615
ITA,2020/10/10,995,1807,1837,1180,5819,0.934205624,0.955965668,0.97821035,0.976062346,0.970892783
ITA,2020/10/11,549,827,893,612,2881,0.928722759,0.955668146,0.980420173,0.976047547,0.971696951
ITA,2020/10/12,1202,1848,1925,1374,6349,0.923239895,0.955370623,0.982629996,0.976032748,0.972501118
ITA,2020/10/13,1419,2054,2300,1483,7256,0.924819356,0.956077569,0.982576458,0.977476599,0.973083279
ITA,2020/10/14,928,1436,1567,1070,5001,0.926398817,0.956784515,0.98252292,0.97892045,0.97366544
ITA,2020/10/15,1748,2913,3387,2174,10222,0.927978279,0.95749146,0.982469382,0.980364302,0.974247601
ITA,2020/10/16,1357,1867,2097,1463,6784,0.92955774,0.958198406,0.982415844,0.981808153,0.974829762
ITA,2020/10/17,1228,1675,1857,1226,5986,0.931137201,0.958905352,0.982362306,0.983252004,0.975411922
ITA,2020/10/18,1555,2353,2725,1710,8343,0.932716663,0.959612297,0.982308768,0.984695856,0.975994083
ITA,2020/10/19,2130,3726,3815,2343,12014,0.934296124,0.960319243,0.982255231,0.986139707,0.976576244
ITA,2020/10/20,2268,3489,4113,3040,12910,0.935875585,0.961026189,0.982201693,0.987583558,0.977158405
ITA,2020/10/21,1825,2656,3090,2218,9789,0.937455047,0.961733134,0.982148155,0.98902741,0.977740566
ITA,2020/10/22,2089,3461,4139,2720,12409,0.939034508,0.96244008,0.982094617,0.990471261,0.978322727
ITA,2020/10/23,2183,3331,3804,2461,11779,0.940613969,0.963147026,0.982041079,0.991915112,0.978904888
ITA,2020/10/24,3598,6773,7521,4905,22797,0.942193431,0.963853971,0.981987541,0.993358964,0.979487048
ITA,2020/10/25,1858,2984,3751,2790,11378,0.943772892,0.964560917,0.981934003,0.994802815,0.980069209
ITA,2020/10/26,4410,7800,8836,5454,26500,0.945352353,0.965267862,0.981880465,0.996246667,0.98065137
ITA,2020/10/27,3896,6486,7827,5624,23833,0.949255757,0.965983419,0.98446897,0.994714501,0.98341546
ITA,2020/10/28,1558,2427,3140,2083,9208,0.95315916,0.966698976,0.987057475,0.993182335,0.98617955
ITA,2020/10/29,3122,5238,6207,3991,18558,0.957062563,0.967414533,0.98964598,0.991650169,0.98894364
ITA,2020/10/30,4384,7568,9885,6544,28381,0.960965967,0.96813009,0.992234485,0.990118003,0.99170773
ITA,2020/10/31,5422,9945,12440,8121,35928,0.96486937,0.968845647,0.99482299,0.988585838,0.99447182
ITA,2020/11/1,243,428,600,417,1688,0.968772773,0.969561204,0.997411495,0.987053672,0.99723591
ITA,2020/11/2,6032,11546,14170,9220,40968,0.972676177,0.970276761,1,0.985521506,1
ITA,2020/11/3,7603,12466,16804,11501,48373,0.97657958,0.970992317,0.996651592,0.98398934,0.996572812
ITA,2020/11/4,2946,5476,7028,4734,20184,0.980482983,0.971707874,0.993303185,0.982457174,0.993145623
ITA,2020/11/5,4790,8459,11576,8274,33099,0.984386387,0.972423431,0.989954777,0.980925009,0.989718435
ITA,2020/11/6,4304,9123,12088,8335,33850,0.98828979,0.973138988,0.98660637,0.979392843,0.986291246
ITA,2020/11/7,5038,9380,12949,8644,36011,0.992193193,0.973854545,0.983257962,0.977860677,0.982864058
ITA,2020/11/8,3062,6663,9060,6280,25065,0.996096597,0.974570102,0.979909555,0.976328511,0.97943687
ITA,2020/11/9,2664,5584,7898,5771,21917,1,0.975285659,0.976561147,0.974796345,0.976009681
ITA,2020/11/10,6650,13094,18230,13463,51437,0.998883519,0.974340539,0.97665499,0.975071551,0.975849301
ITA,2020/11/11,4578,9416,13333,9640,36967,0.997767039,0.97339542,0.976748832,0.975346756,0.975688922
ITA,2020/11/12,2501,5265,7568,5810,21144,0.996650558,0.972450301,0.976842675,0.975621961,0.975528542
ITA,2020/11/13,4748,9426,14211,10135,38520,0.995534078,0.971505182,0.976936518,0.975897166,0.975368162
ITA,2020/11/14,3661,8132,10972,8116,30881,0.994417597,0.970560062,0.97703036,0.976172372,0.975207782
ITA,2020/11/15,4725,10373,14880,11762,41740,0.993301117,0.969614943,0.977124203,0.976447577,0.975047402
ITA,2020/11/16,3991,8424,12569,10076,35060,0.992184636,0.968669824,0.977218045,0.976722782,0.974887023
ITA,2020/11/17,4486,9200,13149,9795,36630,0.991068155,0.967724704,0.977311888,0.976997988,0.974726643
ITA,2020/11/18,5735,11301,16881,13495,47412,0.989951675,0.966779585,0.97740573,0.977273193,0.974566263
ITA,2020/11/19,2866,6311,9077,7522,25776,0.988835194,0.965834466,0.977499573,0.977548398,0.974405883
ITA,2020/11/20,2809,6024,9189,7104,25126,0.987718714,0.964889347,0.977593416,0.977823603,0.974245503
ITA,2020/11/21,4117,10223,15620,12991,42951,0.986602233,0.963944227,0.977687258,0.978098809,0.974085123
ITA,2020/11/22,3447,7267,10159,8056,28929,0.985485752,0.962999108,0.977781101,0.978374014,0.973924744
ITA,2020/11/23,2624,5789,8654,7183,24250,0.984369272,0.962053989,0.977874943,0.978649219,0.973764364
ITA,2020/11/24,4181,8595,11915,10107,34798,0.983252791,0.961108869,0.977968786,0.978924424,0.973603984
ITA,2020/11/25,4887,9741,14424,12285,41338,0.982136311,0.96016375,0.978062629,0.97919963,0.973443604
ITA,2020/11/26,2058,4418,6792,5812,19080,0.98101983,0.959218631,0.978156471,0.979474835,0.973283224
ITA,2020/11/27,3654,7112,9932,8260,28958,0.97990335,0.958273512,0.978250314,0.97975004,0.973122845
ITA,2020/11/28,2116,4570,7017,6397,20100,0.978786869,0.957328392,0.978344156,0.980025245,0.972962465
ITA,2020/11/29,2821,5695,7958,6726,23200,0.977670388,0.956383273,0.978437999,0.980300451,0.972802085
ITA,2020/11/30,1801,3444,5256,4641,15142,0.976553908,0.955438154,0.978531841,0.980575656,0.972641705
ITA,2020/12/1,4408,7851,11804,9955,34018,0.975437427,0.954493034,0.978625684,0.980850861,0.972481325
ITA,2020/12/2,3727,6563,9880,9062,29232,0.974320947,0.953547915,0.978719527,0.981126066,0.972320946
ITA,2020/12/3,1244,2303,3241,2992,9780,0.973204466,0.952602796,0.978813369,0.981401272,0.972160566
ITA,2020/12/4,2099,4041,6054,5464,17658,0.972087985,0.951657677,0.978907212,0.981676477,0.972000186
ITA,2020/12/5,3251,6032,8487,7331,25101,0.970971505,0.950712557,0.979001054,0.981951682,0.971839806
ITA,2020/12/6,1853,3538,5252,5182,15825,0.969855024,0.949767438,0.979094897,0.982226887,0.971679426
ITA,2020/12/7,2698,4749,6557,5486,19490,0.968738544,0.948822319,0.97918874,0.982502093,0.971519046
ITA,2020/12/8,3268,5870,8630,7360,25133,0.967622063,0.947877199,0.979282582,0.982777298,0.971358667
ITA,2020/12/9,2116,3865,5841,5642,17464,0.966505583,0.94693208,0.979376425,0.983052503,0.971198287
ITA,2020/12/10,1270,2055,3064,2708,9097,0.965389102,0.945986961,0.979470267,0.983327708,0.971037907
ITA,2020/12/11,2483,4411,6582,6398,19874,0.964272621,0.945041841,0.97956411,0.983602914,0.970877527
ITA,2020/12/12,1000,2086,3186,2714,8986,0.963156141,0.944096722,0.979657952,0.983878119,0.970717147
ITA,2020/12/13,2046,3910,5594,5094,16644,0.96203966,0.943151603,0.979751795,0.984153324,0.970556768
ITA,2020/12/14,2266,3916,5606,4787,16575,0.96092318,0.942206484,0.979845638,0.984428529,0.970396388
ITA,2020/12/15,1282,2586,3746,3618,11232,0.962783981,0.943283633,0.979401875,0.984534624,0.970576242
ITA,2020/12/16,3783,6893,10008,8837,29521,0.964644782,0.944360783,0.978958113,0.984640718,0.970756097
ITA,2020/12/17,1263,2079,3294,3036,9672,0.966505583,0.945437933,0.97851435,0.984746812,0.970935951
ITA,2020/12/18,2256,4372,6042,5178,17848,0.968366383,0.946515082,0.978070587,0.984852907,0.971115806
ITA,2020/12/19,2096,4082,5734,5124,17036,0.970227184,0.947592232,0.977626825,0.984959001,0.97129566
ITA,2020/12/20,1590,3009,4096,3690,12385,0.972087985,0.948669382,0.977183062,0.985065096,0.971475515
ITA,2020/12/21,3516,6787,9527,8891,28721,0.973948786,0.949746531,0.9767393,0.98517119,0.971655369
ITA,2020/12/22,1809,2922,3780,2209,10720,0.975809587,0.950823681,0.976295537,0.985277284,0.971835224
ITA,2020/12/23,1888,3365,4784,3995,14032,0.977670388,0.951900831,0.975851775,0.985383379,0.972015078
ITA,2020/12/24,1009,2487,3587,4048,11131,0.979531189,0.952977981,0.975408012,0.985489473,0.972194933
ITA,2020/12/25,1300,2445,3394,2932,10071,0.98139199,0.95405513,0.97496425,0.985595567,0.972374787
ITA,2020/12/26,1774,3426,4824,4142,14166,0.983252791,0.95513228,0.974520487,0.985701662,0.972554641
ITA,2020/12/27,988,1715,2315,2222,7240,0.985113592,0.95620943,0.974076725,0.985807756,0.972734496
ITA,2020/12/28,1780,3143,4413,3956,13292,0.986974393,0.957286579,0.973632962,0.98591385,0.97291435
ITA,2020/12/29,2049,3955,5858,5118,16980,0.988835194,0.958363729,0.973189199,0.986019945,0.973094205
ITA,2020/12/30,1124,2258,2994,2841,9217,0.990695995,0.959440879,0.972745437,0.986126039,0.973274059
ITA,2020/12/31,1787,3604,4741,4091,14223,0.992556796,0.960518028,0.972301674,0.986232133,0.973453914
ITA,2021/1/1,2236,5049,6531,5635,19451,0.994417597,0.961595178,0.971857912,0.986338228,0.973633768
ITA,2021/1/2,1506,2829,3640,3239,11214,0.996278398,0.962672328,0.971414149,0.986444322,0.973813623
ITA,2021/1/3,2138,3920,5207,4581,15846,0.998139199,0.963749477,0.970970387,0.986550416,0.973993477
ITA,2021/1/4,2342,4561,6324,5460,18687,1,0.964826627,0.970526624,0.986656511,0.974173332
ITA,2021/1/5,2809,5214,7151,6018,21192,1,0.967300453,0.972177746,0.985940989,0.975317129
ITA,2021/1/6,1605,3614,5136,4806,15161,1,0.969774279,0.973828867,0.985225468,0.976460926
ITA,2021/1/7,2566,5210,6664,5899,20339,1,0.972248105,0.975479989,0.984509946,0.977604723
ITA,2021/1/8,1908,3812,4773,4206,14699,1,0.974721931,0.97713111,0.983794425,0.97874852
ITA,2021/1/9,2240,4015,5323,4572,16150,1,0.977195757,0.978782232,0.983078903,0.979892317
ITA,2021/1/10,1701,3074,3669,3131,11575,1,0.979669583,0.980433353,0.982363382,0.981036113
ITA,2021/1/11,2756,4873,6267,5603,19499,1,0.982143409,0.982084475,0.98164786,0.98217991
ITA,2021/1/12,2457,4294,5740,4917,17408,1,0.980694442,0.981845458,0.981838654,0.981748743
ITA,2021/1/13,2773,5523,7108,6446,21850,1,0.979245474,0.98160644,0.982029448,0.981317575
ITA,2021/1/14,1344,2613,3301,3041,10299,1,0.977796506,0.981367423,0.982220242,0.980886407
ITA,2021/1/15,1623,2610,3612,3021,10866,1,0.976347538,0.981128406,0.982411036,0.98045524
ITA,2021/1/16,2343,3812,5173,4777,16105,1,0.97489857,0.980889389,0.982601829,0.980024072
ITA,2021/1/17,1437,2258,2965,2688,9348,1,0.973449603,0.980650372,0.982792623,0.979592904
ITA,2021/1/18,0,0,0,0,0,1,0.972000635,0.980411354,0.982983417,0.979161737
ITA,2021/1/19,5646,9476,13022,12138,40282,1,0.970551667,0.980172337,0.983174211,0.978730569
ITA,2021/1/20,0,0,0,0,0,1,0.969102699,0.97993332,0.983365005,0.978299401
ITA,2021/1/21,3751,5962,8111,7041,24865,1,0.967653731,0.979694303,0.983555799,0.977868234
ITA,2021/1/22,1849,2782,3882,3249,11762,1,0.966204764,0.979455285,0.983746592,0.977437066
ITA,2021/1/23,1581,2377,3373,3142,10473,1,0.964755796,0.979216268,0.983937386,0.977005898
ITA,2021/1/24,2675,3972,5529,4823,16999,1,0.963306828,0.978977251,0.98412818,0.976574731
ITA,2021/1/25,1955,2908,3991,3407,12261,1,0.96185786,0.978738234,0.984318974,0.976143563
ITA,2021/1/26,1069,1522,2264,2110,6965,1,0.963326781,0.971722841,0.98655912,0.975155106
ITA,2021/1/27,3425,4491,6665,5790,20371,1,0.964795702,0.964707449,0.988799267,0.974166649
ITA,2021/1/28,1375,1775,2553,2020,7723,1,0.966264623,0.957692056,0.991039414,0.973178192
ITA,2021/1/29,2069,2826,4105,3413,12413,1,0.967733543,0.950676664,0.99327956,0.972189736
ITA,2021/1/30,2780,3844,5380,4509,16513,1,0.969202464,0.943661272,0.995519707,0.971201279
ITA,2021/1/31,1409,1882,2512,2031,7834,1,0.970671385,0.936645879,0.997759853,0.970212822
ITA,2021/2/1,2485,3307,4609,3849,14250,1,0.972140306,0.929630487,1,0.969224365
ITA,2021/2/2,1364,1805,2428,2003,7600,1,0.970416906,0.93627458,0.997559297,0.96991117
ITA,2021/2/3,2924,3500,5115,4246,15785,1,0.968693506,0.942918674,0.995118593,0.970597975
ITA,2021/2/4,1890,2519,3408,2799,10616,1,0.966970107,0.949562768,0.99267789,0.971284779
ITA,2021/2/5,1534,2060,2960,2312,8866,1,0.965246707,0.956206861,0.990237186,0.971971584
ITA,2021/2/6,1670,2125,3014,2320,9129,1,0.963523307,0.962850955,0.987796483,0.972658389
ITA,2021/2/7,2728,3360,4576,3598,14262,1,0.961799907,0.969495048,0.985355779,0.973345194
ITA,2021/2/8,2501,2845,3968,3324,12638,1,0.960076508,0.976139142,0.982915076,0.974031999
ITA,2021/2/9,2214,2882,4000,3085,12181,1,0.961480902,0.976148042,0.983357451,0.974545172
ITA,2021/2/10,2960,3547,5337,4081,15925,1,0.962885296,0.976156942,0.983799825,0.975058345
ITA,2021/2/11,2117,2645,3777,2695,11234,1,0.964289691,0.976165842,0.9842422,0.975571519
ITA,2021/2/12,2330,2983,4349,3343,13005,1,0.965694085,0.976174742,0.984684575,0.976084692
ITA,2021/2/13,2566,3045,4264,3127,13002,1,0.96709848,0.976183642,0.985126949,0.976597865
ITA,2021/2/14,2030,2534,3519,2631,10714,1,0.968502874,0.976192542,0.985569324,0.977111039
ITA,2021/2/15,2354,2847,3827,2832,11860,1,0.969907268,0.976201441,0.986011698,0.977624212
ITA,2021/2/16,2420,2923,4081,3113,12537,1,0.971311663,0.976210341,0.986454073,0.978137385
ITA,2021/2/17,2129,2638,3598,2766,11131,1,0.972716057,0.976219241,0.986896448,0.978650559
ITA,2021/2/18,2781,3813,5052,3451,15097,1,0.974120452,0.976228141,0.987338822,0.979163732
ITA,2021/2/19,2439,3068,4079,2833,12419,1,0.975524846,0.976237041,0.987781197,0.979676905
ITA,2021/2/20,1949,2362,3203,2126,9640,1,0.97692924,0.976245941,0.988223572,0.980190079
ITA,2021/2/21,2686,3274,4227,3202,13389,1,0.978333635,0.976254841,0.988665946,0.980703252
ITA,2021/2/22,2830,3536,4812,3706,14884,1,0.979738029,0.976263741,0.989108321,0.981216426
ITA,2021/2/23,3009,4086,5683,4367,17145,1,0.977533795,0.976922942,0.988695725,0.980772442
ITA,2021/2/24,2111,2690,3562,2485,10848,1,0.975329561,0.977582142,0.988283129,0.980328459
ITA,2021/2/25,2963,3904,5310,3613,15790,1,0.973125327,0.978241343,0.987870533,0.979884475
ITA,2021/2/26,3367,4493,6070,4287,18217,1,0.970921093,0.978900544,0.987457937,0.979440491
ITA,2021/2/27,2789,4058,5434,3834,16115,1,0.968716859,0.979559745,0.987045342,0.978996508
ITA,2021/2/28,2661,3559,4459,3120,13799,1,0.966512625,0.980218945,0.986632746,0.978552524
ITA,2021/3/1,4014,5119,6830,4950,20913,1,0.96430839,0.980878146,0.98622015,0.978108541
ITA,2021/3/2,3816,4849,6575,4616,19856,1,0.962104156,0.981537347,0.985807554,0.977664557
ITA,2021/3/3,3331,4473,6132,4833,18769,1,0.959899922,0.982196548,0.985394958,0.977220574
ITA,2021/3/4,2930,4079,5479,3669,16157,1,0.957695688,0.982855749,0.984982362,0.97677659
ITA,2021/3/5,4563,6235,8460,6020,25278,1,0.955491454,0.983514949,0.984569767,0.976332607
ITA,2021/3/6,4765,6712,9082,6282,26841,1,0.95328722,0.98417415,0.984157171,0.975888623
ITA,2021/3/7,2535,3434,4491,3394,13854,1,0.951082986,0.984833351,0.983744575,0.97544464
ITA,2021/3/8,3645,4313,6120,3991,18069,1,0.948878752,0.985492552,0.983331979,0.975000656
ITA,2021/3/9,2781,3979,5547,3997,16304,0.987941988,0.948835528,0.985361223,0.983539732,0.974872057
ITA,2021/3/10,4914,6817,9299,6887,27917,0.975883976,0.948792305,0.985229894,0.983747485,0.974743458
ITA,2021/3/11,1288,1682,2391,1538,6899,0.963825963,0.948749081,0.985098566,0.983955238,0.974614859
ITA,2021/3/12,6012,8624,11515,8138,34289,0.951767951,0.948705858,0.984967237,0.984162991,0.974486259
ITA,2021/3/13,4216,6251,8794,6491,25752,0.939709939,0.948662634,0.984835909,0.984370744,0.97435766
ITA,2021/3/14,3403,4608,6504,4604,19119,0.927651927,0.948619411,0.98470458,0.984578497,0.974229061
ITA,2021/3/15,5449,6974,9656,6926,29005,0.915593915,0.948576187,0.984573252,0.98478625,0.974100462
ITA,2021/3/16,2680,3778,5504,3801,15763,0.903535903,0.948532964,0.984441923,0.984994003,0.973971863
ITA,2021/3/17,4380,6184,8849,6565,25978,0.89147789,0.94848974,0.984310594,0.985201756,0.973843263
ITA,2021/3/18,3337,4844,6503,4747,19431,0.879419878,0.948446517,0.984179266,0.985409509,0.973714664
ITA,2021/3/19,1741,2265,3144,2094,9244,0.867361866,0.948403293,0.984047937,0.985617262,0.973586065
ITA,2021/3/20,5115,7878,11480,8589,33062,0.855303854,0.94836007,0.983916609,0.985825015,0.973457466
ITA,2021/3/21,3405,4807,6716,4892,19820,0.843245842,0.948316846,0.98378528,0.986032768,0.973328867
ITA,2021/3/22,2717,3594,4834,3511,14656,0.831187829,0.948273623,0.983653951,0.986240521,0.973200267
ITA,2021/3/23,4564,6382,8975,6472,26393,0.831187829,0.955663105,0.973534669,0.986240521,0.969169908
ITA,2021/3/24,4010,6076,8586,6662,25334,0.831187829,0.963052588,0.963415387,0.986240521,0.96513955
ITA,2021/3/25,2510,3682,5182,3666,15040,0.831187829,0.97044207,0.953296104,0.986240521,0.961109191
ITA,2021/3/26,3127,4646,6340,4616,18729,0.831187829,0.977831553,0.943176822,0.986240521,0.957078832
ITA,2021/3/27,2830,4270,6177,4484,17761,0.831187829,0.985221035,0.933057539,0.986240521,0.953048473
ITA,2021/3/28,2832,4372,6481,5196,18881,0.831187829,0.992610518,0.922938257,0.986240521,0.949018114
ITA,2021/3/29,3743,5174,6605,4965,20487,0.831187829,1,0.912818975,0.986240521,0.944987755
ITA,2021/3/30,2771,4318,6262,4877,18228,0.831187829,1,0.912818975,0.986240521,0.944987755
ITA,2021/3/31,5526,8140,11536,8597,33799,0.831187829,1,0.912818975,0.986240521,0.944987755
NLD,2020/2/1,0,0,1,2,3,0.252855709,0.224517144,0.093795144,0.074625902,0.141291671
NLD,2020/2/2,0,0,0,0,0,0.252855709,0.224517144,0.093795144,0.074625902,0.141291671
NLD,2020/2/3,0,0,1,1,2,0.252855709,0.224517144,0.093795144,0.074625902,0.141291671
NLD,2020/2/4,0,0,0,0,0,0.252855709,0.224517144,0.093795144,0.074625902,0.141291671
NLD,2020/2/5,0,0,0,0,0,0.252855709,0.224517144,0.093795144,0.074625902,0.141291671
NLD,2020/2/6,0,1,0,1,2,0.252855709,0.224517144,0.093795144,0.074625902,0.141291671
NLD,2020/2/7,0,0,0,2,2,0.252855709,0.224517144,0.093795144,0.074625902,0.141291671
NLD,2020/2/8,0,0,0,0,0,0.252855709,0.224517144,0.093795144,0.074625902,0.141291671
NLD,2020/2/9,0,0,0,0,0,0.252855709,0.224517144,0.093795144,0.074625902,0.141291671
NLD,2020/2/10,0,0,1,4,5,0.252855709,0.224517144,0.093795144,0.074625902,0.141291671
NLD,2020/2/11,0,0,0,1,1,0.252855709,0.224517144,0.093795144,0.074625902,0.141291671
NLD,2020/2/12,0,0,2,0,2,0.252855709,0.224517144,0.093795144,0.074625902,0.141291671
NLD,2020/2/13,0,0,0,1,1,0.252855709,0.224517144,0.093795144,0.074625902,0.141291671
NLD,2020/2/14,0,0,3,1,4,0.252855709,0.224517144,0.093795144,0.074625902,0.141291671
NLD,2020/2/15,0,0,0,2,2,0.252855709,0.224517144,0.093795144,0.074625902,0.141291671
NLD,2020/2/16,0,0,2,1,3,0.252855709,0.224517144,0.093795144,0.074625902,0.141291671
NLD,2020/2/17,0,0,0,3,3,0.252855709,0.224517144,0.093795144,0.074625902,0.141291671
NLD,2020/2/18,0,0,0,1,1,0.252855709,0.224517144,0.093795144,0.074625902,0.141291671
NLD,2020/2/19,0,1,0,4,5,0.252855709,0.224517144,0.093795144,0.074625902,0.141291671
NLD,2020/2/20,0,0,4,5,9,0.252855709,0.224517144,0.093795144,0.074625902,0.141291671
NLD,2020/2/21,0,1,6,2,9,0.252855709,0.224517144,0.093795144,0.074625902,0.141291671
NLD,2020/2/22,1,2,1,1,5,0.252855709,0.224517144,0.093795144,0.074625902,0.141291671
NLD,2020/2/23,0,1,2,7,10,0.252855709,0.224517144,0.093795144,0.074625902,0.141291671
NLD,2020/2/24,1,4,9,8,22,0.252855709,0.224517144,0.093795144,0.074625902,0.141291671
NLD,2020/2/25,2,2,9,11,24,0.252855709,0.224517144,0.093795144,0.074625902,0.141291671
NLD,2020/2/26,0,6,14,14,34,0.252855709,0.224517144,0.093795144,0.074625902,0.141291671
NLD,2020/2/27,3,15,24,23,65,0.252855709,0.224517144,0.093795144,0.074625902,0.141291671
NLD,2020/2/28,4,9,33,24,70,0.252855709,0.224517144,0.093795144,0.074625902,0.141291671
NLD,2020/2/29,4,13,29,19,65,0.252855709,0.224517144,0.093795144,0.074625902,0.141291671
NLD,2020/3/1,9,14,63,48,134,0.252855709,0.224517144,0.093795144,0.074625902,0.141291671
NLD,2020/3/2,6,17,58,63,144,0.252855709,0.224517144,0.093795144,0.074625902,0.141291671
NLD,2020/3/3,4,27,51,46,128,0.252855709,0.224517144,0.093795144,0.074625902,0.141291671
NLD,2020/3/4,8,23,43,66,140,0.252855709,0.224517144,0.093795144,0.074625902,0.141291671
NLD,2020/3/5,4,14,70,78,166,0.252855709,0.224517144,0.093795144,0.074625902,0.141291671
NLD,2020/3/6,4,22,79,97,202,0.252855709,0.224517144,0.093795144,0.074625902,0.141291671
NLD,2020/3/7,3,39,81,115,238,0.252855709,0.224517144,0.093795144,0.074625902,0.141291671
NLD,2020/3/8,1,51,83,104,239,0.252855709,0.224517144,0.093795144,0.074625902,0.141291671
NLD,2020/3/9,7,82,137,223,449,0.252855709,0.224517144,0.093795144,0.074625902,0.141291671
NLD,2020/3/10,4,67,133,215,419,0.252855709,0.224517144,0.093795144,0.074625902,0.141291671
NLD,2020/3/11,4,86,150,286,526,0.252855709,0.224517144,0.093795144,0.074625902,0.141291671
NLD,2020/3/12,4,99,173,301,577,0.252855709,0.224517144,0.093795144,0.074625902,0.141291671
NLD,2020/3/13,3,115,206,354,678,0.252855709,0.224517144,0.093795144,0.074625902,0.141291671
NLD,2020/3/14,8,111,213,362,694,0.252855709,0.224517144,0.093795144,0.074625902,0.141291671
NLD,2020/3/15,7,122,220,409,758,0.252855709,0.224517144,0.093795144,0.074625902,0.141291671
NLD,2020/3/16,6,153,296,601,1056,0.252855709,0.224517144,0.093795144,0.074625902,0.141291671
NLD,2020/3/17,3,116,234,471,824,0.252855709,0.224517144,0.093795144,0.074625902,0.141291671
NLD,2020/3/18,5,101,274,485,865,0.252855709,0.224517144,0.093795144,0.074625902,0.141291671
NLD,2020/3/19,7,109,235,471,822,0.252855709,0.224517144,0.093795144,0.074625902,0.141291671
NLD,2020/3/20,6,146,285,561,998,0.252855709,0.224517144,0.093795144,0.074625902,0.141291671
NLD,2020/3/21,7,121,244,501,873,0.252855709,0.224517144,0.093795144,0.074625902,0.141291671
NLD,2020/3/22,3,98,234,413,748,0.252855709,0.224517144,0.093795144,0.074625902,0.141291671
NLD,2020/3/23,7,151,337,703,1198,0.252855709,0.224517144,0.093795144,0.074625902,0.141291671
NLD,2020/3/24,11,133,259,564,967,0.252855709,0.224517144,0.093795144,0.074625902,0.141291671
NLD,2020/3/25,12,153,274,591,1030,0.252855709,0.224517144,0.093795144,0.074625902,0.141291671
NLD,2020/3/26,6,146,227,571,950,0.252855709,0.224517144,0.093795144,0.074625902,0.141291671
NLD,2020/3/27,12,178,304,579,1073,0.252855709,0.224517144,0.093795144,0.074625902,0.141291671
NLD,2020/3/28,18,153,260,433,864,0.252855709,0.224517144,0.093795144,0.074625902,0.141291671
NLD,2020/3/29,5,143,231,420,799,0.252855709,0.224517144,0.093795144,0.074625902,0.141291671
NLD,2020/3/30,20,185,341,572,1118,0.252855709,0.224517144,0.093795144,0.074625902,0.141291671
NLD,2020/3/31,14,137,279,424,854,0.252855709,0.224517144,0.093795144,0.074625902,0.141291671
NLD,2020/4/1,17,215,337,550,1119,0.252855709,0.224517144,0.093795144,0.074625902,0.141291671
NLD,2020/4/2,7,182,344,491,1024,0.252855709,0.224517144,0.093795144,0.074625902,0.141291671
NLD,2020/4/3,13,209,330,499,1051,0.252855709,0.224517144,0.093795144,0.074625902,0.141291671
NLD,2020/4/4,18,193,321,464,996,0.252855709,0.224517144,0.093795144,0.074625902,0.141291671
NLD,2020/4/5,16,157,241,374,788,0.252855709,0.224517144,0.093795144,0.074625902,0.141291671
NLD,2020/4/6,15,228,365,543,1151,0.252855709,0.224517144,0.093795144,0.074625902,0.141291671
NLD,2020/4/7,9,209,293,484,995,0.248134825,0.216119542,0.088683389,0.067870995,0.129934308
NLD,2020/4/8,12,205,303,514,1034,0.243413942,0.20772194,0.083571633,0.061116088,0.118576945
NLD,2020/4/9,11,175,268,431,885,0.238693059,0.199324338,0.078459878,0.054361181,0.107219582
NLD,2020/4/10,18,194,310,490,1012,0.233972175,0.190926736,0.073348122,0.047606274,0.09586222
NLD,2020/4/11,11,199,280,343,833,0.229251292,0.182529134,0.068236366,0.040851367,0.084504857
NLD,2020/4/12,14,140,219,360,733,0.224530409,0.174131532,0.063124611,0.03409646,0.073147494
NLD,2020/4/13,12,206,245,315,778,0.219809525,0.16573393,0.058012855,0.027341553,0.061790131
NLD,2020/4/14,14,138,210,391,753,0.215088642,0.164422916,0.059627842,0.030254721,0.064439887
NLD,2020/4/15,13,155,223,353,744,0.210367759,0.163111902,0.061242829,0.03316789,0.067089643
NLD,2020/4/16,9,131,208,362,710,0.205646875,0.161800888,0.062857815,0.036081058,0.069739399
NLD,2020/4/17,19,144,220,316,699,0.200925992,0.160489874,0.064472802,0.038994227,0.072389155
NLD,2020/4/18,12,134,194,264,604,0.196205109,0.15917886,0.066087789,0.041907395,0.075038911
NLD,2020/4/19,16,98,128,221,463,0.191484225,0.157867846,0.067702775,0.044820564,0.077688667
NLD,2020/4/20,9,130,196,316,651,0.186763342,0.156556832,0.069317762,0.047733732,0.080338423
NLD,2020/4/21,7,105,126,236,474,0.182042459,0.155245817,0.070932749,0.050646901,0.082988179
NLD,2020/4/22,9,83,118,242,452,0.177321575,0.153934803,0.072547736,0.053560069,0.085637935
NLD,2020/4/23,7,83,118,202,410,0.172600692,0.152623789,0.074162722,0.056473238,0.088287691
NLD,2020/4/24,11,88,111,195,405,0.167879809,0.151312775,0.075777709,0.059386406,0.090937447
NLD,2020/4/25,7,81,98,185,371,0.163158925,0.150001761,0.077392696,0.062299575,0.093587203
NLD,2020/4/26,6,71,94,128,299,0.158438042,0.148690747,0.079007683,0.065212743,0.096236959
NLD,2020/4/27,4,75,104,146,329,0.153717159,0.147379733,0.080622669,0.068125912,0.098886716
NLD,2020/4/28,13,72,91,158,334,0.157968022,0.157025803,0.081299987,0.066626171,0.101320678
NLD,2020/4/29,7,49,87,172,315,0.162218885,0.166671873,0.081977305,0.065126429,0.10375464
NLD,2020/4/30,8,47,83,140,278,0.166469748,0.176317943,0.082654623,0.063626688,0.106188603
NLD,2020/5/1,2,82,100,151,335,0.170720611,0.185964013,0.083331941,0.062126947,0.108622565
NLD,2020/5/2,6,54,61,118,239,0.174971474,0.195610083,0.084009259,0.060627206,0.111056527
NLD,2020/5/3,4,48,63,94,209,0.179222337,0.205256153,0.084686577,0.059127465,0.11349049
NLD,2020/5/4,10,53,80,124,267,0.1834732,0.214902223,0.085363895,0.057627723,0.115924452
NLD,2020/5/5,9,34,69,93,205,0.187724063,0.224548293,0.086041213,0.056127982,0.118358414
NLD,2020/5/6,6,49,53,108,216,0.191974926,0.234194363,0.086718531,0.054628241,0.120792377
NLD,2020/5/7,4,48,54,105,211,0.196225789,0.243840433,0.087395849,0.0531285,0.123226339
NLD,2020/5/8,8,46,47,100,201,0.200476652,0.253486503,0.088073167,0.051628758,0.125660301
NLD,2020/5/9,3,54,55,81,193,0.204727515,0.263132573,0.088750485,0.050129017,0.128094264
NLD,2020/5/10,8,45,39,61,153,0.208978378,0.272778643,0.089427803,0.048629276,0.130528226
NLD,2020/5/11,8,47,66,110,231,0.213229241,0.282424713,0.090105121,0.047129535,0.132962188
NLD,2020/5/12,5,32,49,99,185,0.217480104,0.259076769,0.091116853,0.054141387,0.129996345
NLD,2020/5/13,14,38,45,79,176,0.221730967,0.235728825,0.092128586,0.06115324,0.127030502
NLD,2020/5/14,6,32,42,63,143,0.22598183,0.212380881,0.093140319,0.068165093,0.124064659
NLD,2020/5/15,6,42,52,71,171,0.230232693,0.189032937,0.094152052,0.075176945,0.121098816
NLD,2020/5/16,9,38,44,46,137,0.234483556,0.165684993,0.095163785,0.082188798,0.118132973
NLD,2020/5/17,5,43,47,67,162,0.238734419,0.142337048,0.096175518,0.089200651,0.11516713
NLD,2020/5/18,7,57,65,59,188,0.242985282,0.118989104,0.097187251,0.096212503,0.112201287
NLD,2020/5/19,11,73,55,56,195,0.258948345,0.128055676,0.099306344,0.096798899,0.115370032
NLD,2020/5/20,11,58,47,65,181,0.274911408,0.137122248,0.101425438,0.097385294,0.118538778
NLD,2020/5/21,15,66,51,67,199,0.290874471,0.14618882,0.103544531,0.09797169,0.121707523
NLD,2020/5/22,11,70,60,60,201,0.306837534,0.155255392,0.105663624,0.098558085,0.124876268
NLD,2020/5/23,11,67,64,42,184,0.322800597,0.164321964,0.107782718,0.099144481,0.128045014
NLD,2020/5/24,5,44,43,30,122,0.33876366,0.173388537,0.109901811,0.099730876,0.131213759
NLD,2020/5/25,16,56,69,57,198,0.354726723,0.182455109,0.112020904,0.100317272,0.134382505
NLD,2020/5/26,11,56,36,40,143,0.352183113,0.195011071,0.11774487,0.100949739,0.140620409
NLD,2020/5/27,20,61,48,36,165,0.349639503,0.207567034,0.123468836,0.101582206,0.146858313
NLD,2020/5/28,16,52,42,30,140,0.347095894,0.220122996,0.129192802,0.102214672,0.153096217
NLD,2020/5/29,13,49,55,25,142,0.344552284,0.232678959,0.134916768,0.102847139,0.159334121
NLD,2020/5/30,13,47,56,51,167,0.342008675,0.245234922,0.140640734,0.103479606,0.165572025
NLD,2020/5/31,8,41,49,27,125,0.339465065,0.257790884,0.1463647,0.104112073,0.171809929
NLD,2020/6/1,18,61,53,33,165,0.336921455,0.270346847,0.152088666,0.10474454,0.178047834
NLD,2020/6/2,16,43,51,28,138,0.334377846,0.28290281,0.157812632,0.105377006,0.184285738
NLD,2020/6/3,13,53,55,28,149,0.331834236,0.295458772,0.163536598,0.106009473,0.190523642
NLD,2020/6/4,12,54,41,49,156,0.329290626,0.308014735,0.169260564,0.10664194,0.196761546
NLD,2020/6/5,17,57,53,40,167,0.326747017,0.320570697,0.17498453,0.107274407,0.20299945
NLD,2020/6/6,20,46,56,39,161,0.324203407,0.33312666,0.180708496,0.107906874,0.209237354
NLD,2020/6/7,7,38,41,16,102,0.321659798,0.345682623,0.186432461,0.10853934,0.215475259
NLD,2020/6/8,15,62,43,25,145,0.319116188,0.358238585,0.192156427,0.109171807,0.221713163
NLD,2020/6/9,16,54,34,30,134,0.30798527,0.353281151,0.197922049,0.121634647,0.225060895
NLD,2020/6/10,20,62,51,26,159,0.296854352,0.348323717,0.20368767,0.134097487,0.228408627
NLD,2020/6/11,23,43,43,25,134,0.285723434,0.343366283,0.209453291,0.146560327,0.231756359
NLD,2020/6/12,16,45,54,24,139,0.274592516,0.338408848,0.215218912,0.159023167,0.235104091
NLD,2020/6/13,12,46,37,18,113,0.263461599,0.333451414,0.220984533,0.171486006,0.238451823
NLD,2020/6/14,18,45,24,18,105,0.252330681,0.32849398,0.226750155,0.183948846,0.241799555
NLD,2020/6/15,13,45,47,11,116,0.241199763,0.323536546,0.232515776,0.196411686,0.245147287
NLD,2020/6/16,6,32,30,15,83,0.230068845,0.320338983,0.215663487,0.19296018,0.237957044
NLD,2020/6/17,10,38,28,15,91,0.218937927,0.31714142,0.198811198,0.189508675,0.2307668
NLD,2020/6/18,15,24,17,11,67,0.207807009,0.313943857,0.181958909,0.186057169,0.223576557
NLD,2020/6/19,9,27,21,15,72,0.196676091,0.310746294,0.16510662,0.182605663,0.216386313
NLD,2020/6/20,14,36,21,7,78,0.185545174,0.307548731,0.148254331,0.179154157,0.20919607
NLD,2020/6/21,7,23,19,7,56,0.174414256,0.304351168,0.131402043,0.175702652,0.202005826
NLD,2020/6/22,9,34,20,18,81,0.163283338,0.301153605,0.114549754,0.172251146,0.194815583
NLD,2020/6/23,8,27,25,13,73,0.196177299,0.296441819,0.109981543,0.159801574,0.185173972
NLD,2020/6/24,9,36,30,17,92,0.22907126,0.291730032,0.105413333,0.147352003,0.17553236
NLD,2020/6/25,9,32,26,6,73,0.261965221,0.287018245,0.100845122,0.134902431,0.165890749
NLD,2020/6/26,8,23,22,10,63,0.294859182,0.282306459,0.096276912,0.122452859,0.156249138
NLD,2020/6/27,8,35,25,9,77,0.327753143,0.277594672,0.091708702,0.110003287,0.146607527
NLD,2020/6/28,6,28,18,5,57,0.360647104,0.272882885,0.087140491,0.097553716,0.136965916
NLD,2020/6/29,12,22,24,17,75,0.393541065,0.268171099,0.082572281,0.085104144,0.127324304
NLD,2020/6/30,6,29,19,8,62,0.426435026,0.275035136,0.09390607,0.101104895,0.143029206
NLD,2020/7/1,14,30,19,11,74,0.459328987,0.281899173,0.105239858,0.117105646,0.158734107
NLD,2020/7/2,9,27,18,10,64,0.492222948,0.28876321,0.116573647,0.133106397,0.174439009
NLD,2020/7/3,6,27,12,7,52,0.525116909,0.295627247,0.127907436,0.149107148,0.19014391
NLD,2020/7/4,7,15,20,10,52,0.55801087,0.302491284,0.139241225,0.165107899,0.205848812
NLD,2020/7/5,8,15,19,10,52,0.590904831,0.309355321,0.150575014,0.181108651,0.221553713
NLD,2020/7/6,13,40,36,9,98,0.623798792,0.316219358,0.161908802,0.197109402,0.237258615
NLD,2020/7/7,12,32,28,9,81,0.558777797,0.317045009,0.15813804,0.189697213,0.230630478
NLD,2020/7/8,14,49,29,11,103,0.493756801,0.317870661,0.154367277,0.182285024,0.224002341
NLD,2020/7/9,17,34,41,6,98,0.428735806,0.318696312,0.150596514,0.174872835,0.217374205
NLD,2020/7/10,18,45,41,13,117,0.363714811,0.319521964,0.146825752,0.167460646,0.210746068
NLD,2020/7/11,18,50,35,27,130,0.298693815,0.320347615,0.143054989,0.160048457,0.204117931
NLD,2020/7/12,16,41,44,19,120,0.23367282,0.321173266,0.139284227,0.152636268,0.197489795
NLD,2020/7/13,24,65,57,29,175,0.168651825,0.321998918,0.135513464,0.145224079,0.190861658
NLD,2020/7/14,18,79,49,24,170,0.144558707,0.311963313,0.139217088,0.150801435,0.191137094
NLD,2020/7/15,23,100,57,31,211,0.120465589,0.301927709,0.142920712,0.156378791,0.19141253
NLD,2020/7/16,19,58,41,26,144,0.096372471,0.291892105,0.146624336,0.161956146,0.191687966
NLD,2020/7/17,29,55,67,36,187,0.072279353,0.281856501,0.150327961,0.167533502,0.191963402
NLD,2020/7/18,22,68,52,31,173,0.048186236,0.271820897,0.154031585,0.173110858,0.192238838
NLD,2020/7/19,19,80,56,31,186,0.024093118,0.261785292,0.157735209,0.178688214,0.192514274
NLD,2020/7/20,25,101,83,35,244,0,0.251749688,0.161438833,0.18426557,0.19278971
NLD,2020/7/21,16,115,68,31,230,0.078267164,0.268840313,0.160291305,0.191717505,0.202395488
NLD,2020/7/22,38,130,92,29,289,0.156534328,0.285930937,0.159143777,0.19916944,0.212001266
NLD,2020/7/23,19,99,63,38,219,0.234801492,0.303021562,0.15799625,0.206621375,0.221607043
NLD,2020/7/24,29,103,74,33,239,0.313068656,0.320112186,0.156848722,0.21407331,0.231212821
NLD,2020/7/25,30,135,98,59,322,0.39133582,0.337202811,0.155701194,0.221525246,0.240818598
NLD,2020/7/26,38,132,86,37,293,0.469602984,0.354293435,0.154553666,0.228977181,0.250424376
NLD,2020/7/27,55,216,127,57,455,0.547870148,0.37138406,0.153406139,0.236429116,0.260030153
NLD,2020/7/28,47,172,115,62,396,0.534784777,0.367390854,0.157217028,0.2241997,0.25537051
NLD,2020/7/29,47,217,122,61,447,0.521699407,0.363397649,0.161027916,0.211970284,0.250710866
NLD,2020/7/30,40,197,130,50,417,0.508614037,0.359404444,0.164838805,0.199740868,0.246051223
NLD,2020/7/31,43,210,151,69,473,0.495528667,0.355411239,0.168649694,0.187511453,0.24139158
NLD,2020/8/1,57,232,145,58,492,0.482443297,0.351418034,0.172460583,0.175282037,0.236731937
NLD,2020/8/2,54,246,147,60,507,0.469357927,0.347424829,0.176271472,0.163052621,0.232072293
NLD,2020/8/3,85,356,153,73,667,0.456272556,0.343431623,0.180082361,0.150823205,0.22741265
NLD,2020/8/4,65,301,151,72,589,0.443187186,0.328128881,0.18255162,0.152468909,0.222574869
NLD,2020/8/5,74,320,164,60,618,0.430101816,0.312826139,0.185020878,0.154114613,0.217737088
NLD,2020/8/6,66,265,163,72,566,0.417016446,0.297523397,0.187490137,0.155760317,0.212899308
NLD,2020/8/7,72,286,195,73,626,0.403931076,0.282220655,0.189959396,0.157406021,0.208061527
NLD,2020/8/8,64,245,154,62,525,0.390845706,0.266917913,0.192428655,0.159051725,0.203223746
NLD,2020/8/9,81,235,139,64,519,0.377760335,0.251615172,0.194897914,0.160697429,0.198385966
NLD,2020/8/10,64,308,161,87,620,0.364674965,0.23631243,0.197367172,0.162343133,0.193548185
NLD,2020/8/11,62,288,139,74,563,0.351589595,0.255013224,0.202867917,0.163988837,0.202980603
NLD,2020/8/12,89,302,148,59,598,0.338504225,0.273714019,0.208368661,0.165634541,0.212413022
NLD,2020/8/13,72,261,134,78,545,0.325418855,0.292414814,0.213869406,0.167280245,0.22184544
NLD,2020/8/14,75,258,131,64,528,0.312333485,0.311115608,0.219370151,0.16892595,0.231277859
NLD,2020/8/15,72,245,135,53,505,0.299248114,0.329816403,0.224870895,0.170571654,0.240710278
NLD,2020/8/16,46,227,125,46,444,0.286162744,0.348517198,0.23037164,0.172217358,0.250142696
NLD,2020/8/17,65,229,136,76,506,0.273077374,0.367217993,0.235872384,0.173863062,0.259575115
NLD,2020/8/18,72,250,127,45,494,0.325000419,0.34622336,0.254168195,0.173013703,0.258346724
NLD,2020/8/19,71,269,106,60,506,0.376923464,0.325228727,0.272464006,0.172164345,0.257118333
NLD,2020/8/20,54,241,141,44,480,0.428846508,0.304234094,0.290759818,0.171314986,0.255889942
NLD,2020/8/21,67,221,129,51,468,0.480769553,0.283239462,0.309055629,0.170465628,0.254661552
NLD,2020/8/22,75,276,136,51,538,0.532692598,0.262244829,0.32735144,0.16961627,0.253433161
NLD,2020/8/23,70,262,115,63,510,0.584615642,0.241250196,0.345647251,0.168766911,0.25220477
NLD,2020/8/24,71,295,153,58,577,0.636538687,0.220255563,0.363943062,0.167917553,0.250976379
NLD,2020/8/25,88,312,132,69,601,0.688461732,0.245479189,0.337566128,0.160760572,0.251290653
NLD,2020/8/26,76,320,145,77,618,0.740384776,0.270702814,0.311189194,0.153603591,0.251604926
NLD,2020/8/27,77,293,134,58,562,0.792307821,0.29592644,0.28481226,0.14644661,0.2519192
NLD,2020/8/28,77,305,153,62,597,0.844230866,0.321150065,0.258435326,0.13928963,0.252233474
NLD,2020/8/29,91,290,142,64,587,0.896153911,0.346373691,0.232058392,0.132132649,0.252547747
NLD,2020/8/30,100,292,150,53,595,0.948076955,0.371597316,0.205681458,0.124975668,0.252862021
NLD,2020/8/31,121,479,238,82,920,1,0.396820942,0.179304524,0.117818687,0.253176295
NLD,2020/9/1,129,508,230,132,999,0.937834647,0.37898929,0.184606556,0.130184626,0.251287133
NLD,2020/9/2,153,465,225,115,958,0.875669294,0.361157639,0.189908589,0.142550564,0.249397972
NLD,2020/9/3,158,413,296,109,976,0.813503941,0.343325988,0.195210622,0.154916503,0.24750881
NLD,2020/9/4,143,527,337,147,1154,0.751338589,0.325494337,0.200512654,0.167282442,0.245619649
NLD,2020/9/5,195,542,328,162,1227,0.689173236,0.307662685,0.205814687,0.17964838,0.243730487
NLD,2020/9/6,178,603,329,142,1252,0.627007883,0.289831034,0.211116719,0.192014319,0.241841326
NLD,2020/9/7,269,704,425,166,1564,0.56484253,0.271999383,0.216418752,0.204380257,0.239952165
NLD,2020/9/8,240,785,434,201,1660,0.565495895,0.277840723,0.212361132,0.199857789,0.23869465
NLD,2020/9/9,234,733,459,215,1641,0.566149259,0.283682064,0.208303512,0.195335321,0.237437134
NLD,2020/9/10,229,669,440,237,1575,0.566802624,0.289523405,0.204245893,0.190812853,0.236179619
NLD,2020/9/11,266,727,573,223,1789,0.567455988,0.295364745,0.200188273,0.186290385,0.234922104
NLD,2020/9/12,270,712,532,218,1732,0.568109353,0.301206086,0.196130653,0.181767917,0.233664589
NLD,2020/9/13,285,784,506,234,1809,0.568762717,0.307047427,0.192073034,0.177245449,0.232407074
NLD,2020/9/14,379,1088,691,341,2499,0.569416082,0.312888767,0.188015414,0.172722981,0.231149559
NLD,2020/9/15,360,1058,697,311,2426,0.570069447,0.318730108,0.183957794,0.168200513,0.229892044
NLD,2020/9/16,387,1061,734,330,2512,0.570722811,0.324571449,0.179900175,0.163678045,0.228634529
NLD,2020/9/17,413,1033,712,350,2508,0.571376176,0.330412789,0.175842555,0.159155577,0.227377014
NLD,2020/9/18,355,1039,698,335,2427,0.57202954,0.33625413,0.171784935,0.154633109,0.226119499
NLD,2020/9/19,351,999,764,359,2473,0.572682905,0.342095471,0.167727316,0.150110641,0.224861984
NLD,2020/9/20,414,1161,724,379,2678,0.573336269,0.347936811,0.163669696,0.145588173,0.223604469
NLD,2020/9/21,513,1428,972,468,3381,0.573989634,0.353778152,0.159612076,0.141065705,0.222346954
NLD,2020/9/22,441,1370,923,406,3140,0.578974887,0.374577091,0.180607896,0.174722571,0.248281399
NLD,2020/9/23,404,1340,978,473,3195,0.583960139,0.39537603,0.201603716,0.208379437,0.274215843
NLD,2020/9/24,428,1172,953,482,3035,0.588945392,0.416174969,0.222599536,0.242036303,0.300150288
NLD,2020/9/25,435,1255,1112,498,3300,0.593930645,0.436973908,0.243595356,0.275693169,0.326084733
NLD,2020/9/26,399,1269,1076,502,3246,0.598915898,0.457772847,0.264591176,0.309350035,0.352019178
NLD,2020/9/27,488,1337,1054,539,3418,0.60390115,0.478571786,0.285586996,0.343006901,0.377953622
NLD,2020/9/28,668,1882,1479,802,4831,0.608886403,0.499370725,0.306582816,0.376663767,0.403888067
NLD,2020/9/29,576,1871,1474,724,4645,0.621456495,0.501042719,0.31922277,0.406987452,0.4156178
NLD,2020/9/30,582,1884,1546,861,4873,0.634026586,0.502714713,0.331862724,0.437311136,0.427347532
NLD,2020/10/1,647,1967,1719,971,5304,0.646596678,0.504386708,0.344502679,0.46763482,0.439077265
NLD,2020/10/2,682,2037,1935,992,5646,0.659166769,0.506058702,0.357142633,0.497958505,0.450806997
NLD,2020/10/3,661,2077,1902,1028,5668,0.671736861,0.507730697,0.369782588,0.528282189,0.46253673
NLD,2020/10/4,733,2027,1755,912,5427,0.684306952,0.509402691,0.382422542,0.558605874,0.474266462
NLD,2020/10/5,925,2558,2270,1324,7077,0.696877044,0.511074685,0.395062496,0.588929558,0.485996195
NLD,2020/10/6,780,2331,2146,1210,6467,0.709447135,0.544665477,0.44261187,0.612004552,0.523230756
NLD,2020/10/7,801,2480,2327,1343,6951,0.722017227,0.578256269,0.490161245,0.635079546,0.560465317
NLD,2020/10/8,775,2353,2335,1316,6779,0.734587318,0.611847061,0.537710619,0.65815454,0.597699879
NLD,2020/10/9,822,2477,2549,1356,7204,0.74715741,0.645437852,0.585259993,0.681229534,0.63493444
NLD,2020/10/10,931,2530,2580,1476,7517,0.759727501,0.679028644,0.632809367,0.704304528,0.672169002
NLD,2020/10/11,813,2529,2371,1262,6975,0.772297593,0.712619436,0.680358741,0.727379522,0.709403563
NLD,2020/10/12,1136,3083,2890,1675,8784,0.784867684,0.746210228,0.727908115,0.750454516,0.746638124
NLD,2020/10/13,1030,2990,2897,1524,8441,0.797437776,0.741762245,0.734971535,0.766840303,0.750553747
NLD,2020/10/14,1060,3089,2947,1696,8792,0.810007867,0.737314262,0.742034955,0.783226091,0.75446937
NLD,2020/10/15,994,2834,2840,1625,8293,0.822577959,0.732866279,0.749098374,0.799611878,0.758384993
NLD,2020/10/16,994,3003,3076,1714,8787,0.83514805,0.728418297,0.756161794,0.815997666,0.762300616
NLD,2020/10/17,975,3014,3096,1660,8745,0.847718142,0.723970314,0.763225214,0.832383453,0.766216239
NLD,2020/10/18,1008,2772,2760,1568,8108,0.860288233,0.719522331,0.770288633,0.848769241,0.770131862
NLD,2020/10/19,1063,3446,3415,2001,9925,0.872858325,0.715074348,0.777352053,0.865155028,0.774047485
NLD,2020/10/20,1084,3356,3272,1965,9677,0.844639051,0.701813293,0.756530277,0.865934511,0.77427849
NLD,2020/10/21,1067,3255,3189,1967,9478,0.816419777,0.688552237,0.735708502,0.866713994,0.774509496
NLD,2020/10/22,1014,2995,3019,1933,8961,0.788200502,0.675291181,0.714886726,0.867493477,0.774740502
NLD,2020/10/23,1040,3006,3150,2008,9204,0.759981228,0.662030125,0.694064951,0.86827296,0.774971508
NLD,2020/10/24,1044,2913,2978,1834,8769,0.731761954,0.648769069,0.673243175,0.869052443,0.775202514
NLD,2020/10/25,1005,2579,2739,1706,8029,0.70354268,0.635508013,0.652421399,0.869831926,0.775433519
NLD,2020/10/26,1112,2987,3130,1948,9177,0.675323406,0.622246957,0.631599624,0.870611409,0.775664525
NLD,2020/10/27,978,2565,2678,1721,7942,0.703674472,0.634848223,0.660049307,0.864907018,0.776048358
NLD,2020/10/28,923,2481,2499,1741,7644,0.732025539,0.647449489,0.688498991,0.859202627,0.776432192
NLD,2020/10/29,782,2250,2390,1686,7108,0.760376605,0.660050755,0.716948674,0.853498236,0.776816025
NLD,2020/10/30,794,2168,2379,1577,6918,0.788727672,0.67265202,0.745398358,0.847793846,0.777199858
NLD,2020/10/31,759,2052,2233,1394,6438,0.817078738,0.685253286,0.773848041,0.842089455,0.777583691
NLD,2020/11/1,779,2006,2075,1389,6249,0.845429805,0.697854552,0.802297725,0.836385064,0.777967524
NLD,2020/11/2,795,2063,2000,1502,6360,0.873780871,0.710455817,0.830747408,0.830680674,0.778351358
NLD,2020/11/3,741,1937,1877,1300,5855,0.868818897,0.710371295,0.836389902,0.833816741,0.783412135
NLD,2020/11/4,732,1831,1850,1270,5683,0.863856922,0.710286772,0.842032396,0.836952808,0.788472912
NLD,2020/11/5,645,1684,1684,1213,5226,0.858894948,0.710202249,0.84767489,0.840088875,0.793533689
NLD,2020/11/6,675,1643,1773,1247,5338,0.853932973,0.710117727,0.853317383,0.843224942,0.798594466
NLD,2020/11/7,670,1550,1724,1052,4996,0.848970999,0.710033204,0.858959877,0.846361009,0.803655243
NLD,2020/11/8,638,1609,1584,1038,4869,0.844009024,0.709948681,0.864602371,0.849497076,0.80871602
NLD,2020/11/9,846,1731,1880,1258,5715,0.83904705,0.709864159,0.870244864,0.852633144,0.813776798
NLD,2020/11/10,768,1670,1735,1152,5325,0.84003819,0.691062975,0.852142147,0.848205727,0.798168975
NLD,2020/11/11,785,1770,1860,1255,5670,0.84102933,0.672261792,0.834039429,0.843778311,0.782561153
NLD,2020/11/12,707,1528,1682,1149,5066,0.84202047,0.653460608,0.815936711,0.839350895,0.766953331
NLD,2020/11/13,749,1522,1715,1175,5161,0.84301161,0.634659425,0.797833993,0.834923479,0.751345509
NLD,2020/11/14,771,1539,1777,1102,5189,0.84400275,0.615858242,0.779731275,0.830496063,0.735737687
NLD,2020/11/15,840,1551,1580,955,4926,0.84499389,0.597057058,0.761628557,0.826068647,0.720129865
NLD,2020/11/16,988,1723,1926,1227,5864,0.84598503,0.578255875,0.743525839,0.82164123,0.704522043
NLD,2020/11/17,917,1654,1807,1096,5474,0.84697617,0.587943513,0.750443063,0.826894405,0.712173785
NLD,2020/11/18,901,1557,1733,1061,5252,0.84796731,0.597631152,0.757360288,0.83214758,0.719825527
NLD,2020/11/19,880,1425,1535,974,4814,0.84895845,0.60731879,0.764277512,0.837400755,0.727477269
NLD,2020/11/20,800,1449,1549,1035,4833,0.84994959,0.617006429,0.771194736,0.84265393,0.735129011
NLD,2020/11/21,851,1377,1542,918,4688,0.85094073,0.626694067,0.77811196,0.847907105,0.742780753
NLD,2020/11/22,844,1239,1395,813,4291,0.85193187,0.636381705,0.785029184,0.85316028,0.750432495
NLD,2020/11/23,1065,1585,1665,1018,5333,0.85292301,0.646069344,0.791946408,0.858413455,0.758084237
NLD,2020/11/24,883,1467,1528,984,4862,0.85391415,0.655756982,0.798863633,0.86366663,0.765735979
NLD,2020/11/25,865,1390,1580,965,4800,0.85490529,0.665444621,0.805780857,0.868919805,0.773387721
NLD,2020/11/26,868,1314,1469,968,4619,0.85589643,0.675132259,0.812698081,0.87417298,0.781039463
NLD,2020/11/27,911,1398,1632,1001,4942,0.85688757,0.684819898,0.819615305,0.879426155,0.788691205
NLD,2020/11/28,829,1391,1693,1018,4931,0.85787871,0.694507536,0.826532529,0.88467933,0.796342947
NLD,2020/11/29,930,1438,1490,911,4769,0.85886985,0.704195175,0.833449753,0.889932505,0.803994689
NLD,2020/11/30,1253,1849,1985,1288,6375,0.85986099,0.713882813,0.840366977,0.89518568,0.811646431
NLD,2020/12/1,1142,1969,2051,1371,6533,0.86085213,0.723570452,0.847284202,0.900438855,0.819298173
NLD,2020/12/2,1256,1871,2165,1396,6688,0.86184327,0.73325809,0.854201426,0.90569203,0.826949915
NLD,2020/12/3,1336,1786,2148,1373,6643,0.86283441,0.742945729,0.86111865,0.910945205,0.834601657
NLD,2020/12/4,1451,1945,2347,1413,7156,0.86382555,0.752633367,0.868035874,0.91619838,0.842253399
NLD,2020/12/5,1505,1987,2404,1453,7349,0.86481669,0.762321006,0.874953098,0.921451555,0.849905141
NLD,2020/12/6,1584,2079,2339,1428,7430,0.86580783,0.772008644,0.881870322,0.92670473,0.857556883
NLD,2020/12/7,1963,2512,2800,1811,9086,0.86679897,0.781696283,0.888787547,0.931957905,0.865208625
NLD,2020/12/8,1853,2710,3032,1997,9592,0.86779011,0.791383921,0.895704771,0.93721108,0.872860367
NLD,2020/12/9,1885,2690,3033,1966,9574,0.86878125,0.80107156,0.902621995,0.942464255,0.880512109
NLD,2020/12/10,1777,2452,2958,2052,9239,0.86977239,0.810759198,0.909539219,0.94771743,0.888163851
NLD,2020/12/11,1804,2690,3292,2136,9922,0.87076353,0.820446837,0.916456443,0.952970605,0.895815593
NLD,2020/12/12,1798,2748,3293,2150,9989,0.87175467,0.830134475,0.923373667,0.95822378,0.903467335
NLD,2020/12/13,1812,2835,3209,2048,9904,0.87274581,0.839822114,0.930290891,0.963476955,0.911119077
NLD,2020/12/14,2161,3483,4122,2550,12316,0.87373695,0.849509752,0.937208116,0.96873013,0.918770819
NLD,2020/12/15,2100,3509,4007,2546,12162,0.873988648,0.847877511,0.934022512,0.96654103,0.916561772
NLD,2020/12/16,1947,3300,3828,2733,11808,0.874240345,0.846245269,0.930836908,0.964351929,0.914352725
NLD,2020/12/17,1665,3109,3634,2530,10938,0.874492043,0.844613028,0.927651304,0.962162829,0.912143678
NLD,2020/12/18,1660,3075,3731,2488,10954,0.874743741,0.842980787,0.9244657,0.959973728,0.909934631
NLD,2020/12/19,1624,2914,3705,2289,10532,0.874995438,0.841348545,0.921280097,0.957784627,0.907725584
NLD,2020/12/20,1429,2799,3250,2189,9667,0.875247136,0.839716304,0.918094493,0.955595527,0.905516537
NLD,2020/12/21,1527,3162,3626,2557,10872,0.875498833,0.838084063,0.914908889,0.953406426,0.90330749
NLD,2020/12/22,1427,2918,3348,2407,10100,0.875750531,0.836451821,0.911723285,0.951217326,0.901098443
NLD,2020/12/23,1350,2576,2934,2225,9085,0.876002229,0.83481958,0.908537681,0.949028225,0.898889396
NLD,2020/12/24,1220,2398,2844,2272,8734,0.876253926,0.833187339,0.905352078,0.946839124,0.896680349
NLD,2020/12/25,1038,2137,2597,1971,7743,0.876505624,0.831555097,0.902166474,0.944650024,0.894471302
NLD,2020/12/26,975,2200,2541,1740,7456,0.876757322,0.829922856,0.89898087,0.942460923,0.892262255
NLD,2020/12/27,1002,2457,2595,1917,7971,0.877009019,0.828290614,0.895795266,0.940271823,0.890053208
NLD,2020/12/28,1128,2694,2958,2294,9074,0.877260717,0.826658373,0.892609662,0.938082722,0.887844161
NLD,2020/12/29,984,2548,2573,2163,8268,0.877512415,0.825026132,0.889424059,0.935893621,0.885635114
NLD,2020/12/30,892,2173,2321,1918,7304,0.877764112,0.82339389,0.886238455,0.933704521,0.883426067
NLD,2020/12/31,901,2036,2182,1913,7032,0.87801581,0.821761649,0.883052851,0.93151542,0.88121702
NLD,2021/1/1,958,2153,2135,1573,6819,0.878267507,0.820129408,0.879867247,0.929326319,0.879007973
NLD,2021/1/2,943,2297,2213,1589,7042,0.878519205,0.818497166,0.876681643,0.927137219,0.876798926
NLD,2021/1/3,1135,2581,2211,1645,7572,0.878770903,0.816864925,0.87349604,0.924948118,0.874589879
NLD,2021/1/4,1237,2754,2503,1863,8357,0.8790226,0.815232684,0.870310436,0.922759018,0.872380832
NLD,2021/1/5,1025,2283,2076,1694,7078,0.896305086,0.808911168,0.874661369,0.923919892,0.872061904
NLD,2021/1/6,1055,2113,1965,1645,6778,0.913587572,0.802589652,0.879012302,0.925080767,0.871742975
NLD,2021/1/7,898,1827,1901,1477,6103,0.930870057,0.796268136,0.883363235,0.926241641,0.871424047
NLD,2021/1/8,798,1656,1869,1457,5780,0.948152543,0.78994662,0.887714168,0.927402516,0.871105119
NLD,2021/1/9,695,1629,1823,1321,5468,0.965435029,0.783625104,0.892065101,0.92856339,0.870786191
NLD,2021/1/10,695,1488,1748,1267,5198,0.982717514,0.777303588,0.896416034,0.929724265,0.870467262
NLD,2021/1/11,751,1771,1930,1596,6048,1,0.770982072,0.900766967,0.930885139,0.870148334
NLD,2021/1/12,830,1828,1832,1494,5984,0.970170903,0.773722108,0.904238179,0.933003345,0.872517186
NLD,2021/1/13,748,1689,1869,1444,5750,0.940341806,0.776462144,0.907709391,0.93512155,0.874886037
NLD,2021/1/14,673,1562,1639,1223,5097,0.910512708,0.77920218,0.911180603,0.937239755,0.877254888
NLD,2021/1/15,602,1615,1703,1424,5344,0.880683611,0.781942217,0.914651815,0.939357961,0.87962374
NLD,2021/1/16,645,1475,1678,1107,4905,0.850854514,0.784682253,0.918123027,0.941476166,0.881992591
NLD,2021/1/17,612,1486,1515,1067,4680,0.821025417,0.787422289,0.921594239,0.943594371,0.884361443
NLD,2021/1/18,722,1698,1776,1375,5571,0.79119632,0.790162325,0.925065451,0.945712577,0.886730294
NLD,2021/1/19,673,1668,1655,1314,5310,0.821025417,0.788656232,0.924061762,0.941439841,0.884187203
NLD,2021/1/20,674,1589,1707,1341,5311,0.850854514,0.787150139,0.923058073,0.937167105,0.881644111
NLD,2021/1/21,587,1453,1457,1132,4629,0.880683611,0.785644046,0.922054384,0.932894369,0.879101019
NLD,2021/1/22,580,1348,1486,1148,4562,0.910512708,0.784137953,0.921050695,0.928621633,0.876557928
NLD,2021/1/23,573,1275,1422,980,4250,0.940341806,0.78263186,0.920047006,0.924348897,0.874014836
NLD,2021/1/24,499,1176,1264,910,3849,0.970170903,0.781125767,0.919043317,0.920076161,0.871471744
NLD,2021/1/25,598,1328,1413,1145,4484,1,0.779619674,0.918039628,0.915803424,0.868928653
NLD,2021/1/26,559,1275,1311,1028,4173,0.987886295,0.78159736,0.912109162,0.910784814,0.868011221
NLD,2021/1/27,594,1279,1338,1079,4290,0.97577259,0.783575047,0.906178696,0.905766204,0.86709379
NLD,2021/1/28,505,1127,1252,974,3858,0.963658885,0.785552734,0.90024823,0.900747594,0.866176359
NLD,2021/1/29,498,1200,1235,902,3835,0.95154518,0.787530421,0.894317764,0.895728984,0.865258927
NLD,2021/1/30,516,1036,1208,807,3567,0.939431475,0.789508108,0.888387298,0.890710374,0.864341496
NLD,2021/1/31,481,1017,1119,781,3398,0.927317771,0.791485795,0.882456831,0.885691764,0.863424065
NLD,2021/2/1,570,1229,1290,989,4078,0.915204066,0.793463482,0.876526365,0.880673154,0.862506633
NLD,2021/2/2,548,1157,1198,932,3835,0.903090361,0.792535374,0.88095619,0.88340109,0.862981221
NLD,2021/2/3,552,1142,1242,933,3869,0.890976656,0.791607266,0.885386014,0.886129026,0.863455808
NLD,2021/2/4,479,1113,1100,903,3595,0.878862951,0.790679158,0.889815839,0.888856962,0.863930396
NLD,2021/2/5,516,1032,1154,901,3603,0.866749246,0.78975105,0.894245663,0.891584898,0.864404983
NLD,2021/2/6,514,931,1067,791,3303,0.854635541,0.788822942,0.898675487,0.894312833,0.864879571
NLD,2021/2/7,392,938,988,679,2997,0.842521836,0.787894834,0.903105312,0.897040769,0.865354158
NLD,2021/2/8,480,1066,1080,860,3486,0.830408131,0.786966726,0.907535136,0.899768705,0.865828746
NLD,2021/2/9,569,1159,1171,938,3837,0.830408131,0.786966726,0.907535136,0.899768705,0.865828746
NLD,2021/2/10,579,1150,1080,831,3640,0.830408131,0.786966726,0.907535136,0.899768705,0.865828746
NLD,2021/2/11,508,1048,1081,840,3477,0.830408131,0.786966726,0.907535136,0.899768705,0.865828746
NLD,2021/2/12,508,1016,1127,794,3445,0.830408131,0.786966726,0.907535136,0.899768705,0.865828746
NLD,2021/2/13,521,990,1142,732,3385,0.830408131,0.786966726,0.907535136,0.899768705,0.865828746
NLD,2021/2/14,569,1109,1084,738,3500,0.830408131,0.786966726,0.907535136,0.899768705,0.865828746
NLD,2021/2/15,633,1267,1290,874,4064,0.830408131,0.786966726,0.907535136,0.899768705,0.865828746
NLD,2021/2/16,657,1394,1362,989,4402,0.830408131,0.786966726,0.907535136,0.899768705,0.865828746
NLD,2021/2/17,819,1469,1347,960,4595,0.830408131,0.786966726,0.907535136,0.899768705,0.865828746
NLD,2021/2/18,785,1331,1377,936,4429,0.830408131,0.786966726,0.907535136,0.899768705,0.865828746
NLD,2021/2/19,725,1376,1327,919,4347,0.830408131,0.786966726,0.907535136,0.899768705,0.865828746
NLD,2021/2/20,790,1346,1398,807,4341,0.830408131,0.786966726,0.907535136,0.899768705,0.865828746
NLD,2021/2/21,765,1320,1286,815,4186,0.830408131,0.786966726,0.907535136,0.899768705,0.865828746
NLD,2021/2/22,935,1530,1482,932,4879,0.830408131,0.786966726,0.907535136,0.899768705,0.865828746
NLD,2021/2/23,903,1513,1358,919,4693,0.830408131,0.786966726,0.907535136,0.899768705,0.865828746
NLD,2021/2/24,910,1451,1364,941,4666,0.830408131,0.786966726,0.907535136,0.899768705,0.865828746
NLD,2021/2/25,834,1287,1263,824,4208,0.830408131,0.786966726,0.907535136,0.899768705,0.865828746
NLD,2021/2/26,829,1332,1296,794,4251,0.830408131,0.786966726,0.907535136,0.899768705,0.865828746
NLD,2021/2/27,875,1300,1301,776,4252,0.830408131,0.786966726,0.907535136,0.899768705,0.865828746
NLD,2021/2/28,904,1249,1165,741,4059,0.830408131,0.786966726,0.907535136,0.899768705,0.865828746
NLD,2021/3/1,970,1601,1446,869,4886,0.830408131,0.786966726,0.907535136,0.899768705,0.865828746
NLD,2021/3/2,977,1582,1339,773,4671,0.830408131,0.786966726,0.907535136,0.899768705,0.865828746
NLD,2021/3/3,997,1557,1392,799,4745,0.830408131,0.786966726,0.907535136,0.899768705,0.865828746
NLD,2021/3/4,884,1388,1267,789,4328,0.830408131,0.786966726,0.907535136,0.899768705,0.865828746
NLD,2021/3/5,982,1495,1556,788,4821,0.830408131,0.786966726,0.907535136,0.899768705,0.865828746
NLD,2021/3/6,1019,1493,1490,784,4786,0.830408131,0.786966726,0.907535136,0.899768705,0.865828746
NLD,2021/3/7,1076,1494,1417,768,4755,0.830408131,0.786966726,0.907535136,0.899768705,0.865828746
NLD,2021/3/8,1273,1792,1693,936,5694,0.830408131,0.786966726,0.907535136,0.899768705,0.865828746
NLD,2021/3/9,1227,1777,1809,957,5770,0.830408131,0.786966726,0.907535136,0.899768705,0.865828746
NLD,2021/3/10,1321,1929,1846,1007,6103,0.830408131,0.786966726,0.907535136,0.899768705,0.865828746
NLD,2021/3/11,1329,1831,1701,954,5815,0.830408131,0.786966726,0.907535136,0.899768705,0.865828746
NLD,2021/3/12,1272,1882,1925,973,6052,0.830408131,0.786966726,0.907535136,0.899768705,0.865828746
NLD,2021/3/13,1348,1792,1967,960,6067,0.830408131,0.786966726,0.907535136,0.899768705,0.865828746
NLD,2021/3/14,1301,1743,1709,858,5611,0.830408131,0.786966726,0.907535136,0.899768705,0.865828746
NLD,2021/3/15,1519,2103,1971,1073,6666,0.830408131,0.786966726,0.907535136,0.899768705,0.865828746
NLD,2021/3/16,1488,2165,2137,1064,6854,0.830408131,0.786966726,0.907535136,0.899768705,0.865828746
NLD,2021/3/17,1654,2240,2071,1105,7070,0.830408131,0.786966726,0.907535136,0.899768705,0.865828746
NLD,2021/3/18,1585,2073,2014,998,6670,0.830408131,0.786966726,0.907535136,0.899768705,0.865828746
NLD,2021/3/19,1507,2121,2021,1071,6720,0.830408131,0.786966726,0.907535136,0.899768705,0.865828746
NLD,2021/3/20,1574,2097,2136,1059,6866,0.830408131,0.786966726,0.907535136,0.899768705,0.865828746
NLD,2021/3/21,1570,2010,1989,1088,6657,0.830408131,0.786966726,0.907535136,0.899768705,0.865828746
NLD,2021/3/22,1766,2340,2261,1231,7598,0.830408131,0.786966726,0.907535136,0.899768705,0.865828746
NLD,2021/3/23,1739,2411,2409,1135,7694,0.830408131,0.786966726,0.907535136,0.899768705,0.865828746
NLD,2021/3/24,1817,2510,2259,1222,7808,0.830408131,0.786966726,0.907535136,0.899768705,0.865828746
NLD,2021/3/25,1725,2216,2163,1170,7274,0.830408131,0.786966726,0.907535136,0.899768705,0.865828746
NLD,2021/3/26,1598,2283,2313,1152,7346,0.830408131,0.786966726,0.907535136,0.899768705,0.865828746
NLD,2021/3/27,1546,2137,2195,1073,6951,0.830408131,0.786966726,0.907535136,0.899768705,0.865828746
NLD,2021/3/28,1449,1973,1949,941,6312,0.830408131,0.786966726,0.907535136,0.899768705,0.865828746
NLD,2021/3/29,1640,2298,2208,1175,7321,0.830408131,0.786966726,0.907535136,0.899768705,0.865828746
NLD,2021/3/30,1600,2350,2127,1086,7163,0.830408131,0.786966726,0.907535136,0.899768705,0.865828746
NLD,2021/3/31,1684,2343,2173,1173,7373,0.830408131,0.786966726,0.907535136,0.899768705,0.865828746
PRT,2020/3/3,0,2,1,1,4,0.373768314,0.497752047,0.511169339,0.490109426,0.489419538
PRT,2020/3/4,0,0,2,0,2,0.373768314,0.497752047,0.511169339,0.490109426,0.489419538
PRT,2020/3/5,0,0,2,1,3,0.373768314,0.497752047,0.511169339,0.490109426,0.489419538
PRT,2020/3/6,0,0,3,1,4,0.373768314,0.497752047,0.511169339,0.490109426,0.489419538
PRT,2020/3/7,3,2,2,1,8,0.373768314,0.497752047,0.511169339,0.490109426,0.489419538
PRT,2020/3/8,2,2,3,2,9,0.373768314,0.497752047,0.511169339,0.490109426,0.489419538
PRT,2020/3/9,1,2,5,1,9,0.373768314,0.497752047,0.511169339,0.490109426,0.489419538
PRT,2020/3/10,0,0,0,2,2,0.373768314,0.497752047,0.511169339,0.490109426,0.489419538
PRT,2020/3/11,6,5,3,4,18,0.373768314,0.497752047,0.511169339,0.490109426,0.489419538
PRT,2020/3/12,1,8,9,1,19,0.373768314,0.497752047,0.511169339,0.490109426,0.489419538
PRT,2020/3/13,3,14,12,5,34,0.373768314,0.497752047,0.511169339,0.490109426,0.489419538
PRT,2020/3/14,4,21,25,7,57,0.373768314,0.497752047,0.511169339,0.490109426,0.489419538
PRT,2020/3/15,6,27,29,14,76,0.373768314,0.497752047,0.511169339,0.490109426,0.489419538
PRT,2020/3/16,4,20,24,37,85,0.373768314,0.497752047,0.511169339,0.490109426,0.489419538
PRT,2020/3/17,5,40,46,27,118,0.373768314,0.497752047,0.511169339,0.490109426,0.489419538
PRT,2020/3/18,17,61,64,52,194,0.373768314,0.497752047,0.511169339,0.490109426,0.489419538
PRT,2020/3/19,4,44,58,37,143,0.373768314,0.497752047,0.511169339,0.490109426,0.489419538
PRT,2020/3/20,6,65,82,81,234,0.373768314,0.497752047,0.511169339,0.490109426,0.489419538
PRT,2020/3/21,5,78,86,92,261,0.373768314,0.497752047,0.511169339,0.490109426,0.489419538
PRT,2020/3/22,13,84,140,83,320,0.373768314,0.497752047,0.511169339,0.490109426,0.489419538
PRT,2020/3/23,11,112,169,168,460,0.373768314,0.497752047,0.511169339,0.490109426,0.489419538
PRT,2020/3/24,0,85,106,112,303,0.373768314,0.497752047,0.511169339,0.490109426,0.489419538
PRT,2020/3/25,21,166,215,231,633,0.373768314,0.497752047,0.511169339,0.490109426,0.489419538
PRT,2020/3/26,32,140,222,155,549,0.373768314,0.497752047,0.511169339,0.490109426,0.489419538
PRT,2020/3/27,10,126,288,296,720,0.373768314,0.497752047,0.511169339,0.490109426,0.489419538
PRT,2020/3/28,26,215,337,328,906,0.373768314,0.497752047,0.511169339,0.490109426,0.489419538
PRT,2020/3/29,23,171,297,301,792,0.373768314,0.497752047,0.511169339,0.490109426,0.489419538
PRT,2020/3/30,18,112,130,186,446,0.373768314,0.497752047,0.511169339,0.490109426,0.489419538
PRT,2020/3/31,58,268,369,340,1035,0.373768314,0.497752047,0.511169339,0.490109426,0.489419538
PRT,2020/4/1,31,175,267,335,808,0.373768314,0.497752047,0.511169339,0.490109426,0.489419538
PRT,2020/4/2,25,179,285,294,783,0.373768314,0.497752047,0.511169339,0.490109426,0.489419538
PRT,2020/4/3,35,254,332,231,852,0.373768314,0.497752047,0.511169339,0.490109426,0.489419538
PRT,2020/4/4,33,171,223,211,638,0.373768314,0.497752047,0.511169339,0.490109426,0.489419538
PRT,2020/4/5,36,201,255,262,754,0.373768314,0.497752047,0.511169339,0.490109426,0.489419538
PRT,2020/4/6,21,96,138,197,452,0.373768314,0.497752047,0.511169339,0.490109426,0.489419538
PRT,2020/4/7,26,166,226,294,712,0.373768314,0.497752047,0.511169339,0.490109426,0.489419538
PRT,2020/4/8,30,175,277,217,699,0.373768314,0.497752047,0.511169339,0.490109426,0.489419538
PRT,2020/4/9,42,170,208,395,815,0.373768314,0.497752047,0.511169339,0.490109426,0.489419538
PRT,2020/4/10,88,366,507,555,1516,0.373768314,0.497752047,0.511169339,0.490109426,0.489419538
PRT,2020/4/11,35,72,162,246,515,0.373768314,0.497752047,0.511169339,0.490109426,0.489419538
PRT,2020/4/12,33,140,177,248,598,0.373768314,0.497752047,0.511169339,0.490109426,0.489419538
PRT,2020/4/13,6,100,88,155,349,0.373768314,0.497752047,0.511169339,0.490109426,0.489419538
PRT,2020/4/14,22,107,159,226,514,0.373768314,0.497752047,0.511169339,0.490109426,0.489419538
PRT,2020/4/15,33,162,224,224,643,0.373768314,0.497752047,0.511169339,0.490109426,0.489419538
PRT,2020/4/16,32,214,289,215,750,0.373768314,0.497752047,0.511169339,0.490109426,0.489419538
PRT,2020/4/17,3,44,56,78,181,0.373768314,0.497752047,0.511169339,0.490109426,0.489419538
PRT,2020/4/18,27,186,208,242,663,0.373768314,0.497752047,0.511169339,0.490109426,0.489419538
PRT,2020/4/19,45,132,173,171,521,0.373768314,0.497752047,0.511169339,0.490109426,0.489419538
PRT,2020/4/20,59,251,197,150,657,0.373768314,0.497752047,0.511169339,0.490109426,0.489419538
PRT,2020/4/21,6,131,110,269,516,0.373768314,0.497752047,0.511169339,0.490109426,0.489419538
PRT,2020/4/22,62,170,220,151,603,0.373768314,0.497752047,0.511169339,0.490109426,0.489419538
PRT,2020/4/23,11,129,93,138,371,0.373768314,0.497752047,0.511169339,0.490109426,0.489419538
PRT,2020/4/24,12,136,107,189,444,0.373768314,0.497752047,0.511169339,0.490109426,0.489419538
PRT,2020/4/25,20,114,175,165,474,0.373768314,0.497752047,0.511169339,0.490109426,0.489419538
PRT,2020/4/26,27,96,107,182,412,0.373768314,0.497752047,0.511169339,0.490109426,0.489419538
PRT,2020/4/27,10,28,51,74,163,0.405323568,0.527422552,0.541276948,0.512536038,0.517682131
PRT,2020/4/28,19,65,86,125,295,0.436878823,0.557093057,0.571384556,0.534962651,0.545944723
PRT,2020/4/29,8,44,64,67,183,0.468434077,0.586763562,0.601492165,0.557389263,0.574207316
PRT,2020/4/30,20,137,128,83,368,0.499989331,0.616434068,0.631599774,0.579815875,0.602469909
PRT,2020/5/1,17,97,106,75,295,0.531544585,0.646104573,0.661707383,0.602242487,0.630732502
PRT,2020/5/2,14,79,64,46,203,0.56309984,0.675775078,0.691814991,0.6246691,0.658995094
PRT,2020/5/3,0,3,4,4,11,0.594655094,0.705445583,0.7219226,0.647095712,0.687257687
PRT,2020/5/4,29,113,98,83,323,0.616964544,0.724878997,0.737828886,0.659768502,0.704043967
PRT,2020/5/5,15,36,26,101,178,0.639273994,0.74431241,0.753735173,0.672441292,0.720830248
PRT,2020/5/6,11,196,200,73,480,0.661583444,0.763745824,0.769641459,0.685114082,0.737616528
PRT,2020/5/7,37,205,189,102,533,0.683892895,0.783179238,0.785547746,0.697786873,0.754402808
PRT,2020/5/8,25,192,195,141,553,0.706202345,0.802612652,0.801454032,0.710459663,0.771189088
PRT,2020/5/9,13,32,32,61,138,0.728511795,0.822046065,0.817360319,0.723132453,0.787975369
PRT,2020/5/10,14,64,62,35,175,0.750821245,0.841479479,0.833266605,0.735805243,0.804761649
PRT,2020/5/11,12,25,25,36,98,0.758927862,0.844846946,0.833943966,0.735205633,0.80679274
PRT,2020/5/12,20,76,81,57,234,0.767034479,0.848214413,0.834621327,0.734606022,0.808823832
PRT,2020/5/13,14,84,71,50,219,0.775141096,0.85158188,0.835298688,0.734006412,0.810854923
PRT,2020/5/14,15,68,76,28,187,0.783247712,0.854949346,0.835976049,0.733406801,0.812886015
PRT,2020/5/15,21,115,70,58,264,0.791354329,0.858316813,0.83665341,0.732807191,0.814917106
PRT,2020/5/16,25,74,71,57,227,0.799460946,0.86168428,0.837330771,0.73220758,0.816948198
PRT,2020/5/17,17,75,98,36,226,0.807567563,0.865051747,0.838008132,0.73160797,0.818979289
PRT,2020/5/18,16,75,60,22,173,0.808530802,0.864771537,0.840238114,0.741033946,0.822002023
PRT,2020/5/19,10,89,74,50,223,0.80949404,0.864491328,0.842468095,0.750459923,0.825024756
PRT,2020/5/20,20,92,81,35,228,0.810457279,0.864211118,0.844698077,0.759885899,0.82804749
PRT,2020/5/21,22,97,85,48,252,0.811420517,0.863930909,0.846928058,0.769311875,0.831070224
PRT,2020/5/22,28,115,81,64,288,0.812383756,0.863650699,0.84915804,0.778737851,0.834092958
PRT,2020/5/23,22,108,77,64,271,0.813346994,0.86337049,0.851388021,0.788163828,0.837115691
PRT,2020/5/24,20,61,37,34,152,0.814310233,0.86309028,0.853618003,0.797589804,0.840138425
PRT,2020/5/25,16,77,46,26,165,0.816906486,0.866361713,0.855937555,0.800050672,0.84276464
PRT,2020/5/26,28,77,44,70,219,0.819502739,0.869633146,0.858257108,0.80251154,0.845390854
PRT,2020/5/27,28,122,103,32,285,0.822098992,0.872904579,0.86057666,0.804972408,0.848017069
PRT,2020/5/28,34,122,91,57,304,0.824695244,0.876176012,0.862896213,0.807433275,0.850643283
PRT,2020/5/29,33,126,87,104,350,0.827291497,0.879447445,0.865215765,0.809894143,0.853269498
PRT,2020/5/30,24,115,78,40,257,0.82988775,0.882718878,0.867535318,0.812355011,0.855895712
PRT,2020/5/31,36,123,91,47,297,0.832484003,0.885990311,0.86985487,0.814815879,0.858521927
PRT,2020/6/1,28,83,42,47,200,0.837294426,0.887054954,0.871522424,0.817285954,0.860445585
PRT,2020/6/2,24,74,55,36,189,0.842104849,0.888119598,0.873189979,0.819756029,0.862369242
PRT,2020/6/3,41,131,110,90,372,0.846915272,0.889184241,0.874857533,0.822226104,0.8642929
PRT,2020/6/4,25,158,116,32,331,0.851725695,0.890248885,0.876525087,0.824696179,0.866216558
PRT,2020/6/5,36,176,110,55,377,0.856536118,0.891313528,0.878192641,0.827166254,0.868140216
PRT,2020/6/6,38,165,129,50,382,0.861346541,0.892378172,0.879860196,0.829636329,0.870063873
PRT,2020/6/7,35,109,107,58,309,0.866156964,0.893442815,0.88152775,0.832106404,0.871987531
PRT,2020/6/8,35,60,54,43,192,0.865723568,0.894852596,0.882741796,0.831053083,0.872573328
PRT,2020/6/9,28,163,135,92,418,0.865290171,0.896262376,0.883955843,0.829999763,0.873159125
PRT,2020/6/10,51,107,95,52,305,0.864856775,0.897672157,0.885169889,0.828946442,0.873744922
PRT,2020/6/11,48,141,79,41,309,0.864423379,0.899081938,0.886383936,0.827893121,0.874330719
PRT,2020/6/12,51,106,75,39,271,0.863989983,0.900491719,0.887597982,0.8268398,0.874916516
PRT,2020/6/13,14,100,101,68,283,0.863556586,0.901901499,0.888812029,0.82578648,0.875502313
PRT,2020/6/14,30,94,73,25,222,0.86312319,0.90331128,0.890026075,0.824733159,0.87608811
PRT,2020/6/15,26,137,104,84,351,0.866228246,0.904470213,0.891455613,0.826645337,0.877750903
PRT,2020/6/16,25,96,109,70,300,0.869333301,0.905629146,0.892885152,0.828557515,0.879413696
PRT,2020/6/17,27,119,131,59,336,0.872438357,0.906788079,0.89431469,0.830469693,0.881076489
PRT,2020/6/18,52,171,104,88,415,0.875543413,0.907947012,0.895744228,0.832381871,0.882739283
PRT,2020/6/19,60,151,92,71,374,0.878648469,0.909105945,0.897173766,0.834294049,0.884402076
PRT,2020/6/20,57,137,103,80,377,0.881753524,0.910264878,0.898603305,0.836206227,0.886064869
PRT,2020/6/21,46,102,97,45,290,0.88485858,0.911423811,0.900032843,0.838118405,0.887727662
PRT,2020/6/22,26,63,51,118,258,0.885367782,0.911590498,0.900483607,0.836176369,0.887731148
PRT,2020/6/23,45,136,108,59,348,0.885876984,0.911757186,0.90093437,0.834234333,0.887734634
PRT,2020/6/24,40,126,105,94,365,0.886386186,0.911923873,0.901385134,0.832292297,0.88773812
PRT,2020/6/25,55,116,83,58,312,0.886895388,0.91209056,0.901835898,0.830350262,0.887741607
PRT,2020/6/26,67,157,100,127,451,0.88740459,0.912257247,0.902286662,0.828408226,0.887745093
PRT,2020/6/27,45,120,88,70,323,0.887913792,0.912423935,0.902737425,0.82646619,0.887748579
PRT,2020/6/28,66,166,116,110,458,0.888422994,0.912590622,0.903188189,0.824524154,0.887752065
PRT,2020/6/29,36,101,76,53,266,0.887466383,0.914583007,0.903505887,0.827861274,0.889320171
PRT,2020/6/30,31,101,65,61,258,0.886509773,0.916575392,0.903823585,0.831198393,0.890888277
PRT,2020/7/1,33,154,86,74,347,0.885553162,0.918567777,0.904141283,0.834535513,0.892456383
PRT,2020/7/2,53,146,97,82,378,0.884596552,0.920560162,0.904458981,0.837872632,0.894024488
PRT,2020/7/3,54,150,126,125,455,0.883639941,0.922552547,0.904776679,0.841209752,0.895592594
PRT,2020/7/4,62,143,116,91,412,0.882683331,0.924544932,0.905094377,0.844546871,0.8971607
PRT,2020/7/5,61,128,72,66,327,0.88172672,0.926537317,0.905412075,0.847883991,0.898728806
PRT,2020/7/6,27,81,68,55,231,0.88249197,0.923528355,0.90423128,0.852661274,0.898333382
PRT,2020/7/7,35,103,84,65,287,0.88325722,0.920519393,0.903050486,0.857438558,0.897937957
PRT,2020/7/8,43,186,123,91,443,0.88402247,0.917510431,0.901869691,0.862215841,0.897542533
PRT,2020/7/9,49,147,125,97,418,0.884787721,0.914501469,0.900688897,0.866993124,0.897147109
PRT,2020/7/10,57,167,115,63,402,0.885552971,0.911492507,0.899508102,0.871770407,0.896751685
PRT,2020/7/11,51,130,101,59,341,0.886318221,0.908483545,0.898327308,0.876547691,0.89635626
PRT,2020/7/12,42,93,76,70,281,0.887083471,0.905474583,0.897146513,0.881324974,0.895960836
PRT,2020/7/13,41,119,84,62,306,0.884869224,0.905684345,0.897112098,0.873871517,0.894375198
PRT,2020/7/14,21,93,76,42,232,0.882654976,0.905894108,0.897077682,0.866418059,0.892789561
PRT,2020/7/15,50,128,128,62,368,0.880440729,0.90610387,0.897043267,0.858964602,0.891203923
PRT,2020/7/16,48,133,97,59,337,0.878226481,0.906313632,0.897008851,0.851511145,0.889618286
PRT,2020/7/17,42,126,90,48,306,0.876012234,0.906523394,0.896974436,0.844057688,0.888032648
PRT,2020/7/18,42,108,94,69,313,0.873797986,0.906733157,0.89694002,0.83660423,0.886447011
PRT,2020/7/19,38,82,81,45,246,0.871583739,0.906942919,0.896905605,0.829150773,0.884861373
PRT,2020/7/20,16,48,36,35,135,0.872012888,0.908004401,0.898507822,0.828547707,0.885788771
PRT,2020/7/21,12,52,31,32,127,0.872442036,0.909065882,0.900110038,0.827944641,0.88671617
PRT,2020/7/22,46,86,71,48,251,0.872871185,0.910127364,0.901712255,0.827341575,0.887643568
PRT,2020/7/23,32,76,71,48,227,0.873300333,0.911188845,0.903314472,0.826738509,0.888570966
PRT,2020/7/24,42,119,83,69,313,0.873729482,0.912250327,0.904916689,0.826135443,0.889498364
PRT,2020/7/25,34,106,73,50,263,0.87415863,0.913311808,0.906518905,0.825532377,0.890425763
PRT,2020/7/26,29,75,63,41,208,0.874587779,0.91437329,0.908121122,0.824929311,0.891353161
PRT,2020/7/27,15,50,45,25,135,0.878622598,0.914175891,0.907494246,0.830282665,0.892474895
PRT,2020/7/28,13,31,26,37,107,0.882657416,0.913978491,0.90686737,0.835636019,0.89359663
PRT,2020/7/29,31,72,73,25,201,0.886692235,0.913781092,0.906240494,0.840989373,0.894718364
PRT,2020/7/30,24,93,89,49,255,0.890727054,0.913583692,0.905613619,0.846342728,0.895840099
PRT,2020/7/31,37,52,69,44,202,0.894761873,0.913386293,0.904986743,0.851696082,0.896961833
PRT,2020/8/1,43,69,63,63,238,0.898796691,0.913188893,0.904359867,0.857049436,0.898083568
PRT,2020/8/2,34,56,36,27,153,0.90283151,0.912991494,0.903732991,0.86240279,0.899205302
PRT,2020/8/3,14,37,30,25,106,0.903422923,0.912204178,0.901865798,0.861084564,0.898048961
PRT,2020/8/4,16,32,30,32,110,0.904014336,0.911416863,0.899998604,0.859766337,0.896892621
PRT,2020/8/5,28,49,53,37,167,0.904605749,0.910629547,0.898131411,0.858448111,0.89573628
PRT,2020/8/6,29,75,56,53,213,0.905197161,0.909842231,0.896264217,0.857129884,0.89457994
PRT,2020/8/7,28,104,67,91,290,0.905788574,0.909054915,0.894397024,0.855811658,0.893423599
PRT,2020/8/8,37,57,52,40,186,0.906379987,0.9082676,0.89252983,0.854493431,0.892267259
PRT,2020/8/9,15,45,44,27,131,0.9069714,0.907480284,0.890662637,0.853175205,0.891110918
PRT,2020/8/10,20,58,55,24,157,0.908330039,0.907753529,0.890649762,0.850600129,0.890812377
PRT,2020/8/11,10,53,27,29,119,0.909688677,0.908026773,0.890636888,0.848025053,0.890513837
PRT,2020/8/12,34,106,70,71,281,0.911047316,0.908300018,0.890624013,0.845449977,0.890215296
PRT,2020/8/13,29,102,94,100,325,0.912405955,0.908573262,0.890611139,0.842874901,0.889916756
PRT,2020/8/14,43,110,55,28,236,0.913764594,0.908846507,0.890598264,0.840299825,0.889618215
PRT,2020/8/15,28,67,73,29,197,0.915123232,0.909119751,0.89058539,0.837724749,0.889319675
PRT,2020/8/16,14,41,37,29,121,0.916481871,0.909392996,0.890572515,0.835149673,0.889021134
PRT,2020/8/17,16,41,40,35,132,0.912754146,0.908207826,0.891444376,0.839601005,0.889436541
PRT,2020/8/18,16,64,67,67,214,0.90902642,0.907022656,0.892316237,0.844052338,0.889851948
PRT,2020/8/19,24,95,77,57,253,0.905298695,0.905837486,0.893188098,0.84850367,0.890267355
PRT,2020/8/20,24,112,83,72,291,0.901570969,0.904652315,0.894059958,0.852955002,0.890682762
PRT,2020/8/21,23,85,62,49,219,0.897843244,0.903467145,0.894931819,0.857406334,0.891098169
PRT,2020/8/22,24,90,68,58,240,0.894115518,0.902281975,0.89580368,0.861857667,0.891513576
PRT,2020/8/23,20,65,40,20,145,0.890387793,0.901096805,0.896675541,0.866308999,0.891928983
PRT,2020/8/24,13,51,27,32,123,0.891651355,0.903923912,0.896921191,0.869156004,0.89362364
PRT,2020/8/25,24,62,54,52,192,0.892914916,0.906751019,0.897166842,0.872003008,0.895318297
PRT,2020/8/26,31,131,90,109,361,0.894178478,0.909578126,0.897412492,0.874850013,0.897012954
PRT,2020/8/27,50,153,107,89,399,0.89544204,0.912405233,0.897658142,0.877697018,0.898707612
PRT,2020/8/28,61,139,136,65,401,0.896705602,0.91523234,0.897903792,0.880544023,0.900402269
PRT,2020/8/29,52,153,109,60,374,0.897969163,0.918059447,0.898149443,0.883391027,0.902096926
PRT,2020/8/30,27,122,88,79,316,0.899232725,0.920886554,0.898395093,0.886238032,0.903791583
PRT,2020/8/31,15,63,77,89,244,0.899645753,0.92066049,0.900109562,0.881372125,0.903375548
PRT,2020/9/1,28,91,62,50,231,0.900058782,0.920434426,0.901824031,0.876506219,0.902959514
PRT,2020/9/2,49,149,105,87,390,0.90047181,0.920208362,0.9035385,0.871640312,0.902543479
PRT,2020/9/3,46,146,115,111,418,0.900884839,0.919982299,0.905252969,0.866774405,0.902127444
PRT,2020/9/4,44,134,125,103,406,0.901297867,0.919756235,0.906967438,0.861908498,0.901711409
PRT,2020/9/5,82,152,139,113,486,0.901710896,0.919530171,0.908681907,0.857042592,0.901295375
PRT,2020/9/6,41,94,84,96,315,0.902123924,0.919304107,0.910396376,0.852176685,0.90087934
PRT,2020/9/7,31,76,62,60,229,0.902703855,0.917304485,0.906259221,0.85226769,0.898817147
PRT,2020/9/8,55,115,109,108,387,0.903283786,0.915304862,0.902122065,0.852358695,0.896754954
PRT,2020/9/9,99,218,189,140,646,0.903863717,0.91330524,0.89798491,0.8524497,0.894692761
PRT,2020/9/10,70,211,165,119,565,0.904443649,0.911305617,0.893847755,0.852540704,0.892630568
PRT,2020/9/11,80,234,214,158,686,0.90502358,0.909305995,0.8897106,0.852631709,0.890568375
PRT,2020/9/12,79,174,144,100,497,0.905603511,0.907306372,0.885573444,0.852722714,0.888506182
PRT,2020/9/13,88,267,158,158,671,0.906183442,0.90530675,0.881436289,0.852813719,0.886443989
PRT,2020/9/14,78,218,195,122,613,0.908642123,0.908191521,0.882558817,0.853626036,0.888336965
PRT,2020/9/15,48,145,107,125,425,0.911100803,0.911076291,0.883681345,0.854438352,0.89022994
PRT,2020/9/16,65,199,196,119,579,0.913559484,0.913961062,0.884803873,0.855250669,0.892122916
PRT,2020/9/17,94,270,265,137,766,0.916018164,0.916845832,0.885926402,0.856062986,0.894015891
PRT,2020/9/18,106,275,224,193,798,0.918476845,0.919730603,0.88704893,0.856875303,0.895908867
PRT,2020/9/19,111,302,280,161,854,0.920935525,0.922615373,0.888171458,0.857687619,0.897801842
PRT,2020/9/20,81,159,153,139,532,0.923394206,0.925500144,0.889293986,0.858499936,0.899694818
PRT,2020/9/21,91,231,189,111,622,0.924298732,0.926495917,0.892426068,0.860540951,0.901570359
PRT,2020/9/22,61,131,145,129,466,0.925203259,0.92749169,0.895558149,0.862581967,0.9034459
PRT,2020/9/23,110,280,219,194,803,0.926107785,0.928487463,0.898690231,0.864622982,0.905321441
PRT,2020/9/24,98,187,236,169,690,0.927012312,0.929483235,0.901822312,0.866663998,0.907196983
PRT,2020/9/25,130,298,278,195,901,0.927916838,0.930479008,0.904954394,0.868705013,0.909072524
PRT,2020/9/26,127,287,238,232,884,0.928821365,0.931474781,0.908086475,0.870746029,0.910948065
PRT,2020/9/27,90,226,176,130,622,0.929725891,0.932470554,0.911218557,0.872787044,0.912823606
PRT,2020/9/28,69,138,122,97,426,0.92822123,0.931761481,0.910944905,0.872023488,0.912150907
PRT,2020/9/29,83,246,183,177,689,0.926716569,0.931052408,0.910671254,0.871259932,0.911478208
PRT,2020/9/30,138,260,241,186,825,0.925211908,0.930343335,0.910397602,0.870496376,0.910805509
PRT,2020/10/1,138,246,255,208,847,0.923707248,0.929634262,0.91012395,0.869732819,0.910132811
PRT,2020/10/2,136,267,266,218,887,0.922202587,0.928925189,0.909850298,0.868969263,0.909460112
PRT,2020/10/3,135,323,264,235,957,0.920697926,0.928216116,0.909576647,0.868205707,0.908787413
PRT,2020/10/4,154,249,274,232,909,0.919193265,0.927507043,0.909302995,0.867442151,0.908114714
PRT,2020/10/5,84,229,238,182,733,0.915810525,0.925939333,0.909167555,0.869089831,0.907459869
PRT,2020/10/6,38,156,139,94,427,0.912427784,0.924371624,0.909032115,0.870737511,0.906805024
PRT,2020/10/7,109,319,282,234,944,0.909045044,0.922803914,0.908896675,0.872385191,0.906150179
PRT,2020/10/8,188,429,395,266,1278,0.905662304,0.921236205,0.908761234,0.874032872,0.905495334
PRT,2020/10/9,188,487,463,255,1393,0.902279564,0.919668495,0.908625794,0.875680552,0.904840489
PRT,2020/10/10,248,589,481,344,1662,0.898896823,0.918100786,0.908490354,0.877328232,0.904185644
PRT,2020/10/11,128,395,303,263,1089,0.895514083,0.916533076,0.908354914,0.878975912,0.903530799
PRT,2020/10/12,178,474,327,270,1249,0.899901195,0.917273689,0.91025809,0.882616131,0.905696653
PRT,2020/10/13,134,409,383,283,1209,0.904288307,0.918014303,0.912161267,0.886256351,0.907862507
PRT,2020/10/14,294,700,641,439,2074,0.908675419,0.918754916,0.914064443,0.88989657,0.910028361
PRT,2020/10/15,273,791,648,392,2104,0.913062531,0.919495529,0.915967619,0.893536789,0.912194216
PRT,2020/10/16,292,891,788,653,2624,0.917449643,0.920236142,0.917870795,0.897177008,0.91436007
PRT,2020/10/17,263,773,657,458,2151,0.921836755,0.920976756,0.919773972,0.900817228,0.916525924
PRT,2020/10/18,265,599,615,377,1856,0.926223867,0.921717369,0.921677148,0.904457447,0.918691778
PRT,2020/10/19,273,658,648,379,1958,0.925643775,0.9237638,0.924431733,0.907749854,0.92096791
PRT,2020/10/20,232,643,587,413,1875,0.925063684,0.925810232,0.927186317,0.911042261,0.923244043
PRT,2020/10/21,324,853,834,522,2533,0.924483592,0.927856663,0.929940902,0.914334668,0.925520175
PRT,2020/10/22,442,1062,1043,723,3270,0.923903501,0.929903095,0.932695487,0.917627074,0.927796307
PRT,2020/10/23,342,1014,871,666,2893,0.923323409,0.931949526,0.935450072,0.920919481,0.930072439
PRT,2020/10/24,512,1204,1152,787,3655,0.922743318,0.933995958,0.938204656,0.924211888,0.932348572
PRT,2020/10/25,331,896,823,521,2571,0.922163226,0.936042389,0.940959241,0.927504295,0.934624704
PRT,2020/10/26,331,824,824,467,2446,0.926770666,0.939292242,0.942386043,0.926070209,0.936341792
PRT,2020/10/27,407,1124,1051,717,3299,0.931378107,0.942542095,0.943812845,0.924636124,0.938058879
PRT,2020/10/28,506,1304,1236,913,3959,0.935985547,0.945791948,0.945239647,0.923202038,0.939775967
PRT,2020/10/29,565,1417,1299,947,4228,0.940592987,0.949041801,0.946666449,0.921767953,0.941493054
PRT,2020/10/30,647,1581,1464,960,4652,0.945200427,0.952291654,0.948093251,0.920333867,0.943210142
PRT,2020/10/31,553,1277,1233,944,4007,0.949807868,0.955541507,0.949520053,0.918899782,0.944927229
PRT,2020/11/1,437,527,980,758,2702,0.954415308,0.95879136,0.950946855,0.917465696,0.946644317
PRT,2020/11/2,333,1130,729,674,2866,0.953802082,0.957511338,0.95122487,0.920943862,0.94703578
PRT,2020/11/3,368,766,818,644,2596,0.953188855,0.956231317,0.951502886,0.924422029,0.947427243
PRT,2020/11/4,1081,2550,2529,1336,7496,0.952575629,0.954951295,0.951780901,0.927900195,0.947818706
PRT,2020/11/5,644,1362,1461,940,4407,0.951962403,0.953671273,0.952058916,0.931378361,0.94821017
PRT,2020/11/6,920,1725,1734,1084,5463,0.951349177,0.952391251,0.952336931,0.934856527,0.948601633
PRT,2020/11/7,1062,2018,2187,1396,6663,0.95073595,0.95111123,0.952614947,0.938334694,0.948993096
PRT,2020/11/8,911,1757,1967,1151,5786,0.950122724,0.949831208,0.952892962,0.94181286,0.949384559
PRT,2020/11/9,677,1207,1261,944,4089,0.95187863,0.950807862,0.95019301,0.937291593,0.948152651
PRT,2020/11/10,570,1109,1201,940,3820,0.953634536,0.951784517,0.947493059,0.932770326,0.946920742
PRT,2020/11/11,754,1516,1599,1066,4935,0.955390442,0.952761171,0.944793107,0.928249059,0.945688834
PRT,2020/11/12,967,1735,1865,1273,5840,0.957146348,0.953737826,0.942093155,0.923727791,0.944456926
PRT,2020/11/13,1171,1988,2188,1316,6663,0.958902254,0.95471448,0.939393203,0.919206524,0.943225018
PRT,2020/11/14,1171,2011,2041,1377,6600,0.96065816,0.955691135,0.936693252,0.914685257,0.941993109
PRT,2020/11/15,913,1668,1922,1532,6035,0.962414066,0.956667789,0.9339933,0.91016399,0.940761201
PRT,2020/11/16,1188,617,1485,908,4198,0.957892971,0.956748598,0.934983157,0.910881719,0.940534028
PRT,2020/11/17,714,1201,1343,1120,4378,0.953371876,0.956829407,0.935973013,0.911599447,0.940306855
PRT,2020/11/18,901,1669,1921,1323,5814,0.948850781,0.956910216,0.93696287,0.912317176,0.940079682
PRT,2020/11/19,1244,1961,2292,1440,6937,0.944329687,0.956991026,0.937952727,0.913034904,0.939852509
PRT,2020/11/20,1116,1886,2010,1415,6427,0.939808592,0.957071835,0.938942584,0.913752633,0.939625336
PRT,2020/11/21,1141,1769,2052,1469,6431,0.935287497,0.957152644,0.93993244,0.914470361,0.939398163
PRT,2020/11/22,761,1290,1516,1173,4740,0.930766402,0.957233453,0.940922297,0.91518809,0.93917099
PRT,2020/11/23,661,971,1272,907,3811,0.931490342,0.956688531,0.940914373,0.913719019,0.938648209
PRT,2020/11/24,620,1285,1278,869,4052,0.932214281,0.956143609,0.940906449,0.912249949,0.938125428
PRT,2020/11/25,1189,1408,1701,1296,5594,0.932938221,0.955598687,0.940898525,0.910780878,0.937602647
PRT,2020/11/26,744,1808,1969,1439,5960,0.933662161,0.955053765,0.940890601,0.909311808,0.937079865
PRT,2020/11/27,901,1512,1633,1267,5313,0.934386101,0.954508843,0.940882677,0.907842737,0.936557084
PRT,2020/11/28,809,1314,1542,1243,4908,0.93511004,0.953963921,0.940874753,0.906373667,0.936034303
PRT,2020/11/29,716,1138,1230,982,4066,0.93583398,0.953418999,0.940866829,0.904904596,0.935511522
PRT,2020/11/30,554,821,963,883,3221,0.935151064,0.952205808,0.941779498,0.903749695,0.935256056
PRT,2020/12/1,363,590,747,679,2379,0.934468148,0.950992616,0.942692166,0.902594794,0.935000591
PRT,2020/12/2,572,937,1105,748,3362,0.933785232,0.949779425,0.943604835,0.901439893,0.934745125
PRT,2020/12/3,538,1005,1177,929,3649,0.933102316,0.948566234,0.944517504,0.900284992,0.93448966
PRT,2020/12/4,809,1354,1573,1248,4984,0.9324194,0.947353043,0.945430173,0.899130091,0.934234194
PRT,2020/12/5,876,1633,1543,1220,5272,0.931736484,0.946139851,0.946342841,0.89797519,0.933978729
PRT,2020/12/6,649,924,1162,1057,3792,0.931053568,0.94492666,0.94725551,0.896820289,0.933723263
PRT,2020/12/7,377,657,782,763,2579,0.934853915,0.946052821,0.948419009,0.899016171,0.935500439
PRT,2020/12/8,362,784,847,879,2872,0.938654263,0.947178982,0.949582507,0.901212053,0.937277614
PRT,2020/12/9,638,1108,1237,1095,4078,0.94245461,0.948305143,0.950746006,0.903407935,0.93905479
PRT,2020/12/10,1078,3491,2566,2070,9205,0.946254958,0.949431303,0.951909505,0.905603816,0.940831966
PRT,2020/12/11,790,1415,1541,1333,5079,0.950055305,0.950557464,0.953073004,0.907799698,0.942609142
PRT,2020/12/12,666,1334,1326,1088,4414,0.953855653,0.951683625,0.954236502,0.90999558,0.944386317
PRT,2020/12/13,658,1154,1207,1025,4044,0.957656,0.952809786,0.955400001,0.912191462,0.946163493
PRT,2020/12/14,330,605,634,625,2194,0.956540275,0.952511369,0.954654856,0.917974476,0.946827572
PRT,2020/12/15,324,788,793,736,2641,0.955424551,0.952212951,0.953909711,0.923757491,0.94749165
PRT,2020/12/16,715,1303,1461,1241,4720,0.954308826,0.951914534,0.953164566,0.929540505,0.948155729
PRT,2020/12/17,653,1190,1285,1190,4318,0.953193102,0.951616117,0.95241942,0.93532352,0.948819808
PRT,2020/12/18,676,1150,1291,1219,4336,0.952077377,0.9513177,0.951674275,0.941106534,0.949483887
PRT,2020/12/19,585,1080,1136,1030,3831,0.950961653,0.951019282,0.95092913,0.946889549,0.950147965
PRT,2020/12/20,518,898,1035,883,3334,0.949845928,0.950720865,0.950183985,0.952672563,0.950812044
PRT,2020/12/21,311,566,629,592,2098,0.947706597,0.951194854,0.951114021,0.947395852,0.950097029
PRT,2020/12/22,306,666,790,674,2436,0.945567266,0.951668843,0.952044058,0.942119141,0.949382014
PRT,2020/12/23,643,1249,1469,1241,4602,0.943427935,0.952142832,0.952974094,0.93684243,0.948666999
PRT,2020/12/24,632,1193,1347,1205,4377,0.941288605,0.95261682,0.95390413,0.931565719,0.947951984
PRT,2020/12/25,625,1127,1320,1074,4146,0.939149274,0.953090809,0.954834166,0.926289008,0.947236969
PRT,2020/12/26,173,327,386,328,1214,0.937009943,0.953564798,0.955764203,0.921012297,0.946521954
PRT,2020/12/27,219,426,536,396,1577,0.934870612,0.954038787,0.956694239,0.915735586,0.945806939
PRT,2020/12/28,290,593,673,536,2092,0.934288245,0.954127104,0.956427172,0.917476217,0.946012155
PRT,2020/12/29,410,1030,1099,797,3336,0.933705879,0.95421542,0.956160106,0.919216848,0.946217371
PRT,2020/12/30,865,1833,1523,1373,5594,0.933123512,0.954303737,0.955893039,0.920957479,0.946422587
PRT,2020/12/31,1087,2268,2838,1882,8075,0.932541145,0.954392053,0.955625973,0.922698111,0.946627802
PRT,2021/1/1,1013,2074,2121,1741,6949,0.931958778,0.95448037,0.955358906,0.924438742,0.946833018
PRT,2021/1/2,433,1017,951,841,3242,0.931376412,0.954568686,0.95509184,0.926179373,0.947038234
PRT,2021/1/3,438,926,1072,947,3383,0.930794045,0.954657003,0.954824773,0.927920004,0.94724345
PRT,2021/1/4,587,1206,1373,1199,4365,0.932912133,0.954486561,0.954352774,0.929817639,0.947586205
PRT,2021/1/5,612,1484,1596,1261,4953,0.93503022,0.95431612,0.953880775,0.931715273,0.947928961
PRT,2021/1/6,1474,3102,3084,2365,10025,0.937148308,0.954145678,0.953408776,0.933612908,0.948271716
PRT,2021/1/7,1470,2982,3051,2422,9925,0.939266396,0.953975236,0.952936776,0.935510542,0.948614472
PRT,2021/1/8,1528,3124,3069,2456,10177,0.941384484,0.953804794,0.952464777,0.937408177,0.948957227
PRT,2021/1/9,1381,2754,2819,2518,9472,0.943502571,0.953634353,0.951992778,0.939305811,0.949299983
PRT,2021/1/10,1144,2175,2236,1946,7501,0.945620659,0.953463911,0.951520779,0.941203446,0.949642738
PRT,2021/1/11,831,1611,1679,1484,5605,0.943886628,0.951939857,0.950348095,0.936422644,0.947612825
PRT,2021/1/12,1005,2101,2210,1940,7256,0.942152597,0.950415803,0.949175411,0.931641841,0.945582911
PRT,2021/1/13,1598,3046,3309,2603,10556,0.940418566,0.948891749,0.948002727,0.926861039,0.943552998
PRT,2021/1/14,1641,2909,3362,2784,10696,0.938684536,0.947367696,0.946830043,0.922080237,0.941523084
PRT,2021/1/15,1773,2953,3395,2537,10658,0.936950505,0.945843642,0.945657359,0.917299435,0.939493171
PRT,2021/1/16,1859,2964,3479,2641,10943,0.935216474,0.944319588,0.944484675,0.912518632,0.937463257
PRT,2021/1/17,1822,2685,3156,2721,10384,0.933482443,0.942795534,0.943311991,0.90773783,0.935433344
PRT,2021/1/18,1151,1851,2045,1655,6702,0.93062475,0.941764368,0.944414185,0.907144734,0.935038529
PRT,2021/1/19,1423,2756,3394,2879,10452,0.927767056,0.940733201,0.945516378,0.906551639,0.934643715
PRT,2021/1/20,2265,3940,4714,3727,14646,0.924909363,0.939702035,0.946618572,0.905958543,0.9342489
PRT,2021/1/21,2333,3519,4446,3241,13539,0.92205167,0.938670869,0.947720766,0.905365448,0.933854085
PRT,2021/1/22,2413,3798,4501,3272,13984,0.919193977,0.937639703,0.94882296,0.904772352,0.93345927
PRT,2021/1/23,2576,4074,5029,3654,15333,0.916336283,0.936608536,0.949925153,0.904179257,0.933064456
PRT,2021/1/24,1969,3055,3798,2896,11718,0.91347859,0.93557737,0.951027347,0.903586161,0.932669641
PRT,2021/1/25,1199,1815,2172,1736,6922,0.902495211,0.934487223,0.948501749,0.902167802,0.929904153
PRT,2021/1/26,1616,2865,3556,2723,10760,0.891511831,0.933397076,0.94597615,0.900749443,0.927138666
PRT,2021/1/27,2372,3861,5103,3734,15070,0.880528452,0.932306929,0.943450552,0.899331084,0.924373178
PRT,2021/1/28,2807,4278,5207,4133,16425,0.869545072,0.931216783,0.940924954,0.897912724,0.92160769
PRT,2021/1/29,2163,3370,4278,3377,13188,0.858561693,0.930126636,0.938399356,0.896494365,0.918842202
PRT,2021/1/30,1993,3165,4049,3225,12432,0.847578313,0.929036489,0.935873757,0.895076006,0.916076715
PRT,2021/1/31,1717,2348,3029,2405,9499,0.836594934,0.927946342,0.933348159,0.893657647,0.913311227
PRT,2021/2/1,925,1421,1860,1596,5802,0.838517854,0.927573894,0.933609166,0.893688851,0.913420461
PRT,2021/2/2,741,1327,1856,1613,5537,0.840440773,0.927201445,0.933870173,0.893720054,0.913529695
PRT,2021/2/3,1392,2315,2905,2472,9084,0.842363693,0.926828997,0.93413118,0.893751258,0.913638929
PRT,2021/2/4,1142,1967,2557,2244,7910,0.844286613,0.926456549,0.934392186,0.893782462,0.913748164
PRT,2021/2/5,1057,1726,2171,1953,6907,0.846209533,0.926084101,0.934653193,0.893813666,0.913857398
PRT,2021/2/6,837,1444,1959,1887,6127,0.848132452,0.925711652,0.9349142,0.893844869,0.913966632
PRT,2021/2/7,506,838,1114,1048,3506,0.850055372,0.925339204,0.935175207,0.893876073,0.914075866
PRT,2021/2/8,351,647,812,696,2506,0.855230171,0.926806458,0.936774622,0.898052886,0.916580763
PRT,2021/2/9,271,693,793,826,2583,0.860404971,0.928273713,0.938374038,0.902229698,0.919085661
PRT,2021/2/10,545,1073,1425,1337,4380,0.86557977,0.929740967,0.939973453,0.906406511,0.921590558
PRT,2021/2/11,411,887,1108,1071,3477,0.870754569,0.931208221,0.941572868,0.910583323,0.924095455
PRT,2021/2/12,363,745,892,851,2851,0.875929368,0.932675475,0.943172283,0.914760136,0.926600352
PRT,2021/2/13,384,796,861,812,2853,0.881104168,0.93414273,0.944771699,0.918936948,0.92910525
PRT,2021/2/14,252,406,509,512,1679,0.886278967,0.935609984,0.946371114,0.923113761,0.931610147
PRT,2021/2/15,162,335,392,414,1303,0.883225257,0.936476249,0.947957884,0.920882693,0.931687133
PRT,2021/2/16,142,409,464,484,1499,0.880171548,0.937342513,0.949544654,0.918651625,0.931764118
PRT,2021/2/17,313,612,716,681,2322,0.877117838,0.938208778,0.951131424,0.916420557,0.931841104
PRT,2021/2/18,272,542,553,569,1936,0.874064128,0.939075042,0.952718194,0.91418949,0.93191809
PRT,2021/2/19,264,542,584,554,1944,0.871010418,0.939941307,0.954304964,0.911958422,0.931995076
PRT,2021/2/20,207,428,478,458,1571,0.867956709,0.940807571,0.955891734,0.909727354,0.932072061
PRT,2021/2/21,156,303,349,377,1185,0.864902999,0.941673836,0.957478504,0.907496286,0.932149047
PRT,2021/2/22,59,115,173,202,549,0.870356932,0.943324551,0.956780802,0.903518109,0.932265702
PRT,2021/2/23,108,268,324,331,1031,0.875810866,0.944975267,0.956083099,0.899539932,0.932382356
PRT,2021/2/24,197,423,463,398,1481,0.881264799,0.946625982,0.955385397,0.895561755,0.932499011
PRT,2021/2/25,135,330,319,377,1161,0.886718732,0.948276697,0.954687695,0.891583579,0.932615665
PRT,2021/2/26,168,246,306,308,1028,0.892172665,0.949927412,0.953989993,0.887605402,0.93273232
PRT,2021/2/27,136,291,334,309,1070,0.897626599,0.951578128,0.95329229,0.883627225,0.932848974
PRT,2021/2/28,117,181,224,196,718,0.903080532,0.953228843,0.952594588,0.879649048,0.932965629
PRT,2021/3/1,39,118,91,146,394,0.904660154,0.951410544,0.952378238,0.8882417,0.934123122
PRT,2021/3/2,84,188,237,180,689,0.906239777,0.949592244,0.952161888,0.896834351,0.935280614
PRT,2021/3/3,170,247,302,262,981,0.907819399,0.947773945,0.951945538,0.905427003,0.936438107
PRT,2021/3/4,82,246,284,220,832,0.909399022,0.945955646,0.951729187,0.914019654,0.9375956
PRT,2021/3/5,133,255,314,248,950,0.910978644,0.944137347,0.951512837,0.922612306,0.938753093
PRT,2021/3/6,172,273,295,264,1004,0.912558267,0.942319047,0.951296487,0.931204957,0.939910585
PRT,2021/3/7,115,184,224,160,683,0.914137889,0.940500748,0.951080137,0.939797609,0.941068078
PRT,2021/3/8,32,105,105,123,365,0.912279872,0.942855529,0.952144275,0.937555732,0.941680084
PRT,2021/3/9,114,225,256,250,845,0.910421855,0.945210309,0.953208413,0.935313856,0.942292089
PRT,2021/3/10,74,199,187,170,630,0.908563838,0.94756509,0.954272551,0.933071979,0.942904095
PRT,2021/3/11,70,202,185,170,627,0.906705822,0.94991987,0.95533669,0.930830102,0.943516101
PRT,2021/3/12,75,167,172,164,578,0.904847805,0.952274651,0.956400828,0.928588225,0.944128107
PRT,2021/3/13,79,173,161,152,565,0.902989788,0.954629431,0.957464966,0.926346349,0.944740112
PRT,2021/3/14,79,170,160,128,537,0.901131771,0.956984212,0.958529104,0.924104472,0.945352118
PRT,2021/3/15,11,53,89,105,258,0.903971072,0.957267957,0.95548892,0.925452943,0.944906525
PRT,2021/3/16,38,100,113,131,382,0.906810373,0.957551703,0.952448736,0.926801414,0.944460933
PRT,2021/3/17,75,185,222,192,674,0.909649674,0.957835448,0.949408552,0.928149885,0.94401534
PRT,2021/3/18,48,151,149,132,480,0.912488975,0.958119194,0.946368367,0.929498355,0.943569748
PRT,2021/3/19,81,177,167,142,567,0.915328276,0.958402939,0.943328183,0.930846826,0.943124155
PRT,2021/3/20,52,135,146,125,458,0.918167577,0.958686685,0.940287999,0.932195297,0.942678563
PRT,2021/3/21,50,136,142,122,450,0.921006878,0.95897043,0.937247815,0.933543768,0.94223297
PRT,2021/3/22,11,68,83,86,248,0.921617953,0.959058495,0.940387263,0.934796246,0.943683382
PRT,2021/3/23,52,82,150,146,430,0.922229028,0.959146561,0.943526711,0.936048724,0.945133794
PRT,2021/3/24,62,212,152,151,577,0.922840103,0.959234626,0.946666159,0.937301202,0.946584206
PRT,2021/3/25,40,119,129,149,437,0.923451178,0.959322692,0.949805608,0.93855368,0.948034619
PRT,2021/3/26,80,145,133,124,482,0.924062253,0.959410757,0.952945056,0.939806158,0.949485031
PRT,2021/3/27,25,69,99,151,344,0.924673328,0.959498823,0.956084504,0.941058636,0.950935443
PRT,2021/3/28,32,97,113,123,365,0.925284403,0.959586888,0.959223952,0.942311114,0.952385855
PRT,2021/3/29,63,69,77,101,310,0.925284403,0.959586888,0.959223952,0.942311114,0.952385855
PRT,2021/3/30,42,90,142,113,387,0.925284403,0.959586888,0.959223952,0.942311114,0.952385855
PRT,2021/3/31,138,140,208,130,616,0.925284403,0.959586888,0.959223952,0.942311114,0.952385855
ESP,2020/2/1,0,0,0,0,0,0.490014056,0.573460372,0.574856264,0.618532089,0.583889902
ESP,2020/2/2,0,0,0,0,0,0.490014056,0.573460372,0.574856264,0.618532089,0.583889902
ESP,2020/2/3,0,0,0,0,0,0.490014056,0.573460372,0.574856264,0.618532089,0.583889902
ESP,2020/2/4,0,0,0,0,0,0.490014056,0.573460372,0.574856264,0.618532089,0.583889902
ESP,2020/2/5,0,0,0,0,0,0.490014056,0.573460372,0.574856264,0.618532089,0.583889902
ESP,2020/2/6,0,0,0,0,0,0.490014056,0.573460372,0.574856264,0.618532089,0.583889902
ESP,2020/2/7,0,0,0,0,0,0.490014056,0.573460372,0.574856264,0.618532089,0.583889902
ESP,2020/2/8,0,0,0,0,0,0.490014056,0.573460372,0.574856264,0.618532089,0.583889902
ESP,2020/2/9,0,0,1,0,1,0.490014056,0.573460372,0.574856264,0.618532089,0.583889902
ESP,2020/2/10,0,0,0,0,0,0.490014056,0.573460372,0.574856264,0.618532089,0.583889902
ESP,2020/2/11,0,0,0,0,0,0.490014056,0.573460372,0.574856264,0.618532089,0.583889902
ESP,2020/2/12,0,1,2,0,3,0.490014056,0.573460372,0.574856264,0.618532089,0.583889902
ESP,2020/2/13,0,0,0,0,0,0.490014056,0.573460372,0.574856264,0.618532089,0.583889902
ESP,2020/2/14,0,0,0,0,0,0.490014056,0.573460372,0.574856264,0.618532089,0.583889902
ESP,2020/2/15,0,0,0,0,0,0.490014056,0.573460372,0.574856264,0.618532089,0.583889902
ESP,2020/2/16,0,0,0,0,0,0.490014056,0.573460372,0.574856264,0.618532089,0.583889902
ESP,2020/2/17,0,0,0,0,0,0.490014056,0.573460372,0.574856264,0.618532089,0.583889902
ESP,2020/2/18,0,0,0,0,0,0.490014056,0.573460372,0.574856264,0.618532089,0.583889902
ESP,2020/2/19,0,0,0,0,0,0.490014056,0.573460372,0.574856264,0.618532089,0.583889902
ESP,2020/2/20,0,0,0,0,0,0.490014056,0.573460372,0.574856264,0.618532089,0.583889902
ESP,2020/2/21,1,0,0,0,1,0.490014056,0.573460372,0.574856264,0.618532089,0.583889902
ESP,2020/2/22,0,0,0,1,1,0.490014056,0.573460372,0.574856264,0.618532089,0.583889902
ESP,2020/2/23,0,0,1,1,2,0.490014056,0.573460372,0.574856264,0.618532089,0.583889902
ESP,2020/2/24,0,0,0,2,2,0.490014056,0.573460372,0.574856264,0.618532089,0.583889902
ESP,2020/2/25,0,0,0,1,1,0.490014056,0.573460372,0.574856264,0.618532089,0.583889902
ESP,2020/2/26,0,2,3,2,7,0.490014056,0.573460372,0.574856264,0.618532089,0.583889902
ESP,2020/2/27,1,5,9,8,23,0.490014056,0.573460372,0.574856264,0.618532089,0.583889902
ESP,2020/2/28,1,6,7,9,23,0.490014056,0.573460372,0.574856264,0.618532089,0.583889902
ESP,2020/2/29,1,1,9,7,18,0.490014056,0.573460372,0.574856264,0.618532089,0.583889902
ESP,2020/3/1,3,9,14,11,37,0.490014056,0.573460372,0.574856264,0.618532089,0.583889902
ESP,2020/3/2,1,18,22,31,72,0.490014056,0.573460372,0.574856264,0.618532089,0.583889902
ESP,2020/3/3,3,16,24,41,84,0.490014056,0.573460372,0.574856264,0.618532089,0.583889902
ESP,2020/3/4,5,9,31,54,99,0.490014056,0.573460372,0.574856264,0.618532089,0.583889902
ESP,2020/3/5,7,35,52,94,188,0.490014056,0.573460372,0.574856264,0.618532089,0.583889902
ESP,2020/3/6,16,48,87,123,274,0.490014056,0.573460372,0.574856264,0.618532089,0.583889902
ESP,2020/3/7,4,47,83,155,289,0.490014056,0.573460372,0.574856264,0.618532089,0.583889902
ESP,2020/3/8,13,65,99,192,369,0.490014056,0.573460372,0.574856264,0.618532089,0.583889902
ESP,2020/3/9,25,105,173,346,649,0.490014056,0.573460372,0.574856264,0.618532089,0.583889902
ESP,2020/3/10,36,208,286,488,1018,0.490014056,0.573460372,0.574856264,0.618532089,0.583889902
ESP,2020/3/11,34,287,400,611,1332,0.490014056,0.573460372,0.574856264,0.618532089,0.583889902
ESP,2020/3/12,42,396,568,781,1787,0.490014056,0.573460372,0.574856264,0.618532089,0.583889902
ESP,2020/3/13,57,459,686,921,2123,0.490014056,0.573460372,0.574856264,0.618532089,0.583889902
ESP,2020/3/14,36,432,643,882,1993,0.490014056,0.573460372,0.574856264,0.618532089,0.583889902
ESP,2020/3/15,36,388,689,1118,2231,0.490014056,0.573460372,0.574856264,0.618532089,0.583889902
ESP,2020/3/16,47,490,997,1635,3169,0.490014056,0.573460372,0.574856264,0.618532089,0.583889902
ESP,2020/3/17,25,689,1424,2246,4384,0.490014056,0.573460372,0.574856264,0.618532089,0.583889902
ESP,2020/3/18,34,733,1538,2354,4659,0.490014056,0.573460372,0.574856264,0.618532089,0.583889902
ESP,2020/3/19,40,857,1927,2886,5710,0.490014056,0.573460372,0.574856264,0.618532089,0.583889902
ESP,2020/3/20,42,976,2173,3176,6367,0.490014056,0.573460372,0.574856264,0.618532089,0.583889902
ESP,2020/3/21,44,785,1836,3020,5685,0.490014056,0.573460372,0.574856264,0.618532089,0.583889902
ESP,2020/3/22,34,672,1754,2766,5226,0.490014056,0.573460372,0.574856264,0.618532089,0.583889902
ESP,2020/3/23,47,1213,2852,3943,8055,0.490014056,0.573460372,0.574856264,0.618532089,0.583889902
ESP,2020/3/24,59,1309,3215,4963,9546,0.490014056,0.573460372,0.574856264,0.618532089,0.583889902
ESP,2020/3/25,66,1336,3543,5061,10006,0.490014056,0.573460372,0.574856264,0.618532089,0.583889902
ESP,2020/3/26,48,1374,3442,5077,9941,0.490014056,0.573460372,0.574856264,0.618532089,0.583889902
ESP,2020/3/27,40,1188,3089,4648,8965,0.490014056,0.573460372,0.574856264,0.618532089,0.583889902
ESP,2020/3/28,46,801,2330,3775,6952,0.490014056,0.573460372,0.574856264,0.618532089,0.583889902
ESP,2020/3/29,26,611,1577,2785,4999,0.490014056,0.573460372,0.574856264,0.618532089,0.583889902
ESP,2020/3/30,44,1111,2716,4008,7879,0.490014056,0.573460372,0.574856264,0.618532089,0.583889902
ESP,2020/3/31,53,1115,2654,3965,7787,0.498819067,0.581999574,0.585839457,0.624602448,0.592928329
ESP,2020/4/1,46,919,2221,3747,6933,0.507624078,0.590538777,0.596822651,0.630672807,0.601966756
ESP,2020/4/2,53,962,2188,3613,6816,0.516429088,0.599077979,0.607805845,0.636743166,0.611005183
ESP,2020/4/3,47,940,2284,3455,6726,0.525234099,0.607617182,0.618789038,0.642813524,0.62004361
ESP,2020/4/4,35,592,1437,2541,4605,0.53403911,0.616156384,0.629772232,0.648883883,0.629082037
ESP,2020/4/5,21,378,890,1815,3104,0.54284412,0.624695586,0.640755426,0.654954242,0.638120464
ESP,2020/4/6,40,776,1657,2838,5311,0.551649131,0.633234789,0.651738619,0.661024601,0.647158891
ESP,2020/4/7,34,742,1618,2843,5237,0.564467561,0.635704776,0.661828981,0.672824793,0.655215042
ESP,2020/4/8,69,826,1654,2779,5328,0.577285991,0.638174764,0.671919343,0.684624986,0.663271192
ESP,2020/4/9,35,646,1279,2549,4509,0.590104421,0.640644752,0.682009704,0.696425178,0.671327343
ESP,2020/4/10,32,587,1136,2582,4337,0.602922851,0.64311474,0.692100066,0.708225371,0.679383493
ESP,2020/4/11,25,379,803,1797,3004,0.615741281,0.645584727,0.702190428,0.720025563,0.687439644
ESP,2020/4/12,15,247,503,1588,2353,0.628559711,0.648054715,0.71228079,0.731825756,0.695495794
ESP,2020/4/13,37,449,895,1691,3072,0.641378141,0.650524703,0.722371152,0.743625948,0.703551945
ESP,2020/4/14,47,578,1185,2075,3885,0.647697125,0.663327078,0.726250412,0.750542406,0.710829465
ESP,2020/4/15,25,514,968,2084,3591,0.654016109,0.676129453,0.730129672,0.757458864,0.718106984
ESP,2020/4/16,36,501,926,1858,3321,0.660335093,0.688931827,0.734008932,0.764375323,0.725384504
ESP,2020/4/17,33,455,909,1935,3332,0.666654077,0.701734202,0.737888191,0.771291781,0.732662024
ESP,2020/4/18,18,271,494,1289,2072,0.672973061,0.714536577,0.741767451,0.778208239,0.739939544
ESP,2020/4/19,20,168,322,844,1354,0.679292045,0.727338952,0.745646711,0.785124697,0.747217063
ESP,2020/4/20,37,336,678,1342,2393,0.685611029,0.740141326,0.749525971,0.792041155,0.754494583
ESP,2020/4/21,40,418,694,1421,2573,0.730523739,0.739184974,0.759485817,0.800291194,0.761167452
ESP,2020/4/22,27,368,730,1425,2550,0.775436449,0.738228622,0.769445663,0.808541233,0.767840321
ESP,2020/4/23,25,345,578,1167,2115,0.820349159,0.737272269,0.779405508,0.816791272,0.77451319
ESP,2020/4/24,27,363,617,1089,2096,0.865261869,0.736315917,0.789365354,0.82504131,0.781186059
ESP,2020/4/25,18,213,369,617,1217,0.91017458,0.735359564,0.799325199,0.833291349,0.787858928
ESP,2020/4/26,14,146,205,405,770,0.95508729,0.734403212,0.809285045,0.841541388,0.794531797
ESP,2020/4/27,25,316,507,741,1589,1,0.733446859,0.819244891,0.849791427,0.801204667
ESP,2020/4/28,30,277,521,845,1673,0.948786393,0.734907266,0.822159804,0.845336664,0.80124151
ESP,2020/4/29,25,304,448,649,1426,0.897572786,0.736367672,0.825074718,0.840881902,0.801278353
ESP,2020/4/30,42,253,466,624,1385,0.846359178,0.737828079,0.827989631,0.83642714,0.801315197
ESP,2020/5/1,20,135,204,405,764,0.795145571,0.739288485,0.830904545,0.831972378,0.80135204
ESP,2020/5/2,12,84,169,284,549,0.743931964,0.740748891,0.833819458,0.827517615,0.801388883
ESP,2020/5/3,13,66,136,226,441,0.692718357,0.742209298,0.836734372,0.823062853,0.801425727
ESP,2020/5/4,25,188,298,465,976,0.641504749,0.743669704,0.839649285,0.818608091,0.80146257
ESP,2020/5/5,25,163,270,493,951,0.641796011,0.7521084,0.84388374,0.832756353,0.809469281
ESP,2020/5/6,21,196,289,453,959,0.642087272,0.760547095,0.848118196,0.846904615,0.817475991
ESP,2020/5/7,31,152,298,448,929,0.642378533,0.76898579,0.852352651,0.861052877,0.825482702
ESP,2020/5/8,27,163,272,430,892,0.642669794,0.777424486,0.856587106,0.875201138,0.833489412
ESP,2020/5/9,12,105,137,227,481,0.642961055,0.785863181,0.860821562,0.8893494,0.841496123
ESP,2020/5/10,10,59,99,144,312,0.643252317,0.794301876,0.865056017,0.903497662,0.849502834
ESP,2020/5/11,28,294,669,730,1721,0.643543578,0.802740572,0.869290472,0.917645924,0.857509544
ESP,2020/5/12,29,136,233,337,735,0.657979395,0.809777513,0.874722758,0.919659849,0.862670459
ESP,2020/5/13,33,158,258,341,790,0.672415212,0.816814454,0.880155045,0.921673774,0.867831374
ESP,2020/5/14,26,190,270,296,782,0.68685103,0.823851395,0.885587331,0.923687699,0.872992289
ESP,2020/5/15,44,191,284,280,799,0.701286847,0.830888336,0.891019618,0.925701624,0.878153203
ESP,2020/5/16,21,81,112,131,345,0.715722665,0.837925277,0.896451904,0.927715548,0.883314118
ESP,2020/5/17,13,51,67,112,243,0.730158482,0.844962218,0.90188419,0.929729473,0.888475033
ESP,2020/5/18,33,144,209,242,628,0.744594299,0.851999159,0.907316477,0.931743398,0.893635948
ESP,2020/5/19,41,198,331,273,843,0.759030117,0.8590361,0.912748763,0.933757323,0.898796863
ESP,2020/5/20,43,168,275,268,754,0.773465934,0.866073041,0.91818105,0.935771248,0.903957778
ESP,2020/5/21,42,195,294,247,778,0.787901751,0.873109982,0.923613336,0.937785173,0.909118692
ESP,2020/5/22,53,187,269,314,823,0.802337569,0.880146923,0.929045622,0.939799097,0.914279607
ESP,2020/5/23,21,60,87,142,310,0.816773386,0.887183864,0.934477909,0.941813022,0.919440522
ESP,2020/5/24,8,67,87,96,258,0.831209204,0.894220805,0.939910195,0.943826947,0.924601437
ESP,2020/5/25,38,115,187,207,547,0.845645021,0.901257746,0.945342482,0.945840872,0.929762352
ESP,2020/5/26,31,178,239,291,739,0.851175428,0.901076284,0.945671843,0.947391116,0.930312826
ESP,2020/5/27,38,165,210,206,619,0.856705836,0.900894823,0.946001205,0.948941361,0.930863301
ESP,2020/5/28,43,155,240,221,659,0.862236243,0.900713362,0.946330567,0.950491605,0.931413776
ESP,2020/5/29,72,168,246,252,738,0.86776665,0.9005319,0.946659928,0.952041849,0.93196425
ESP,2020/5/30,20,86,98,129,333,0.873297058,0.900350439,0.94698929,0.953592093,0.932514725
ESP,2020/5/31,18,50,53,60,181,0.878827465,0.900168977,0.947318652,0.955142338,0.9330652
ESP,2020/6/1,19,78,141,128,366,0.884357872,0.899987516,0.947648013,0.956692582,0.933615674
ESP,2020/6/2,43,111,178,141,473,0.88988828,0.899806055,0.947977375,0.958242826,0.934166149
ESP,2020/6/3,40,130,204,233,607,0.895418687,0.899624593,0.948306737,0.959793071,0.934716624
ESP,2020/6/4,39,138,188,145,510,0.900949094,0.899443132,0.948636098,0.961343315,0.935267098
ESP,2020/6/5,50,191,233,180,654,0.906479502,0.89926167,0.94896546,0.962893559,0.935817573
ESP,2020/6/6,32,81,78,84,275,0.912009909,0.899080209,0.949294822,0.964443804,0.936368048
ESP,2020/6/7,11,30,32,71,144,0.917540316,0.898898747,0.949624183,0.965994048,0.936918522
ESP,2020/6/8,25,96,84,141,346,0.923070724,0.898717286,0.949953545,0.967544292,0.937468997
ESP,2020/6/9,34,124,158,138,454,0.915595203,0.898497191,0.950900223,0.965595221,0.937284339
ESP,2020/6/10,22,130,172,144,468,0.908119682,0.898277095,0.9518469,0.963646149,0.937099682
ESP,2020/6/11,29,110,133,113,385,0.900644161,0.898057,0.952793578,0.961697078,0.936915024
ESP,2020/6/12,33,140,163,159,495,0.893168641,0.897836905,0.953740255,0.959748006,0.936730367
ESP,2020/6/13,14,34,40,37,125,0.88569312,0.897616809,0.954686933,0.957798935,0.936545709
ESP,2020/6/14,8,26,21,30,85,0.878217599,0.897396714,0.955633611,0.955849863,0.936361052
ESP,2020/6/15,17,53,121,112,303,0.870742079,0.897176619,0.956580288,0.953900792,0.936176394
ESP,2020/6/16,28,103,130,141,402,0.863266558,0.896956523,0.957526966,0.95195172,0.935991737
ESP,2020/6/17,37,100,102,125,364,0.855791037,0.896736428,0.958473644,0.950002649,0.935807079
ESP,2020/6/18,37,104,134,113,388,0.848315517,0.896516332,0.959420321,0.948053577,0.935622422
ESP,2020/6/19,33,109,104,104,350,0.840839996,0.896296237,0.960366999,0.946104506,0.935437764
ESP,2020/6/20,32,73,73,54,232,0.833364475,0.896076142,0.961313677,0.944155434,0.935253107
ESP,2020/6/21,24,44,64,37,169,0.825888954,0.895856046,0.962260354,0.942206362,0.935068449
ESP,2020/6/22,39,77,72,60,248,0.818413434,0.895635951,0.963207032,0.940257291,0.934883792
ESP,2020/6/23,61,136,138,116,451,0.826757091,0.900188188,0.963700832,0.943741117,0.937403051
ESP,2020/6/24,66,115,87,77,345,0.835100749,0.904740425,0.964194631,0.947224942,0.93992231
ESP,2020/6/25,57,105,127,87,376,0.843444406,0.909292662,0.964688431,0.950708768,0.942441569
ESP,2020/6/26,59,144,159,117,479,0.851788064,0.913844899,0.965182231,0.954192594,0.944960827
ESP,2020/6/27,48,83,77,56,264,0.860131721,0.918397136,0.965676031,0.957676419,0.947480086
ESP,2020/6/28,31,66,56,36,189,0.868475378,0.922949373,0.96616983,0.961160245,0.949999345
ESP,2020/6/29,29,88,90,79,286,0.876819036,0.92750161,0.96666363,0.964644071,0.952518604
ESP,2020/6/30,53,142,147,116,458,0.885162693,0.932053847,0.96715743,0.968127896,0.955037863
ESP,2020/7/1,67,141,162,89,459,0.893506351,0.936606084,0.967651229,0.971611722,0.957557122
ESP,2020/7/2,64,160,154,119,497,0.901850008,0.941158321,0.968145029,0.975095548,0.960076381
ESP,2020/7/3,66,223,197,110,596,0.910193666,0.945710558,0.968638829,0.978579373,0.96259564
ESP,2020/7/4,35,96,90,78,299,0.918537323,0.950262795,0.969132629,0.982063199,0.965114898
ESP,2020/7/5,31,78,74,27,210,0.926880981,0.954815032,0.969626428,0.985547025,0.967634157
ESP,2020/7/6,36,120,109,83,348,0.935224638,0.959367269,0.970120228,0.989030851,0.970153416
ESP,2020/7/7,90,249,257,126,722,0.922147172,0.965171945,0.974388767,0.990597872,0.974417214
ESP,2020/7/8,79,301,252,124,756,0.909069705,0.970976621,0.978657306,0.992164893,0.978681012
ESP,2020/7/9,118,307,273,165,863,0.895992239,0.976781296,0.982925845,0.993731915,0.982944809
ESP,2020/7/10,142,453,360,211,1166,0.882914772,0.982585972,0.987194383,0.995298936,0.987208607
ESP,2020/7/11,97,229,208,79,613,0.869837306,0.988390648,0.991462922,0.996865957,0.991472405
ESP,2020/7/12,66,137,123,69,395,0.856759839,0.994195324,0.995731461,0.998432979,0.995736202
ESP,2020/7/13,121,324,273,174,892,0.843682373,1,1,1,1
ESP,2020/7/14,146,540,416,221,1323,0.830604906,0.995699775,0.997047581,0.995689606,0.996020948
ESP,2020/7/15,243,584,467,292,1586,0.81752744,0.99139955,0.994095162,0.991379212,0.992041895
ESP,2020/7/16,241,653,476,257,1627,0.804449973,0.987099325,0.991142743,0.987068818,0.988062843
ESP,2020/7/17,358,867,587,305,2117,0.791372507,0.9827991,0.988190324,0.982758424,0.98408379
ESP,2020/7/18,284,583,415,263,1545,0.77829504,0.978498874,0.985237905,0.97844803,0.980104738
ESP,2020/7/19,224,515,258,149,1146,0.765217574,0.974198649,0.982285486,0.974137636,0.976125686
ESP,2020/7/20,244,682,452,233,1611,0.752140107,0.969898424,0.979333067,0.969827242,0.972146633
ESP,2020/7/21,401,974,657,296,2328,0.764306798,0.969355634,0.977816915,0.971330527,0.971737304
ESP,2020/7/22,365,973,689,304,2331,0.776473488,0.968812845,0.976300764,0.972833813,0.971327976
ESP,2020/7/23,454,919,665,313,2351,0.788640178,0.968270055,0.974784613,0.974337098,0.970918647
ESP,2020/7/24,524,1163,767,374,2828,0.800806868,0.967727265,0.973268462,0.975840384,0.970509318
ESP,2020/7/25,312,687,450,252,1701,0.812973558,0.967184476,0.971752311,0.97734367,0.970099989
ESP,2020/7/26,250,501,382,222,1355,0.825140248,0.966641686,0.97023616,0.978846955,0.969690661
ESP,2020/7/27,312,767,588,360,2027,0.837306938,0.966098896,0.968720009,0.980350241,0.969281332
ESP,2020/7/28,517,1065,859,450,2891,0.849473628,0.965556107,0.967203858,0.981853526,0.968872003
ESP,2020/7/29,553,1204,862,563,3182,0.861640318,0.965013317,0.965687707,0.983356812,0.968462675
ESP,2020/7/30,619,1315,975,540,3449,0.873807008,0.964470527,0.964171556,0.984860097,0.968053346
ESP,2020/7/31,713,1489,1085,563,3850,0.885973698,0.963927738,0.962655405,0.986363383,0.967644017
ESP,2020/8/1,560,1118,876,491,3045,0.898140388,0.963384948,0.961139253,0.987866668,0.967234688
ESP,2020/8/2,270,716,525,326,1837,0.910307079,0.962842158,0.959623102,0.989369954,0.96682536
ESP,2020/8/3,490,1011,756,536,2793,0.922473769,0.962299368,0.958106951,0.990873239,0.966416031
ESP,2020/8/4,780,1683,1308,659,4430,0.928011357,0.962517216,0.959711521,0.990537502,0.967188021
ESP,2020/8/5,718,1684,1228,685,4315,0.933548945,0.962735064,0.961316091,0.990201766,0.967960012
ESP,2020/8/6,774,1897,1471,744,4886,0.939086532,0.962952912,0.962920661,0.989866029,0.968732002
ESP,2020/8/7,1011,2177,1595,944,5727,0.94462412,0.96317076,0.96452523,0.989530292,0.969503993
ESP,2020/8/8,621,1280,1010,597,3508,0.950161708,0.963388608,0.9661298,0.989194555,0.970275984
ESP,2020/8/9,434,1028,730,438,2630,0.955699296,0.963606456,0.96773437,0.988858818,0.971047974
ESP,2020/8/10,635,1427,1098,762,3922,0.961236884,0.963824304,0.96933894,0.988523081,0.971819965
ESP,2020/8/11,1041,2238,1806,1102,6187,0.966774472,0.964042152,0.97094351,0.988187344,0.972591955
ESP,2020/8/12,1129,2400,1909,988,6426,0.97231206,0.96426,0.972548079,0.987851607,0.973363946
ESP,2020/8/13,1190,2715,2036,1138,7079,0.977849648,0.964477848,0.974152649,0.987515871,0.974135936
ESP,2020/8/14,1490,3167,2517,1219,8393,0.983387236,0.964695696,0.975757219,0.987180134,0.974907927
ESP,2020/8/15,836,1839,1399,739,4813,0.988924824,0.964913544,0.977361789,0.986844397,0.975679917
ESP,2020/8/16,574,1194,933,586,3287,0.994462412,0.965131392,0.978966359,0.98650866,0.976451908
ESP,2020/8/17,787,1818,1489,887,4981,1,0.96534924,0.980570928,0.986172923,0.977223898
ESP,2020/8/18,1440,3153,2547,1379,8519,1,0.965985518,0.980325205,0.985853265,0.977243983
ESP,2020/8/19,1510,3189,2571,1408,8678,1,0.966621796,0.980079481,0.985533607,0.977264067
ESP,2020/8/20,1539,3395,2639,1460,9033,1,0.967258074,0.979833757,0.98521395,0.977284152
ESP,2020/8/21,1914,3954,2983,1661,10512,1,0.967894352,0.979588034,0.984894292,0.977304236
ESP,2020/8/22,1014,2276,1789,964,6043,1,0.96853063,0.97934231,0.984574634,0.977324321
ESP,2020/8/23,652,1545,1344,735,4276,1,0.969166908,0.979096587,0.984254976,0.977344405
ESP,2020/8/24,885,2220,1857,1084,6046,1,0.969803186,0.978850863,0.983935318,0.97736449
ESP,2020/8/25,1790,3756,3114,1666,10326,1,0.970439464,0.978605139,0.983615661,0.977384574
ESP,2020/8/26,1787,3703,3171,1654,10315,1,0.971075742,0.978359416,0.983296003,0.977404659
ESP,2020/8/27,1834,3780,3102,1625,10341,1,0.971712021,0.978113692,0.982976345,0.977424743
ESP,2020/8/28,2233,4176,3575,1985,11969,1,0.972348299,0.977867968,0.982656687,0.977444828
ESP,2020/8/29,1143,2354,2056,1326,6879,1,0.972984577,0.977622245,0.982337029,0.977464912
ESP,2020/8/30,828,1745,1589,1018,5180,1,0.973620855,0.977376521,0.982017371,0.977484997
ESP,2020/8/31,1124,2184,2059,1271,6638,1,0.974257133,0.977130797,0.981697714,0.977505081
ESP,2020/9/1,1924,3499,3307,1791,10521,0.995321708,0.974564536,0.978413075,0.981067652,0.978011672
ESP,2020/9/2,1780,3525,3365,2064,10734,0.990643416,0.97487194,0.979695354,0.980437591,0.978518263
ESP,2020/9/3,1974,3537,3389,2098,10998,0.985965124,0.975179343,0.980977632,0.979807529,0.979024853
ESP,2020/9/4,2547,4135,4112,2417,13211,0.981286832,0.975486746,0.98225991,0.979177468,0.979531444
ESP,2020/9/5,1417,2364,2455,1656,7892,0.97660854,0.975794149,0.983542189,0.978547406,0.980038035
ESP,2020/9/6,861,1719,1684,1231,5495,0.971930248,0.976101553,0.984824467,0.977917345,0.980544625
ESP,2020/9/7,1144,2125,2259,1528,7056,0.967251956,0.976408956,0.986106745,0.977287284,0.981051216
ESP,2020/9/8,2199,3591,3874,2316,11980,0.962573664,0.976716359,0.987389023,0.976657222,0.981557807
ESP,2020/9/9,2458,3867,4134,2370,12829,0.957895372,0.977023763,0.988671302,0.976027161,0.982064397
ESP,2020/9/10,2573,3980,4045,2448,13046,0.95321708,0.977331166,0.98995358,0.975397099,0.982570988
ESP,2020/9/11,2810,4293,4426,2898,14427,0.948538788,0.977638569,0.991235858,0.974767038,0.983077579
ESP,2020/9/12,1553,2430,2598,1734,8315,0.943860496,0.977945973,0.992518137,0.974136976,0.983584169
ESP,2020/9/13,1136,1836,2072,1351,6395,0.939182204,0.978253376,0.993800415,0.973506915,0.98409076
ESP,2020/9/14,1559,2317,2606,1730,8212,0.934503912,0.978560779,0.995082693,0.972876854,0.984597351
ESP,2020/9/15,2765,4105,4303,2674,13847,0.92982562,0.977077492,0.99290883,0.97549986,0.983728313
ESP,2020/9/16,2803,4099,4479,2671,14052,0.925147328,0.975594205,0.990734967,0.978122866,0.982859274
ESP,2020/9/17,2875,4179,4089,2645,13788,0.920469036,0.974110918,0.988561104,0.980745872,0.981990236
ESP,2020/9/18,3718,4869,5001,3141,16729,0.915790744,0.972627631,0.986387241,0.983368879,0.981121198
ESP,2020/9/19,1672,2310,2569,1763,8314,0.911112452,0.971144344,0.984213378,0.985991885,0.98025216
ESP,2020/9/20,1128,1607,1839,1276,5850,0.90643416,0.969661057,0.982039514,0.988614891,0.979383121
ESP,2020/9/21,1485,2340,2535,1665,8025,0.901755868,0.968177769,0.979865651,0.991237898,0.978514083
ESP,2020/9/22,2651,3690,3917,2554,12812,0.897077576,0.97051875,0.980327719,0.990488661,0.979000885
ESP,2020/9/23,2741,3618,3868,2534,12761,0.892399284,0.972859731,0.980789788,0.989739424,0.979487686
ESP,2020/9/24,2707,3602,3889,2460,12658,0.887720992,0.975200712,0.981251856,0.988990188,0.979974488
ESP,2020/9/25,3017,3979,4045,2495,13536,0.8830427,0.977541693,0.981713924,0.988240951,0.980461289
ESP,2020/9/26,1566,2157,2339,1583,7645,0.878364408,0.979882674,0.982175992,0.987491715,0.980948091
ESP,2020/9/27,1012,1378,1608,1030,5028,0.873686116,0.982223654,0.98263806,0.986742478,0.981434893
ESP,2020/9/28,1392,1951,2249,1457,7049,0.869007824,0.984564635,0.983100128,0.985993241,0.981921694
ESP,2020/9/29,2323,3218,3546,2244,11331,0.870151454,0.986769687,0.985514396,0.985408155,0.984504309
ESP,2020/9/30,2321,3278,3443,2165,11207,0.871295085,0.988974739,0.987928663,0.984823068,0.987086924
ESP,2020/10/1,2313,3263,3488,2012,11076,0.872438715,0.991179791,0.99034293,0.984237981,0.98966954
ESP,2020/10/2,2535,3561,3814,2503,12413,0.873582346,0.993384844,0.992757198,0.983652895,0.992252155
ESP,2020/10/3,1325,1996,2100,1469,6890,0.874725976,0.995589896,0.995171465,0.983067808,0.99483477
ESP,2020/10/4,1007,1419,1631,1092,5149,0.875869607,0.997794948,0.997585733,0.982482721,0.997417385
ESP,2020/10/5,1781,2387,2923,1843,8934,0.877013237,1,1,0.981897634,1
ESP,2020/10/6,2400,3345,3906,2598,12249,0.878156867,0.99857123,0.998661734,0.981312548,0.99791113
ESP,2020/10/7,2409,3579,3917,2534,12439,0.879300498,0.997142461,0.997323468,0.980727461,0.995822259
ESP,2020/10/8,2702,4146,4171,2841,13860,0.880444128,0.995713691,0.995985201,0.980142374,0.993733389
ESP,2020/10/9,3009,4253,4539,2990,14791,0.881587759,0.994284922,0.994646935,0.979557287,0.991644518
ESP,2020/10/10,1563,2460,2775,1940,8738,0.882731389,0.992856152,0.993308669,0.978972201,0.989555648
ESP,2020/10/11,1161,1832,2144,1625,6762,0.883875019,0.991427382,0.991970403,0.978387114,0.987466778
ESP,2020/10/12,1027,1731,2120,1453,6331,0.88501865,0.989998613,0.990632137,0.977802027,0.985377907
ESP,2020/10/13,2203,3494,4187,2530,12414,0.893231603,0.978898806,0.991970403,0.9771773,0.982093136
ESP,2020/10/14,3094,4582,5317,3407,16400,0.901444557,0.967798999,0.993308669,0.976552572,0.978808364
ESP,2020/10/15,3384,4961,5554,3615,17514,0.909657511,0.956699192,0.994646935,0.975927844,0.975523592
ESP,2020/10/16,3665,5139,5892,3599,18295,0.917870464,0.945599385,0.995985201,0.975303117,0.972238821
ESP,2020/10/17,2057,3344,3832,2705,11938,0.926083418,0.934499578,0.997323468,0.974678389,0.968954049
ESP,2020/10/18,1407,2180,2718,1924,8229,0.934296371,0.923399771,0.998661734,0.974053661,0.965669277
ESP,2020/10/19,2933,4329,5136,3315,15713,0.942509325,0.912299964,1,0.973428934,0.962384506
ESP,2020/10/20,4090,5599,6755,4462,20906,0.950722278,0.920133521,0.99815785,0.972804206,0.964432629
ESP,2020/10/21,4426,6348,7278,5156,23208,0.958935232,0.927967079,0.9963157,0.972179478,0.966480751
ESP,2020/10/22,4437,6797,7369,5189,23792,0.967148186,0.935800636,0.99447355,0.971554751,0.968528874
ESP,2020/10/23,4772,6947,7775,5499,24993,0.975361139,0.943634194,0.9926314,0.970930023,0.970576997
ESP,2020/10/24,2808,4176,4879,3542,15405,0.983574093,0.951467751,0.99078925,0.970305295,0.97262512
ESP,2020/10/25,1950,2895,3607,2767,11219,0.991787046,0.959301309,0.9889471,0.969680568,0.974673243
ESP,2020/10/26,3524,5440,6642,4360,19966,1,0.967134866,0.98710495,0.96905584,0.976721366
ESP,2020/10/27,4574,6525,7900,5272,24271,1,0.966887942,0.967828345,0.970621794,0.966103899
ESP,2020/10/28,4591,6488,7924,5571,24574,1,0.966641019,0.948551739,0.972187747,0.955486432
ESP,2020/10/29,4574,6464,7489,5593,24120,1,0.966394095,0.929275134,0.973753701,0.944868965
ESP,2020/10/30,4655,6524,7998,5697,24874,1,0.966147171,0.909998529,0.975319655,0.934251498
ESP,2020/10/31,2845,4021,5118,4002,15986,1,0.965900247,0.890721923,0.976885609,0.923634032
ESP,2020/11/1,1844,2727,3572,2829,10972,1,0.965653323,0.871445318,0.978451562,0.913016565
ESP,2020/11/2,2706,3877,5035,3901,15519,1,0.965406399,0.852168713,0.980017516,0.902399098
ESP,2020/11/3,3915,5763,7420,4995,22093,1,0.965159475,0.871616925,0.98158347,0.913722637
ESP,2020/11/4,4397,6240,7855,5667,24159,1,0.964912552,0.891065138,0.983149423,0.925046175
ESP,2020/11/5,4333,6093,7575,5585,23586,1,0.964665628,0.910513351,0.984715377,0.936369714
ESP,2020/11/6,4531,5889,7517,5600,23537,1,0.964418704,0.929961564,0.986281331,0.947693253
ESP,2020/11/7,2601,3659,4632,3677,14569,1,0.96417178,0.949409776,0.987847285,0.959016792
ESP,2020/11/8,1636,2401,3164,2633,9834,1,0.963924856,0.968857989,0.989413238,0.970340331
ESP,2020/11/9,2973,4065,5657,3863,16558,1,0.963677932,0.988306202,0.990979192,0.98166387
ESP,2020/11/10,3897,5075,6523,5109,20604,0.994935737,0.968866799,0.989976744,0.992267879,0.979739808
ESP,2020/11/11,3797,4963,6484,4763,20007,0.989871474,0.974055666,0.991647287,0.993556566,0.977815746
ESP,2020/11/12,3593,4804,6032,4757,19186,0.984807211,0.979244533,0.99331783,0.994845253,0.975891684
ESP,2020/11/13,3481,4526,6086,4332,18425,0.979742948,0.9844334,0.994988372,0.996133939,0.973967622
ESP,2020/11/14,2008,2589,3298,2691,10586,0.974678685,0.989622266,0.996658915,0.997422626,0.97204356
ESP,2020/11/15,1120,1650,2208,1697,6675,0.969614422,0.994811133,0.998329457,0.998711313,0.970119498
ESP,2020/11/16,2264,3216,4246,3097,12823,0.964550159,1,1,1,0.968195436
ESP,2020/11/17,2936,3947,5133,3856,15872,0.959485896,0.998700034,0.999706855,0.999822928,0.968679253
ESP,2020/11/18,2764,3687,4793,3557,14801,0.954421633,0.997400068,0.99941371,0.999645855,0.96916307
ESP,2020/11/19,2613,3283,4122,3183,13201,0.949357371,0.996100103,0.999120565,0.999468783,0.969646888
ESP,2020/11/20,2567,3135,3924,3017,12643,0.944293108,0.994800137,0.998827421,0.99929171,0.970130705
ESP,2020/11/21,1337,1740,2312,1850,7239,0.939228845,0.993500171,0.998534276,0.999114638,0.970614522
ESP,2020/11/22,828,1070,1462,1253,4613,0.934164582,0.992200205,0.998241131,0.998937566,0.971098339
ESP,2020/11/23,1605,2306,3089,2153,9153,0.929100319,0.990900239,0.997947986,0.998760493,0.971582156
ESP,2020/11/24,1928,2744,3611,2660,10943,0.924036056,0.989600273,0.997654841,0.998583421,0.972065973
ESP,2020/11/25,1841,2491,3116,2565,10013,0.918971793,0.988300308,0.997361696,0.998406348,0.97254979
ESP,2020/11/26,1764,2451,2993,2424,9632,0.91390753,0.987000342,0.997068551,0.998229276,0.973033607
ESP,2020/11/27,1916,2428,3140,2418,9902,0.908843267,0.985700376,0.996775407,0.998052204,0.973517424
ESP,2020/11/28,942,1380,1725,1433,5480,0.903779004,0.98440041,0.996482262,0.997875131,0.974001241
ESP,2020/11/29,552,825,1099,922,3398,0.898714741,0.983100444,0.996189117,0.997698059,0.974485058
ESP,2020/11/30,1298,1897,2495,1732,7422,0.893650478,0.981800478,0.995895972,0.997520986,0.974968875
ESP,2020/12/1,1756,2319,2957,2482,9514,0.888586215,0.980500513,0.995602827,0.997343914,0.975452692
ESP,2020/12/2,1724,2339,2778,2071,8912,0.883521952,0.979200547,0.995309682,0.997166842,0.975936509
ESP,2020/12/3,1606,2056,2563,1938,8163,0.878457689,0.977900581,0.995016537,0.996989769,0.976420326
ESP,2020/12/4,1648,2212,2590,1987,8437,0.873393426,0.976600615,0.994723393,0.996812697,0.976904143
ESP,2020/12/5,993,1225,1597,1149,4964,0.868329163,0.975300649,0.994430248,0.996635624,0.97738796
ESP,2020/12/6,611,801,1049,816,3277,0.8632649,0.974000683,0.994137103,0.996458552,0.977871777
ESP,2020/12/7,803,1315,1694,1429,5241,0.858200638,0.972700718,0.993843958,0.99628148,0.978355594
ESP,2020/12/8,654,1044,1341,1011,4050,0.853136375,0.971400752,0.993550813,0.996104407,0.978839412
ESP,2020/12/9,1441,2217,2812,1963,8433,0.848072112,0.970100786,0.993257668,0.995927335,0.979323229
ESP,2020/12/10,1976,2849,3430,2515,10770,0.843007849,0.96880082,0.992964523,0.995750262,0.979807046
ESP,2020/12/11,2094,3159,3513,2572,11338,0.837943586,0.967500854,0.992671379,0.99557319,0.980290863
ESP,2020/12/12,1159,1776,2110,1549,6594,0.832879323,0.966200888,0.992378234,0.995396118,0.98077468
ESP,2020/12/13,661,1189,1386,1010,4246,0.82781506,0.964900923,0.992085089,0.995219045,0.981258497
ESP,2020/12/14,1626,2710,3316,2260,9912,0.822750797,0.963600957,0.991791944,0.995041973,0.981742314
ESP,2020/12/15,2171,3263,3786,2968,12188,0.831191235,0.963928196,0.991549519,0.994650037,0.981727587
ESP,2020/12/16,2023,3187,3648,2900,11758,0.839631673,0.964255436,0.991307095,0.994258101,0.98171286
ESP,2020/12/17,2022,3067,3462,2431,10982,0.848072112,0.964582675,0.99106467,0.993866166,0.981698133
ESP,2020/12/18,2229,3392,3951,2645,12217,0.85651255,0.964909915,0.990822245,0.99347423,0.981683406
ESP,2020/12/19,1312,1872,2193,1549,6926,0.864952988,0.965237154,0.990579821,0.993082295,0.981668679
ESP,2020/12/20,676,1158,1460,1085,4379,0.873393426,0.965564394,0.990337396,0.992690359,0.981653952
ESP,2020/12/21,1844,3052,3655,2460,11011,0.881833865,0.965891633,0.990094971,0.992298423,0.981639225
ESP,2020/12/22,2256,3692,4327,3151,13426,0.890274303,0.966218873,0.989852547,0.991906488,0.981624498
ESP,2020/12/23,2471,4169,4794,3094,14528,0.898714741,0.966546112,0.989610122,0.991514552,0.981609771
ESP,2020/12/24,1784,2857,3219,2121,9981,0.907155179,0.966873352,0.989367697,0.991122616,0.981595045
ESP,2020/12/25,755,1355,1592,1111,4813,0.915595618,0.967200591,0.989125273,0.990730681,0.981580318
ESP,2020/12/26,968,1766,2200,1493,6427,0.924036056,0.967527831,0.988882848,0.990338745,0.981565591
ESP,2020/12/27,849,1743,1931,1441,5964,0.932476494,0.96785507,0.988640423,0.989946809,0.981550864
ESP,2020/12/28,2236,4433,5136,3300,15105,0.940916932,0.96818231,0.988397999,0.989554874,0.981536137
ESP,2020/12/29,3094,5537,6174,4165,18970,0.949357371,0.968509549,0.988155574,0.989162938,0.98152141
ESP,2020/12/30,3514,6412,6614,4553,21093,0.957797809,0.968836789,0.987913149,0.988771002,0.981506683
ESP,2020/12/31,2698,4688,4813,3384,15583,0.966238247,0.969164028,0.987670725,0.988379067,0.981491956
ESP,2021/1/1,1136,2169,2492,1866,7663,0.974678685,0.969491268,0.9874283,0.987987131,0.981477229
ESP,2021/1/2,1462,3184,3449,2437,10532,0.983119124,0.969818507,0.987185875,0.987595196,0.981462502
ESP,2021/1/3,1419,3052,3170,2325,9966,0.991559562,0.970145747,0.986943451,0.98720326,0.981447775
ESP,2021/1/4,3090,7016,7316,4764,22186,1,0.970472986,0.986701026,0.986811324,0.981433048
ESP,2021/1/5,5030,9467,9790,6474,30761,1,0.971343719,0.985834209,0.986897323,0.981381937
ESP,2021/1/6,2298,4500,4569,3264,14631,1,0.972214452,0.984967391,0.986983321,0.981330825
ESP,2021/1/7,4072,8412,8731,5592,26807,1,0.973085185,0.984100574,0.987069319,0.981279714
ESP,2021/1/8,5527,9782,10632,6957,32898,1,0.973955918,0.983233756,0.987155318,0.981228602
ESP,2021/1/9,3302,5776,6108,4134,19320,1,0.974826651,0.982366938,0.987241316,0.981177491
ESP,2021/1/10,2064,4108,4540,3238,13950,1,0.975697384,0.981500121,0.987327314,0.981126379
ESP,2021/1/11,5029,9525,10905,7065,32524,1,0.976568117,0.980633303,0.987413313,0.981075268
ESP,2021/1/12,6166,10699,12092,8434,37391,1,0.975191245,0.980141205,0.988312362,0.980522255
ESP,2021/1/13,6677,10943,12563,8833,39016,1,0.973814374,0.979649107,0.989211411,0.979969241
ESP,2021/1/14,6711,10816,12382,8499,38408,1,0.972437503,0.979157008,0.99011046,0.979416228
ESP,2021/1/15,7855,11720,13766,9656,42997,1,0.971060631,0.97866491,0.991009509,0.978863215
ESP,2021/1/16,4347,6523,8133,6027,25030,1,0.96968376,0.978172812,0.991908558,0.978310201
ESP,2021/1/17,3126,4642,6236,4658,18662,1,0.968306889,0.977680714,0.992807607,0.977757188
ESP,2021/1/18,5652,9287,12346,8523,35808,1,0.966930018,0.977188615,0.993706656,0.977204175
ESP,2021/1/19,7728,10844,14110,9807,42489,1,0.965553146,0.976696517,0.994605705,0.976651161
ESP,2021/1/20,7881,10625,13721,9745,41972,1,0.964176275,0.976204419,0.995504754,0.976098148
ESP,2021/1/21,8028,10283,13236,9342,40889,1,0.962799404,0.97571232,0.996403804,0.975545135
ESP,2021/1/22,8480,10648,13642,9503,42273,1,0.961422533,0.975220222,0.997302853,0.974992121
ESP,2021/1/23,4649,5714,7721,5745,23829,1,0.960045661,0.974728124,0.998201902,0.974439108
ESP,2021/1/24,3189,4229,5752,4179,17349,1,0.95866879,0.974236025,0.999100951,0.973886095
ESP,2021/1/25,5950,8101,11232,7534,32817,1,0.957291919,0.973743927,1,0.973333081
ESP,2021/1/26,7528,9144,12252,8601,37525,1,0.953747653,0.973886596,0.998975152,0.972437349
ESP,2021/1/27,7621,8493,11656,8087,35857,1,0.950203388,0.974029265,0.997950305,0.971541617
ESP,2021/1/28,7170,8089,10776,7371,33406,1,0.946659123,0.974171933,0.996925457,0.970645885
ESP,2021/1/29,7244,7599,10423,7136,32402,1,0.943114857,0.974314602,0.99590061,0.969750153
ESP,2021/1/30,4075,4237,5834,4077,18223,1,0.939570592,0.974457271,0.994875762,0.96885442
ESP,2021/1/31,2425,2765,3895,2675,11760,1,0.936026327,0.97459994,0.993850915,0.967958688
ESP,2021/2/1,4530,5557,7578,4931,22596,1,0.932482061,0.974742608,0.992826067,0.967062956
ESP,2021/2/2,5947,6051,8221,5892,26111,1,0.937813314,0.976061716,0.993850915,0.969331527
ESP,2021/2/3,5469,5680,7571,5167,23887,1,0.943144566,0.977380824,0.994875762,0.971600097
ESP,2021/2/4,4874,5056,6695,4569,21194,1,0.948475818,0.978699932,0.99590061,0.973868668
ESP,2021/2/5,4936,4601,6277,4422,20236,1,0.95380707,0.980019039,0.996925457,0.976137239
ESP,2021/2/6,2305,2410,3363,2285,10363,1,0.959138322,0.981338147,0.997950305,0.97840581
ESP,2021/2/7,1289,1459,1994,1378,6120,1,0.964469574,0.982657255,0.998975152,0.98067438
ESP,2021/2/8,2994,3309,4605,2928,13836,1,0.969800826,0.983976362,1,0.982942951
ESP,2021/2/9,3606,3688,4898,3219,15411,0.99130817,0.974114994,0.982169521,1,0.983435455
ESP,2021/2/10,3243,3231,4174,2769,13417,0.98261634,0.978429162,0.980362681,1,0.983927959
ESP,2021/2/11,2790,2892,3755,2462,11899,0.97392451,0.982743329,0.97855584,1,0.984420464
ESP,2021/2/12,2851,2847,3680,2384,11762,0.96523268,0.987057497,0.976748999,1,0.984912968
ESP,2021/2/13,1352,1386,1810,1219,5767,0.95654085,0.991371665,0.974942158,1,0.985405472
ESP,2021/2/14,777,804,1225,782,3588,0.94784902,0.995685832,0.973135317,1,0.985897976
ESP,2021/2/15,1897,2294,2883,1821,8895,0.93915719,1,0.971328476,1,0.98639048
ESP,2021/2/16,2331,2442,3130,1990,9893,0.93046536,0.99531571,0.973564884,1,0.985889685
ESP,2021/2/17,2124,2190,2703,1646,8663,0.921773531,0.99063142,0.975801291,1,0.985388889
ESP,2021/2/18,1906,2008,2654,1649,8217,0.913081701,0.985947129,0.978037699,1,0.984888093
ESP,2021/2/19,1985,2014,2434,1562,7995,0.904389871,0.981262839,0.980274106,1,0.984387297
ESP,2021/2/20,917,988,1266,862,4033,0.895698041,0.976578549,0.982510514,1,0.983886501
ESP,2021/2/21,561,632,926,567,2686,0.887006211,0.971894259,0.984746921,1,0.983385706
ESP,2021/2/22,1516,1699,2293,1347,6855,0.878314381,0.967209968,0.986983329,1,0.98288491
ESP,2021/2/23,1760,1895,2316,1432,7403,0.882660296,0.967996016,0.986478725,0.999067861,0.98276088
ESP,2021/2/24,1519,1670,2071,1239,6499,0.887006211,0.968782063,0.985974121,0.998135723,0.982636851
ESP,2021/2/25,1470,1593,1936,1197,6196,0.891352126,0.96956811,0.985469518,0.997203584,0.982512822
ESP,2021/2/26,1502,1649,2054,1290,6495,0.895698041,0.970354158,0.984964914,0.996271446,0.982388792
ESP,2021/2/27,706,773,1082,659,3220,0.900043956,0.971140205,0.98446031,0.995339307,0.982264763
ESP,2021/2/28,463,568,743,474,2248,0.904389871,0.971926252,0.983955706,0.994407168,0.982140733
ESP,2021/3/1,1208,1330,1795,1079,5412,0.908735786,0.9727123,0.983451102,0.99347503,0.982016704
ESP,2021/3/2,1371,1598,1847,1091,5907,0.913081701,0.973498347,0.982946499,0.992542891,0.981892674
ESP,2021/3/3,1369,1614,1903,1106,5992,0.917427616,0.974284394,0.982441895,0.991610752,0.981768645
ESP,2021/3/4,1284,1512,1724,1129,5649,0.921773531,0.975070442,0.981937291,0.990678614,0.981644616
ESP,2021/3/5,1287,1522,1830,1134,5773,0.926119446,0.975856489,0.981432687,0.989746475,0.981520586
ESP,2021/3/6,585,735,967,596,2883,0.93046536,0.976642536,0.980928083,0.988814337,0.981396557
ESP,2021/3/7,377,509,716,462,2064,0.934811275,0.977428584,0.98042348,0.987882198,0.981272527
ESP,2021/3/8,1076,1333,1767,984,5160,0.93915719,0.978214631,0.979918876,0.986950059,0.981148498
ESP,2021/3/9,1297,1468,1868,1072,5705,0.943503105,0.976662283,0.981051096,0.985086669,0.980717635
ESP,2021/3/10,1308,1503,1740,996,5547,0.94784902,0.975109936,0.982183317,0.983223278,0.980286772
ESP,2021/3/11,1253,1441,1690,1019,5403,0.952194935,0.973557588,0.983315537,0.981359888,0.979855909
ESP,2021/3/12,1395,1482,1849,1136,5862,0.95654085,0.97200524,0.984447758,0.979496497,0.979425046
ESP,2021/3/13,582,749,935,583,2849,0.960886765,0.970452893,0.985579978,0.977633106,0.978994183
ESP,2021/3/14,375,528,658,431,1992,0.96523268,0.968900545,0.986712199,0.975769716,0.97856332
ESP,2021/3/15,1152,1510,1886,1071,5619,0.969578595,0.967348197,0.987844419,0.973906325,0.978132457
ESP,2021/3/16,1413,1653,1915,1167,6148,0.97392451,0.968595137,0.986251605,0.973105122,0.977642085
ESP,2021/3/17,1327,1596,1855,1104,5882,0.978270425,0.969842077,0.98465879,0.972303919,0.977151714
ESP,2021/3/18,1506,1736,2021,1165,6428,0.98261634,0.971089017,0.983065976,0.971502715,0.976661342
ESP,2021/3/19,1078,1204,1515,927,4724,0.986962255,0.972335957,0.981473161,0.970701512,0.97617097
ESP,2021/3/20,631,743,1003,585,2962,0.99130817,0.973582897,0.979880347,0.969900308,0.975680599
ESP,2021/3/21,458,560,833,466,2317,0.995654085,0.974829837,0.978287532,0.969099105,0.975190227
ESP,2021/3/22,1236,1698,2073,1188,6195,1,0.976076777,0.976694718,0.968297902,0.974699855
ESP,2021/3/23,1637,2012,2346,1448,7443,1,0.976076777,0.976694718,0.968297902,0.974699855
ESP,2021/3/24,1598,1953,2132,1299,6982,1,0.976076777,0.976694718,0.968297902,0.974699855
ESP,2021/3/25,1584,2194,2243,1352,7373,1,0.976076777,0.976694718,0.968297902,0.974699855
ESP,2021/3/26,1714,2103,2442,1444,7703,1,0.976076777,0.976694718,0.968297902,0.974699855
ESP,2021/3/27,786,1136,1423,811,4156,1,0.976076777,0.976694718,0.968297902,0.974699855
ESP,2021/3/28,545,772,1023,635,2975,1,0.976076777,0.976694718,0.968297902,0.974699855
ESP,2021/3/29,1429,1992,2488,1532,7441,1,0.976076777,0.976694718,0.968297902,0.974699855
ESP,2021/3/30,1658,2193,2816,1603,8270,1,0.976076777,0.976694718,0.968297902,0.974699855
ESP,2021/3/31,1797,2628,2914,1720,9059,1,0.976076777,0.976694718,0.968297902,0.974699855
GBR,2020/2/1,0,0,0,0,0,0.091594483,0.135061434,0.122758985,0.103193766,0.120682964
GBR,2020/2/2,0,0,1,0,1,0.091594483,0.135061434,0.122758985,0.103193766,0.120682964
GBR,2020/2/3,1,0,2,0,3,0.091594483,0.135061434,0.122758985,0.103193766,0.120682964
GBR,2020/2/4,0,0,0,0,0,0.091594483,0.135061434,0.122758985,0.103193766,0.120682964
GBR,2020/2/5,0,0,1,0,1,0.091594483,0.135061434,0.122758985,0.103193766,0.120682964
GBR,2020/2/6,0,0,0,0,0,0.091594483,0.135061434,0.122758985,0.103193766,0.120682964
GBR,2020/2/7,0,0,0,0,0,0.091594483,0.135061434,0.122758985,0.103193766,0.120682964
GBR,2020/2/8,0,0,3,0,3,0.091594483,0.135061434,0.122758985,0.103193766,0.120682964
GBR,2020/2/9,0,0,1,0,1,0.091594483,0.135061434,0.122758985,0.103193766,0.120682964
GBR,2020/2/10,0,1,0,0,1,0.091594483,0.135061434,0.122758985,0.103193766,0.120682964
GBR,2020/2/11,0,2,0,0,2,0.091594483,0.135061434,0.122758985,0.103193766,0.120682964
GBR,2020/2/12,0,0,0,0,0,0.091594483,0.135061434,0.122758985,0.103193766,0.120682964
GBR,2020/2/13,0,0,0,0,0,0.091594483,0.135061434,0.122758985,0.103193766,0.120682964
GBR,2020/2/14,0,0,0,0,0,0.091594483,0.135061434,0.122758985,0.103193766,0.120682964
GBR,2020/2/15,0,0,0,0,0,0.091594483,0.135061434,0.122758985,0.103193766,0.120682964
GBR,2020/2/16,0,0,0,0,0,0.091594483,0.135061434,0.122758985,0.103193766,0.120682964
GBR,2020/2/17,0,0,0,0,0,0.091594483,0.135061434,0.122758985,0.103193766,0.120682964
GBR,2020/2/18,0,0,0,0,0,0.091594483,0.135061434,0.122758985,0.103193766,0.120682964
GBR,2020/2/19,0,0,0,0,0,0.091594483,0.135061434,0.122758985,0.103193766,0.120682964
GBR,2020/2/20,0,0,0,0,0,0.091594483,0.135061434,0.122758985,0.103193766,0.120682964
GBR,2020/2/21,0,1,0,1,2,0.091594483,0.135061434,0.122758985,0.103193766,0.120682964
GBR,2020/2/22,0,0,0,0,0,0.091594483,0.135061434,0.122758985,0.103193766,0.120682964
GBR,2020/2/23,0,1,1,0,2,0.091594483,0.135061434,0.122758985,0.103193766,0.120682964
GBR,2020/2/24,0,1,1,0,2,0.091594483,0.135061434,0.122758985,0.103193766,0.120682964
GBR,2020/2/25,0,1,2,1,4,0.091594483,0.135061434,0.122758985,0.103193766,0.120682964
GBR,2020/2/26,0,1,3,0,4,0.091594483,0.135061434,0.122758985,0.103193766,0.120682964
GBR,2020/2/27,0,1,6,1,8,0.091594483,0.135061434,0.122758985,0.103193766,0.120682964
GBR,2020/2/28,0,5,6,0,11,0.091594483,0.135061434,0.122758985,0.103193766,0.120682964
GBR,2020/2/29,1,2,0,2,5,0.091594483,0.135061434,0.122758985,0.103193766,0.120682964
GBR,2020/3/1,0,5,10,4,19,0.091594483,0.135061434,0.122758985,0.103193766,0.120682964
GBR,2020/3/2,0,11,23,6,40,0.091594483,0.135061434,0.122758985,0.103193766,0.120682964
GBR,2020/3/3,3,14,24,12,53,0.091594483,0.135061434,0.122758985,0.103193766,0.120682964
GBR,2020/3/4,2,21,15,11,49,0.091594483,0.135061434,0.122758985,0.103193766,0.120682964
GBR,2020/3/5,2,22,16,6,46,0.091594483,0.135061434,0.122758985,0.103193766,0.120682964
GBR,2020/3/6,6,25,20,21,72,0.091594483,0.135061434,0.122758985,0.103193766,0.120682964
GBR,2020/3/7,3,9,18,19,49,0.091594483,0.135061434,0.122758985,0.103193766,0.120682964
GBR,2020/3/8,0,18,18,13,49,0.091594483,0.135061434,0.122758985,0.103193766,0.120682964
GBR,2020/3/9,3,38,50,35,126,0.091594483,0.135061434,0.122758985,0.103193766,0.120682964
GBR,2020/3/10,10,52,71,95,228,0.091594483,0.135061434,0.122758985,0.103193766,0.120682964
GBR,2020/3/11,12,113,96,132,353,0.091594483,0.135061434,0.122758985,0.103193766,0.120682964
GBR,2020/3/12,11,126,119,162,418,0.091594483,0.135061434,0.122758985,0.103193766,0.120682964
GBR,2020/3/13,5,85,101,202,393,0.091594483,0.135061434,0.122758985,0.103193766,0.120682964
GBR,2020/3/14,7,37,65,202,311,0.091594483,0.135061434,0.122758985,0.103193766,0.120682964
GBR,2020/3/15,8,49,90,248,395,0.091594483,0.135061434,0.122758985,0.103193766,0.120682964
GBR,2020/3/16,9,53,123,356,541,0.091594483,0.135061434,0.122758985,0.103193766,0.120682964
GBR,2020/3/17,11,102,162,398,673,0.091594483,0.135061434,0.122758985,0.103193766,0.120682964
GBR,2020/3/18,15,129,224,523,891,0.091594483,0.135061434,0.122758985,0.103193766,0.120682964
GBR,2020/3/19,13,122,247,516,898,0.091594483,0.135061434,0.122758985,0.103193766,0.120682964
GBR,2020/3/20,18,162,272,601,1053,0.091594483,0.135061434,0.122758985,0.103193766,0.120682964
GBR,2020/3/21,22,118,257,610,1007,0.091594483,0.135061434,0.122758985,0.103193766,0.120682964
GBR,2020/3/22,22,160,270,735,1187,0.091594483,0.135061434,0.122758985,0.103193766,0.120682964
GBR,2020/3/23,48,253,508,1161,1970,0.091594483,0.135061434,0.122758985,0.103193766,0.120682964
GBR,2020/3/24,36,273,480,1155,1944,0.091594483,0.135061434,0.122758985,0.103193766,0.120682964
GBR,2020/3/25,36,280,560,1281,2157,0.091594483,0.135061434,0.122758985,0.103193766,0.120682964
GBR,2020/3/26,38,294,630,1524,2486,0.091594483,0.135061434,0.122758985,0.103193766,0.120682964
GBR,2020/3/27,42,308,626,1566,2542,0.091594483,0.135061434,0.122758985,0.103193766,0.120682964
GBR,2020/3/28,35,286,566,1411,2298,0.091594483,0.135061434,0.122758985,0.103193766,0.120682964
GBR,2020/3/29,28,254,623,1446,2351,0.091594483,0.135061434,0.122758985,0.103193766,0.120682964
GBR,2020/3/30,49,441,883,2030,3403,0.091594483,0.135061434,0.122758985,0.103193766,0.120682964
GBR,2020/3/31,54,498,1000,2110,3662,0.109800403,0.132600032,0.122300631,0.109928535,0.122213465
GBR,2020/4/1,64,622,1114,2196,3996,0.128006323,0.13013863,0.121842277,0.116663304,0.123743965
GBR,2020/4/2,59,635,1145,2106,3945,0.146212243,0.127677228,0.121383924,0.123398073,0.125274466
GBR,2020/4/3,55,640,1094,2127,3916,0.164418164,0.125215826,0.12092557,0.130132842,0.126804966
GBR,2020/4/4,49,530,1019,1736,3334,0.182624084,0.122754424,0.120467216,0.136867611,0.128335467
GBR,2020/4/5,39,507,845,1655,3046,0.200830004,0.120293022,0.120008862,0.14360238,0.129865968
GBR,2020/4/6,61,804,1358,2095,4318,0.219035924,0.11783162,0.119550508,0.150337149,0.131396468
GBR,2020/4/7,67,905,1434,2067,4473,0.213633508,0.123450538,0.123445671,0.152221598,0.134924305
GBR,2020/4/8,50,893,1270,1907,4120,0.208231092,0.129069457,0.127340834,0.154106047,0.138452142
GBR,2020/4/9,55,830,1231,1792,3908,0.202828676,0.134688375,0.131235997,0.155990496,0.141979979
GBR,2020/4/10,57,717,1090,1575,3439,0.19742626,0.140307294,0.13513116,0.157874945,0.145507815
GBR,2020/4/11,53,661,869,1347,2930,0.192023844,0.145926212,0.139026323,0.159759394,0.149035652
GBR,2020/4/12,38,596,937,1261,2832,0.186621428,0.151545131,0.142921486,0.161643843,0.152563489
GBR,2020/4/13,41,770,1093,1429,3333,0.181219012,0.157164049,0.146816649,0.163528292,0.156091326
GBR,2020/4/14,64,835,1092,1428,3419,0.174558271,0.161403085,0.14825696,0.157284885,0.156147768
GBR,2020/4/15,64,1026,1442,1563,4095,0.16789753,0.165642122,0.149697272,0.151041477,0.15620421
GBR,2020/4/16,47,1072,1413,1697,4229,0.161236788,0.169881158,0.151137584,0.144798069,0.156260652
GBR,2020/4/17,78,967,1282,1592,3919,0.154576047,0.174120194,0.152577895,0.138554661,0.156317094
GBR,2020/4/18,75,1112,1454,1398,4039,0.147915306,0.17835923,0.154018207,0.132311253,0.156373536
GBR,2020/4/19,52,900,1292,1201,3445,0.141254565,0.182598267,0.155458519,0.126067845,0.156429978
GBR,2020/4/20,46,872,1068,1596,3582,0.134593824,0.186837303,0.15689883,0.119824437,0.15648642
GBR,2020/4/21,63,962,1236,1557,3818,0.140616392,0.188051006,0.155398344,0.12351004,0.15762605
GBR,2020/4/22,88,1255,1718,1611,4672,0.146638959,0.189264709,0.153897857,0.127195642,0.158765679
GBR,2020/4/23,104,1161,1490,1666,4421,0.152661527,0.190478412,0.15239737,0.130881245,0.159905308
GBR,2020/4/24,98,1126,1333,1669,4226,0.158684095,0.191692115,0.150896884,0.134566847,0.161044938
GBR,2020/4/25,64,909,1085,1156,3214,0.164706663,0.192905818,0.149396397,0.13825245,0.162184567
GBR,2020/4/26,61,830,1047,980,2918,0.17072923,0.194119521,0.14789591,0.141938052,0.163324196
GBR,2020/4/27,77,949,1249,1466,3741,0.176751798,0.195333225,0.146395423,0.145623655,0.164463826
GBR,2020/4/28,96,985,1227,1448,3756,0.169771128,0.186208863,0.151637801,0.161874306,0.167366775
GBR,2020/4/29,94,1274,1550,1624,4542,0.162790459,0.177084501,0.156880178,0.178124957,0.170269723
GBR,2020/4/30,98,1119,1344,1707,4268,0.155809789,0.167960139,0.162122555,0.194375608,0.173172672
GBR,2020/5/1,96,1112,1251,1585,4044,0.148829119,0.158835777,0.167364933,0.21062626,0.176075621
GBR,2020/5/2,54,692,836,1109,2691,0.14184845,0.149711415,0.17260731,0.226876911,0.17897857
GBR,2020/5/3,82,665,769,1017,2533,0.13486778,0.140587053,0.177849687,0.243127562,0.181881519
GBR,2020/5/4,91,615,762,1325,2793,0.12788711,0.131462691,0.183092065,0.259378213,0.184784468
GBR,2020/5/5,111,816,903,1222,3052,0.133145994,0.140437766,0.192139689,0.257202179,0.190507766
GBR,2020/5/6,130,845,981,1255,3211,0.138404878,0.149412842,0.201187313,0.255026146,0.196231063
GBR,2020/5/7,121,787,893,1332,3133,0.143663762,0.158387918,0.210234937,0.252850112,0.201954361
GBR,2020/5/8,125,743,802,925,2595,0.148922646,0.167362993,0.219282562,0.250674078,0.207677658
GBR,2020/5/9,70,495,560,654,1779,0.15418153,0.176338069,0.228330186,0.248498045,0.213400956
GBR,2020/5/10,87,534,597,780,1998,0.159440413,0.185313145,0.23737781,0.246322011,0.219124253
GBR,2020/5/11,109,760,852,1351,3072,0.164699297,0.19428822,0.246425434,0.244145977,0.224847551
GBR,2020/5/12,113,772,784,1233,2902,0.147342333,0.199575034,0.239268117,0.250668842,0.225940889
GBR,2020/5/13,135,724,771,1234,2864,0.129985368,0.204861848,0.2321108,0.257191706,0.227034227
GBR,2020/5/14,101,615,635,830,2181,0.112628404,0.210148662,0.224953483,0.26371457,0.228127566
GBR,2020/5/15,82,642,679,711,2114,0.09527144,0.215435476,0.217796165,0.270237434,0.229220904
GBR,2020/5/16,113,570,531,547,1761,0.077914475,0.22072229,0.210638848,0.276760299,0.230314242
GBR,2020/5/17,78,470,486,534,1568,0.060557511,0.226009104,0.203481531,0.283283163,0.23140758
GBR,2020/5/18,108,605,683,811,2207,0.043200546,0.231295918,0.196324214,0.289806027,0.232500919
GBR,2020/5/19,117,717,731,1005,2570,0.058775758,0.229221752,0.197660363,0.288965591,0.232224515
GBR,2020/5/20,115,632,702,873,2322,0.074350969,0.227147586,0.198996512,0.288125154,0.231948111
GBR,2020/5/21,120,645,625,836,2226,0.089926181,0.22507342,0.200332662,0.287284718,0.231671707
GBR,2020/5/22,97,479,483,711,1770,0.105501393,0.222999254,0.201668811,0.286444281,0.231395303
GBR,2020/5/23,74,407,394,413,1288,0.121076604,0.220925088,0.203004961,0.285603845,0.231118899
GBR,2020/5/24,86,371,358,376,1191,0.136651816,0.218850922,0.20434111,0.284763408,0.230842495
GBR,2020/5/25,72,382,425,501,1380,0.152227027,0.216776756,0.20567726,0.283922971,0.230566091
GBR,2020/5/26,70,421,412,549,1452,0.168131946,0.223577258,0.213499059,0.284817053,0.236257076
GBR,2020/5/27,82,461,432,632,1607,0.184036866,0.23037776,0.221320859,0.285711135,0.241948061
GBR,2020/5/28,102,424,414,617,1557,0.199941785,0.237178261,0.229142659,0.286605217,0.247639046
GBR,2020/5/29,64,390,380,532,1366,0.215846704,0.243978763,0.236964459,0.287499298,0.253330031
GBR,2020/5/30,56,305,251,389,1001,0.231751623,0.250779265,0.244786259,0.28839338,0.259021016
GBR,2020/5/31,67,266,250,395,978,0.247656542,0.257579766,0.252608059,0.289287462,0.264712001
GBR,2020/6/1,70,334,360,540,1304,0.263561461,0.264380268,0.260429859,0.290181544,0.270402986
GBR,2020/6/2,84,392,332,550,1358,0.273240611,0.266110951,0.254254001,0.292905544,0.270003506
GBR,2020/6/3,91,339,312,487,1229,0.282919761,0.267841635,0.248078143,0.295629545,0.269604025
GBR,2020/6/4,77,320,295,449,1141,0.292598911,0.269572318,0.241902285,0.298353545,0.269204545
GBR,2020/6/5,71,296,276,366,1009,0.302278061,0.271303001,0.235726428,0.301077545,0.268805064
GBR,2020/6/6,60,249,205,204,718,0.311957211,0.273033685,0.22955057,0.303801546,0.268405584
GBR,2020/6/7,51,235,172,206,664,0.321636361,0.274764368,0.223374712,0.306525546,0.268006104
GBR,2020/6/8,74,301,299,302,976,0.331315511,0.276495051,0.217198854,0.309249547,0.267606623
GBR,2020/6/9,83,348,270,356,1057,0.32732945,0.284541209,0.234785322,0.325532446,0.280862625
GBR,2020/6/10,87,340,272,382,1081,0.323343389,0.292587366,0.25237179,0.341815345,0.294118627
GBR,2020/6/11,70,303,258,273,904,0.319357329,0.300633524,0.269958258,0.358098244,0.307374629
GBR,2020/6/12,80,316,287,249,932,0.315371268,0.308679681,0.287544725,0.374381142,0.32063063
GBR,2020/6/13,74,258,221,224,777,0.311385207,0.316725839,0.305131193,0.390664041,0.333886632
GBR,2020/6/14,74,266,240,171,751,0.307399147,0.324771997,0.322717661,0.40694694,0.347142634
GBR,2020/6/15,83,299,302,253,937,0.303413086,0.332818154,0.340304129,0.423229839,0.360398636
GBR,2020/6/16,88,319,262,322,991,0.330118605,0.334566965,0.330710657,0.408695252,0.354227362
GBR,2020/6/17,79,310,263,254,906,0.356824123,0.336315775,0.321117185,0.394160665,0.348056089
GBR,2020/6/18,99,326,266,239,930,0.383529642,0.338064586,0.311523712,0.379626078,0.341884816
GBR,2020/6/19,78,246,250,238,812,0.41023516,0.339813397,0.30193024,0.365091491,0.335713543
GBR,2020/6/20,73,205,195,143,616,0.436940679,0.341562208,0.292336768,0.350556904,0.329542269
GBR,2020/6/21,50,201,167,129,547,0.463646198,0.343311018,0.282743296,0.336022317,0.323370996
GBR,2020/6/22,94,290,229,201,814,0.490351716,0.345059829,0.273149824,0.32148773,0.317199723
GBR,2020/6/23,74,235,182,233,724,0.463039499,0.345595558,0.274150746,0.316579089,0.315602442
GBR,2020/6/24,84,253,203,187,727,0.435727281,0.346131286,0.275151669,0.311670447,0.314005161
GBR,2020/6/25,70,218,181,167,636,0.408415064,0.346667014,0.276152592,0.306761806,0.31240788
GBR,2020/6/26,71,223,176,158,628,0.381102846,0.347202743,0.277153515,0.301853165,0.310810599
GBR,2020/6/27,53,195,119,104,471,0.353790629,0.347738471,0.278154438,0.296944524,0.309213318
GBR,2020/6/28,47,164,101,94,406,0.326478411,0.3482742,0.27915536,0.292035883,0.307616037
GBR,2020/6/29,64,239,206,151,660,0.299166194,0.348809928,0.280156283,0.287127242,0.306018757
GBR,2020/6/30,81,196,173,118,568,0.306960129,0.351359554,0.287938225,0.306078072,0.315268947
GBR,2020/7/1,65,214,164,148,591,0.314754065,0.353909179,0.295720168,0.325028902,0.324519138
GBR,2020/7/2,49,185,171,133,538,0.322548,0.356458805,0.30350211,0.343979732,0.333769328
GBR,2020/7/3,70,177,151,121,519,0.330341936,0.35900843,0.311284052,0.362930561,0.343019519
GBR,2020/7/4,45,147,105,68,365,0.338135871,0.361558056,0.319065994,0.381881391,0.352269709
GBR,2020/7/5,64,216,158,100,538,0.345929807,0.364107682,0.326847936,0.400832221,0.3615199
GBR,2020/7/6,89,221,173,166,649,0.353723742,0.366657307,0.334629879,0.419783051,0.37077009
GBR,2020/7/7,71,200,158,129,558,0.371978294,0.314277692,0.344828859,0.425441867,0.317802935
GBR,2020/7/8,67,248,207,153,675,0.390232846,0.261898077,0.35502784,0.431100684,0.264835779
GBR,2020/7/9,85,269,194,135,683,0.408487397,0.209518461,0.36522682,0.4367595,0.211868623
GBR,2020/7/10,75,174,158,115,522,0.426741949,0.157138846,0.375425801,0.442418317,0.158901467
GBR,2020/7/11,64,173,129,65,431,0.444996501,0.104759231,0.385624782,0.448077133,0.105934312
GBR,2020/7/12,55,146,101,46,348,0.463251052,0.052379615,0.395823762,0.45373595,0.052967156
GBR,2020/7/13,90,270,186,135,681,0.481505604,0,0.406022743,0.459394766,0
GBR,2020/7/14,91,253,157,151,652,0.499760156,0.082503955,0.416221724,0.465053583,0.074656522
GBR,2020/7/15,94,274,207,143,718,0.518014707,0.165007911,0.426420704,0.4707124,0.149313044
GBR,2020/7/16,88,260,151,139,638,0.536269259,0.247511866,0.436619685,0.476371216,0.223969566
GBR,2020/7/17,75,211,172,88,546,0.554523811,0.330015821,0.446818666,0.482030033,0.298626088
GBR,2020/7/18,68,200,139,66,473,0.572778362,0.412519777,0.457017646,0.487688849,0.37328261
GBR,2020/7/19,75,174,110,60,419,0.591032914,0.495023732,0.467216627,0.493347666,0.447939132
GBR,2020/7/20,110,284,220,149,763,0.609287465,0.577527688,0.477415607,0.499006482,0.522595654
GBR,2020/7/21,92,270,200,130,692,0.598780738,0.595275944,0.518747012,0.53327446,0.552343323
GBR,2020/7/22,119,289,223,126,757,0.588274011,0.6130242,0.560078417,0.567542439,0.582090992
GBR,2020/7/23,92,300,205,140,737,0.577767283,0.630772456,0.601409822,0.601810417,0.611838661
GBR,2020/7/24,120,268,186,143,717,0.567260556,0.648520712,0.642741227,0.636078395,0.64158633
GBR,2020/7/25,84,190,139,83,496,0.556753828,0.666268969,0.684072632,0.670346374,0.671333999
GBR,2020/7/26,84,223,153,57,517,0.546247101,0.684017225,0.725404037,0.704614352,0.701081668
GBR,2020/7/27,118,318,244,140,820,0.535740373,0.701765481,0.766735442,0.73888233,0.730829337
GBR,2020/7/28,126,307,187,170,790,0.586161946,0.708266045,0.764536809,0.744080349,0.734926473
GBR,2020/7/29,131,397,285,172,985,0.636583518,0.714766608,0.762338176,0.749278368,0.739023609
GBR,2020/7/30,121,359,247,150,877,0.68700509,0.721267172,0.760139543,0.754476387,0.743120744
GBR,2020/7/31,89,233,197,116,635,0.737426663,0.727767735,0.757940909,0.759674406,0.74721788
GBR,2020/8/1,82,212,136,76,506,0.787848235,0.734268298,0.755742276,0.764872425,0.751315016
GBR,2020/8/2,84,237,122,73,516,0.838269807,0.740768862,0.753543643,0.770070444,0.755412152
GBR,2020/8/3,126,378,273,185,962,0.888691379,0.747269425,0.75134501,0.775268463,0.759509288
GBR,2020/8/4,129,365,273,193,960,0.869443689,0.744521286,0.752058876,0.77442384,0.758063174
GBR,2020/8/5,119,389,282,180,970,0.850195998,0.741773147,0.752772743,0.773579216,0.75661706
GBR,2020/8/6,136,406,273,186,1001,0.830948307,0.739025008,0.75348661,0.772734592,0.755170946
GBR,2020/8/7,139,355,225,161,880,0.811700617,0.736276869,0.754200476,0.771889969,0.753724832
GBR,2020/8/8,118,266,169,93,646,0.792452926,0.73352873,0.754914343,0.771045345,0.752278719
GBR,2020/8/9,92,248,157,72,569,0.773205236,0.730780591,0.75562821,0.770200722,0.750832605
GBR,2020/8/10,194,577,314,189,1274,0.753957545,0.728032452,0.756342076,0.769356098,0.749386491
GBR,2020/8/11,176,468,300,206,1150,0.778704135,0.736600472,0.74971739,0.768901227,0.750893653
GBR,2020/8/12,180,503,268,147,1098,0.803450725,0.745168493,0.743092703,0.768446356,0.752400815
GBR,2020/8/13,136,454,269,170,1029,0.828197315,0.753736514,0.736468016,0.767991484,0.753907977
GBR,2020/8/14,143,473,269,172,1057,0.852943905,0.762304535,0.72984333,0.767536613,0.755415138
GBR,2020/8/15,99,307,161,85,652,0.877690496,0.770872556,0.723218643,0.767081742,0.7569223
GBR,2020/8/16,103,243,126,60,532,0.902437086,0.779440577,0.716593956,0.766626871,0.758429462
GBR,2020/8/17,183,556,283,131,1153,0.927183676,0.788008598,0.709969269,0.766172,0.759936624
GBR,2020/8/18,128,426,251,144,949,0.937586008,0.78604222,0.720296071,0.771159168,0.763810778
GBR,2020/8/19,122,527,299,153,1101,0.94798834,0.784075842,0.730622873,0.776146337,0.767684932
GBR,2020/8/20,208,591,307,141,1247,0.958390672,0.782109464,0.740949675,0.781133505,0.771559086
GBR,2020/8/21,169,487,247,123,1026,0.968793004,0.780143086,0.751276477,0.786120674,0.77543324
GBR,2020/8/22,149,350,151,77,727,0.979195336,0.778176708,0.761603279,0.791107842,0.779307394
GBR,2020/8/23,144,313,167,76,700,0.989597668,0.77621033,0.77193008,0.796095011,0.783181548
GBR,2020/8/24,196,546,264,142,1148,1,0.774243952,0.782256882,0.801082179,0.787055702
GBR,2020/8/25,141,506,271,151,1069,0.989237735,0.777404699,0.7835977,0.798963833,0.788058529
GBR,2020/8/26,206,572,251,140,1169,0.97847547,0.780565446,0.784938517,0.796845487,0.789061357
GBR,2020/8/27,256,620,290,174,1340,0.967713205,0.783726194,0.786279335,0.794727141,0.790064184
GBR,2020/8/28,280,666,291,142,1379,0.95695094,0.786886941,0.787620153,0.792608795,0.791067011
GBR,2020/8/29,239,469,223,108,1039,0.946188674,0.790047688,0.78896097,0.790490448,0.792069839
GBR,2020/8/30,237,410,237,89,973,0.935426409,0.793208435,0.790301788,0.788372102,0.793072666
GBR,2020/8/31,242,571,342,118,1273,0.924664144,0.796369182,0.791642605,0.786253756,0.794075494
GBR,2020/9/1,278,901,507,258,1944,0.921298929,0.796298662,0.790395569,0.789762094,0.794599201
GBR,2020/9/2,383,1146,728,417,2674,0.917933713,0.796228141,0.789148533,0.793270433,0.795122908
GBR,2020/9/3,379,1188,773,364,2704,0.914568497,0.796157621,0.787901496,0.796778771,0.795646615
GBR,2020/9/4,397,1213,638,367,2615,0.911203282,0.796087101,0.78665446,0.800287109,0.796170322
GBR,2020/9/5,387,1005,537,253,2182,0.907838066,0.796016581,0.785407423,0.803795447,0.796694029
GBR,2020/9/6,375,912,545,237,2069,0.90447285,0.795946061,0.784160387,0.807303786,0.797217736
GBR,2020/9/7,581,1488,919,504,3492,0.901107635,0.795875541,0.782913351,0.810812124,0.797741443
GBR,2020/9/8,503,1286,834,431,3054,0.899961655,0.7956519,0.782331678,0.807087133,0.796468556
GBR,2020/9/9,480,1257,760,375,2872,0.898815675,0.79542826,0.781750005,0.803362142,0.795195669
GBR,2020/9/10,581,1312,831,389,3113,0.897669696,0.79520462,0.781168332,0.799637151,0.793922782
GBR,2020/9/11,539,1170,761,380,2850,0.896523716,0.79498098,0.780586659,0.79591216,0.792649895
GBR,2020/9/12,430,878,626,279,2213,0.895377736,0.79475734,0.780004986,0.79218717,0.791377008
GBR,2020/9/13,385,600,474,249,1708,0.894231757,0.7945337,0.779423314,0.788462179,0.790104121
GBR,2020/9/14,454,1199,824,382,2859,0.893085777,0.79431006,0.778841641,0.784737188,0.788831235
GBR,2020/9/15,512,1164,857,445,2978,0.891572411,0.791210014,0.782555738,0.782606124,0.788535201
GBR,2020/9/16,590,1483,1124,492,3689,0.890059045,0.788109967,0.786269836,0.78047506,0.788239168
GBR,2020/9/17,693,1601,1145,471,3910,0.888545679,0.78500992,0.789983934,0.778343996,0.787943135
GBR,2020/9/18,758,1769,1198,482,4207,0.887032313,0.781909874,0.793698031,0.776212931,0.787647102
GBR,2020/9/19,846,1692,1145,440,4123,0.885518947,0.778809827,0.797412129,0.774081867,0.787351068
GBR,2020/9/20,890,1877,1303,518,4588,0.884005581,0.77570978,0.801126226,0.771950803,0.787055035
GBR,2020/9/21,847,1886,1314,559,4606,0.882492216,0.772609734,0.804840324,0.769819739,0.786759002
GBR,2020/9/22,943,2137,1450,733,5263,0.86764714,0.779047586,0.812538051,0.781658798,0.794491832
GBR,2020/9/23,1155,2321,1547,727,5750,0.852802064,0.785485438,0.820235778,0.793497856,0.802224663
GBR,2020/9/24,1215,2606,1620,784,6225,0.837956989,0.79192329,0.827933505,0.805336914,0.809957493
GBR,2020/9/25,1257,2400,1557,727,5941,0.823111913,0.798361142,0.835631232,0.817175973,0.817690323
GBR,2020/9/26,1386,2119,1428,659,5592,0.808266838,0.804798994,0.843328959,0.829015031,0.825423153
GBR,2020/9/27,1640,2259,1476,600,5975,0.793421762,0.811236846,0.851026686,0.840854089,0.833155984
GBR,2020/9/28,2055,3264,2098,1020,8437,0.778576687,0.817674698,0.858724412,0.852693148,0.840888814
GBR,2020/9/29,2358,3233,1979,1096,8666,0.794392638,0.825455618,0.848059807,0.848076764,0.839613736
GBR,2020/9/30,3211,3964,2257,1110,10542,0.810208589,0.833236539,0.837395202,0.843460381,0.838338659
GBR,2020/10/1,3346,4191,2510,1248,11295,0.82602454,0.841017459,0.826730596,0.838843998,0.837063581
GBR,2020/10/2,3285,4389,2605,1311,11590,0.841840491,0.848798379,0.816065991,0.834227615,0.835788504
GBR,2020/10/3,2660,3651,2277,1154,9742,0.857656441,0.8565793,0.805401386,0.829611232,0.834513426
GBR,2020/10/4,2717,3824,2328,1045,9914,0.873472392,0.86436022,0.794736781,0.824994848,0.833238348
GBR,2020/10/5,3492,5319,3523,1731,14065,0.889288343,0.872141141,0.784072175,0.820378465,0.831963271
GBR,2020/10/6,3460,5615,3496,1732,14303,0.905104294,0.866286388,0.790683741,0.820115214,0.831553514
GBR,2020/10/7,3805,5895,3627,1974,15301,0.920920245,0.860431635,0.797295308,0.819851964,0.831143757
GBR,2020/10/8,3827,5923,3755,1820,15325,0.936736196,0.854576883,0.803906874,0.819588713,0.830734
GBR,2020/10/9,3079,4976,3261,1742,13058,0.952552147,0.84872213,0.81051844,0.819325462,0.830324242
GBR,2020/10/10,2394,3835,2674,1326,10229,0.968368098,0.842867377,0.817130006,0.819062211,0.829914485
GBR,2020/10/11,2151,3598,2644,1318,9711,0.984184049,0.837012625,0.823741572,0.818798961,0.829504728
GBR,2020/10/12,3237,6157,4449,2398,16241,1,0.831157872,0.830353138,0.81853571,0.829094971
GBR,2020/10/13,3115,5952,4184,2272,15523,0.950766684,0.809031568,0.854588404,0.84445918,0.808805396
GBR,2020/10/14,3109,6348,4564,2418,16439,0.901533367,0.786905263,0.87882367,0.87038265,0.788515821
GBR,2020/10/15,2884,5769,4292,2316,15261,0.852300051,0.764778958,0.903058936,0.89630612,0.768226246
GBR,2020/10/16,2585,5451,4135,2389,14560,0.803066734,0.742652654,0.927294202,0.92222959,0.747936671
GBR,2020/10/17,2007,4648,3680,1984,12319,0.753833418,0.720526349,0.951529468,0.94815306,0.727647096
GBR,2020/10/18,2031,4479,3576,1730,11816,0.704600101,0.698400044,0.975764734,0.97407653,0.707357521
GBR,2020/10/19,3574,8262,6701,3416,21953,0.655366785,0.67627374,1,1,0.687067946
GBR,2020/10/20,3504,8072,6358,3243,21177,0.688491203,0.695778189,0.970233346,0.979611438,0.706087289
GBR,2020/10/21,3488,8171,6304,3334,21297,0.721615622,0.715282639,0.940466692,0.959222877,0.725106631
GBR,2020/10/22,3167,7278,5837,3166,19448,0.75474004,0.734787088,0.910700038,0.938834315,0.744125973
GBR,2020/10/23,2770,6673,5428,3095,17966,0.787864459,0.754291538,0.880933383,0.918445753,0.763145316
GBR,2020/10/24,2058,4936,4152,2234,13380,0.820988877,0.773795987,0.851166729,0.898057192,0.782164658
GBR,2020/10/25,1912,4899,4139,2181,13131,0.854113296,0.793300437,0.821400075,0.87766863,0.801184001
GBR,2020/10/26,3129,8413,7324,3812,22678,0.887237715,0.812804886,0.791633421,0.857280068,0.820203343
GBR,2020/10/27,2826,7776,6363,3415,20380,0.886670768,0.802618529,0.74914153,0.838479452,0.800021481
GBR,2020/10/28,2743,7699,6354,3401,20197,0.886103822,0.792432172,0.70664964,0.819678835,0.779839618
GBR,2020/10/29,2650,7382,6295,3576,19903,0.885536875,0.782245815,0.664157749,0.800878218,0.759657755
GBR,2020/10/30,2645,7051,6208,3675,19579,0.884969929,0.772059458,0.621665858,0.782077601,0.739475893
GBR,2020/10/31,1947,5344,4653,2444,14388,0.884402982,0.761873101,0.579173968,0.763276985,0.71929403
GBR,2020/11/1,1796,4818,4453,2372,13439,0.883836036,0.751686744,0.536682077,0.744476368,0.699112168
GBR,2020/11/2,3697,10169,8981,5185,28032,0.883269089,0.741500387,0.494190186,0.725675751,0.678930305
GBR,2020/11/3,3138,8123,6953,4115,22329,0.882702143,0.754559942,0.542999161,0.739240141,0.700653469
GBR,2020/11/4,2937,7690,6380,3817,20824,0.882135196,0.767619498,0.591808136,0.752804531,0.722376632
GBR,2020/11/5,3154,7804,6385,3590,20933,0.88156825,0.780679053,0.640617111,0.766368921,0.744099795
GBR,2020/11/6,3033,7673,6415,3798,20919,0.881001303,0.793738609,0.689426086,0.779933312,0.765822959
GBR,2020/11/7,2371,6324,5263,2768,16726,0.880434357,0.806798164,0.738235061,0.793497702,0.787546122
GBR,2020/11/8,2568,6846,5666,3021,18101,0.87986741,0.81985772,0.787044036,0.807062092,0.809269285
GBR,2020/11/9,4126,10174,8872,5090,28262,0.879300464,0.832917275,0.83585301,0.820626482,0.830992448
GBR,2020/11/10,3667,8750,7477,4623,24517,0.830791173,0.821212772,0.848592515,0.809701081,0.824268633
GBR,2020/11/11,3870,8828,7615,4478,24791,0.782281883,0.80950827,0.861332019,0.79877568,0.817544818
GBR,2020/11/12,3615,7886,6728,3811,22040,0.733772592,0.797803767,0.874071523,0.787850278,0.810821003
GBR,2020/11/13,3666,7429,6722,3950,21767,0.685263302,0.786099264,0.886811028,0.776924877,0.804097188
GBR,2020/11/14,2703,5609,5098,2725,16135,0.636754011,0.774394761,0.899550532,0.765999476,0.797373373
GBR,2020/11/15,2454,4711,4583,2518,14266,0.58824472,0.762690258,0.912290036,0.755074074,0.790649558
GBR,2020/11/16,4280,7622,7475,4373,23750,0.53973543,0.750985755,0.925029541,0.744148673,0.783925743
GBR,2020/11/17,3820,6552,6207,3750,20329,0.55617345,0.755277027,0.921275185,0.748157186,0.786264885
GBR,2020/11/18,3547,5963,5580,3163,18253,0.57261147,0.759568299,0.91752083,0.7521657,0.788604026
GBR,2020/11/19,3097,5029,4640,2712,15478,0.589049491,0.763859571,0.913766475,0.756174213,0.790943167
GBR,2020/11/20,2870,4780,4399,2696,14745,0.605487511,0.768150844,0.91001212,0.760182727,0.793282308
GBR,2020/11/21,2026,3421,3312,1900,10659,0.621925532,0.772442116,0.906257765,0.76419124,0.795621449
GBR,2020/11/22,1949,3272,3144,1715,10080,0.638363552,0.776733388,0.902503409,0.768199754,0.79796059
GBR,2020/11/23,3260,5181,4937,2889,16267,0.654801572,0.78102466,0.898749054,0.772208267,0.800299731
GBR,2020/11/24,2692,4505,4180,2712,14089,0.671239593,0.785315932,0.894994699,0.776216781,0.802638872
GBR,2020/11/25,2889,4486,4185,2398,13958,0.687677613,0.789607205,0.891240344,0.780225294,0.804978013
GBR,2020/11/26,2577,3970,3556,2156,12259,0.704115633,0.793898477,0.887485988,0.784233807,0.807317154
GBR,2020/11/27,2511,3767,3616,2293,12187,0.720553654,0.798189749,0.883731633,0.788242321,0.809656295
GBR,2020/11/28,1827,3030,2874,1490,9221,0.736991674,0.802481021,0.879977278,0.792250834,0.811995436
GBR,2020/11/29,1766,2881,2821,1479,8947,0.753429695,0.806772293,0.876222923,0.796259348,0.814334577
GBR,2020/11/30,3079,4638,4521,2816,15054,0.769867715,0.811063566,0.872468567,0.800267861,0.816673718
GBR,2020/12/1,2818,4225,3962,2537,13542,0.786305735,0.815354838,0.868714212,0.804276375,0.819012859
GBR,2020/12/2,2743,4316,4085,2349,13493,0.802743756,0.81964611,0.864959857,0.808284888,0.821352
GBR,2020/12/3,2630,4103,3693,2209,12635,0.819181776,0.823937382,0.861205502,0.812293402,0.823691141
GBR,2020/12/4,2789,3963,3826,2315,12893,0.835619796,0.828228654,0.857451146,0.816301915,0.826030282
GBR,2020/12/5,2075,3359,3136,1645,10215,0.852057817,0.832519926,0.853696791,0.820310429,0.828369423
GBR,2020/12/6,2240,3543,3365,1803,10951,0.868495837,0.836811199,0.849942436,0.824318942,0.830708564
GBR,2020/12/7,3679,5487,5366,2898,17430,0.884933857,0.841102471,0.846188081,0.828327455,0.833047705
GBR,2020/12/8,3421,5516,4899,2820,16656,0.901371878,0.845393743,0.842433726,0.832335969,0.835386846
GBR,2020/12/9,3587,6000,5147,2785,17519,0.917809898,0.849685015,0.83867937,0.836344482,0.837725987
GBR,2020/12/10,3821,6381,5620,2816,18638,0.934247919,0.853976287,0.834925015,0.840352996,0.840065128
GBR,2020/12/11,4171,6603,5998,3198,19970,0.950685939,0.85826756,0.83117066,0.844361509,0.842404269
GBR,2020/12/12,3329,5460,4972,2345,16106,0.967123959,0.862558832,0.827416305,0.848370023,0.84474341
GBR,2020/12/13,3866,6165,5558,2692,18281,0.98356198,0.866850104,0.823661949,0.852378536,0.847082551
GBR,2020/12/14,6137,10065,9182,4422,29806,1,0.871141376,0.819907594,0.85638705,0.849421692
GBR,2020/12/15,5677,10705,8866,4193,29441,0.985571868,0.855107631,0.78236695,0.855178266,0.834158823
GBR,2020/12/16,5466,11615,9092,4251,30424,0.971143737,0.839073885,0.744826306,0.853969483,0.818895953
GBR,2020/12/17,4991,11550,9084,4314,29939,0.956715605,0.823040139,0.707285662,0.852760699,0.803633084
GBR,2020/12/18,5389,12043,10044,4659,32135,0.942287474,0.807006393,0.669745018,0.851551915,0.788370214
GBR,2020/12/19,3752,8205,6695,3315,21967,0.927859342,0.790972648,0.632204374,0.850343132,0.773107345
GBR,2020/12/20,4797,11403,9229,3951,29380,0.913431211,0.774938902,0.59466373,0.849134348,0.757844475
GBR,2020/12/21,6636,16299,13921,6199,43055,0.899003079,0.758905156,0.557123086,0.847925565,0.742581606
GBR,2020/12/22,6326,15853,13047,6202,41428,0.884574948,0.764516529,0.591648164,0.846716781,0.752301713
GBR,2020/12/23,5742,14737,12018,5636,38133,0.870146816,0.770127902,0.626173242,0.845507998,0.762021819
GBR,2020/12/24,4345,10790,9693,4321,29149,0.855718685,0.775739275,0.66069832,0.844299214,0.771741926
GBR,2020/12/25,1609,4665,4350,2270,12894,0.841290553,0.781350648,0.695223398,0.84309043,0.781462033
GBR,2020/12/26,5214,14059,12666,5404,37343,0.826862422,0.78696202,0.729748476,0.841881647,0.79118214
GBR,2020/12/27,5805,16770,14272,6264,43111,0.81243429,0.792573393,0.764273554,0.840672863,0.800902247
GBR,2020/12/28,5202,15571,13365,6472,40610,0.798006159,0.798184766,0.798798632,0.83946408,0.810622354
GBR,2020/12/29,9550,28608,23730,11900,73788,0.826862422,0.789153405,0.799777987,0.835632442,0.802754091
GBR,2020/12/30,8555,24930,20190,10334,64009,0.855718685,0.780122045,0.800757343,0.831800804,0.794885828
GBR,2020/12/31,6419,18176,15235,7790,47620,0.884574948,0.771090684,0.801736698,0.827969166,0.787017565
GBR,2021/1/1,3716,10602,9331,5143,28792,0.913431211,0.762059323,0.802716053,0.824137528,0.779149302
GBR,2021/1/2,7391,21472,17622,8738,55223,0.942287474,0.753027963,0.803695409,0.82030589,0.77128104
GBR,2021/1/3,6827,20427,15657,7589,50500,0.971143737,0.743996602,0.804674764,0.816474252,0.763412777
GBR,2021/1/4,9182,27548,21651,12111,70492,1,0.734965242,0.80565412,0.812642615,0.755544514
GBR,2021/1/5,7281,23430,17881,10696,59288,0.973915189,0.748246827,0.806633475,0.808810977,0.763278993
GBR,2021/1/6,6514,20674,15712,9450,52350,0.947830379,0.761528412,0.807612831,0.804979339,0.771013471
GBR,2021/1/7,6051,18133,14508,8974,47666,0.921745568,0.774809997,0.808592186,0.801147701,0.77874795
GBR,2021/1/8,5362,16225,13140,8431,43158,0.895660757,0.788091582,0.809571542,0.797316063,0.786482429
GBR,2021/1/9,4567,13768,11370,6535,36240,0.869575946,0.801373168,0.810550897,0.793484425,0.794216908
GBR,2021/1/10,4078,12799,10756,5953,33586,0.843491136,0.814654753,0.811530253,0.789652787,0.801951387
GBR,2021/1/11,6093,19591,17243,10219,53146,0.817406325,0.827936338,0.812509608,0.785821149,0.809685865
GBR,2021/1/12,5261,16597,14783,8970,45611,0.771253928,0.788956596,0.808889762,0.816418128,0.77317549
GBR,2021/1/13,5151,15690,13453,7730,42024,0.725101532,0.749976853,0.805269916,0.847015107,0.736665115
GBR,2021/1/14,4744,14642,12548,7459,39393,0.678949135,0.710997111,0.80165007,0.877612085,0.70015474
GBR,2021/1/15,4765,13839,11833,7208,37645,0.632796739,0.672017369,0.798030223,0.908209064,0.663644365
GBR,2021/1/16,3638,10705,8942,4971,28256,0.586644342,0.633037627,0.794410377,0.938806043,0.62713399
GBR,2021/1/17,3368,10100,8694,4685,26847,0.540491945,0.594057884,0.790790531,0.969403021,0.590623615
GBR,2021/1/18,5065,14962,13724,7940,41691,0.494339549,0.555078142,0.787170685,1,0.554113239
GBR,2021/1/19,4522,13592,11673,7023,36810,0.538593907,0.592134449,0.783550839,0.972264827,0.588351506
GBR,2021/1/20,4097,11937,10127,6305,32466,0.582848266,0.629190757,0.779930992,0.944529654,0.622589772
GBR,2021/1/21,3678,10939,9264,5526,29407,0.627102625,0.666247064,0.776311146,0.916794481,0.656828038
GBR,2021/1/22,3572,10131,8662,5212,27577,0.671356984,0.703303371,0.7726913,0.889059308,0.691066304
GBR,2021/1/23,2657,7507,6504,3661,20329,0.715611343,0.740359678,0.769071454,0.861324135,0.725304571
GBR,2021/1/24,2040,5901,4997,2859,15797,0.759865701,0.777415986,0.765451608,0.833588962,0.759542837
GBR,2021/1/25,3472,10119,8815,5407,27813,0.80412006,0.814472293,0.761831762,0.805853789,0.793781103
GBR,2021/1/26,3145,9242,7797,4863,25047,0.832102909,0.816194206,0.795855796,0.769524537,0.802352936
GBR,2021/1/27,3042,8733,7553,4423,23751,0.860085757,0.817916119,0.82987983,0.733195286,0.810924769
GBR,2021/1/28,2798,8240,7064,4242,22344,0.888068606,0.819638032,0.863903864,0.696866034,0.819496603
GBR,2021/1/29,2774,7095,6363,3978,20210,0.916051454,0.821359945,0.897927898,0.660536782,0.828068436
GBR,2021/1/30,2146,5700,4877,2700,15423,0.944034303,0.823081859,0.931951932,0.62420753,0.836640269
GBR,2021/1/31,1824,5330,4479,2432,14065,0.972017151,0.824803772,0.965975966,0.587878278,0.845212102
GBR,2021/2/1,2584,7528,6582,3953,20647,1,0.826525685,1,0.551549026,0.853783935
GBR,2021/2/2,2407,6615,5602,3466,18090,0.969094481,0.824732426,0.96976353,0.593683551,0.848109083
GBR,2021/2/3,2370,6680,5481,3284,17815,0.938188961,0.822939167,0.939527061,0.635818076,0.842434231
GBR,2021/2/4,2444,6189,4946,3014,16593,0.907283442,0.821145909,0.909290591,0.677952601,0.836759379
GBR,2021/2/5,1938,5261,4419,2709,14327,0.876377922,0.81935265,0.879054121,0.720087126,0.831084528
GBR,2021/2/6,1501,4059,3413,1915,10888,0.845472403,0.817559391,0.848817652,0.76222165,0.825409676
GBR,2021/2/7,1448,3945,3215,1780,10388,0.814566883,0.815766132,0.818581182,0.804356175,0.819734824
GBR,2021/2/8,1881,5171,4623,2597,14272,0.783661364,0.813972873,0.788344712,0.8464907,0.814059972
GBR,2021/2/9,1664,4703,3950,2306,12623,0.772884934,0.816755474,0.789551466,0.845599896,0.81683013
GBR,2021/2/10,1550,4573,3887,2195,12205,0.762108505,0.819538074,0.790758219,0.844709091,0.819600287
GBR,2021/2/11,1595,4402,3546,2011,11554,0.751332076,0.822320674,0.791964972,0.843818287,0.822370445
GBR,2021/2/12,1500,4072,3396,1953,10921,0.740555646,0.825103275,0.793171726,0.842927482,0.825140603
GBR,2021/2/13,1145,2998,2493,1330,7966,0.729779217,0.827885875,0.794378479,0.842036678,0.82791076
GBR,2021/2/14,1050,3000,2404,1273,7727,0.719002787,0.830668475,0.795585232,0.841145873,0.830680918
GBR,2021/2/15,1560,4773,4243,2311,12887,0.708226358,0.833451076,0.796791986,0.840255069,0.833451076
GBR,2021/2/16,1362,4423,3516,1894,11195,0.697449928,0.821346331,0.797998739,0.839364265,0.827315208
GBR,2021/2/17,1318,4000,3307,1713,10338,0.686673499,0.809241587,0.799205493,0.83847346,0.82117934
GBR,2021/2/18,1283,4042,3251,1659,10235,0.675897069,0.797136843,0.800412246,0.837582656,0.815043472
GBR,2021/2/19,1236,3520,2818,1562,9136,0.66512064,0.785032099,0.801618999,0.836691851,0.808907604
GBR,2021/2/20,1055,2691,2243,1136,7125,0.65434421,0.772927355,0.802825753,0.835801047,0.802771736
GBR,2021/2/21,964,2750,2227,1053,6994,0.643567781,0.760822611,0.804032506,0.834910242,0.796635868
GBR,2021/2/22,1405,3938,3207,1682,10232,0.632791351,0.748717867,0.805239259,0.834019438,0.790500001
GBR,2021/2/23,1185,3297,2694,1283,8459,0.639807995,0.641758171,0.833062222,0.831836049,0.72114675
GBR,2021/2/24,1036,2909,2444,1167,7556,0.646824639,0.534798476,0.860885185,0.829652661,0.651793499
GBR,2021/2/25,974,2606,2160,1141,6881,0.653841283,0.427838781,0.888708148,0.827469273,0.582440249
GBR,2021/2/26,870,2272,1792,912,5846,0.660857927,0.320879086,0.916531111,0.825285884,0.513086998
GBR,2021/2/27,577,1693,1317,642,4229,0.667874571,0.21391939,0.944354074,0.823102496,0.443733747
GBR,2021/2/28,563,1619,1325,584,4091,0.674891214,0.106959695,0.972177037,0.820919108,0.374380497
GBR,2021/3/1,902,2328,1961,997,6188,0.681907858,0,1,0.818735719,0.305027246
GBR,2021/3/2,921,2200,1869,886,5876,0.688924502,0.112422473,0.971543125,0.816552331,0.375129932
GBR,2021/3/3,870,2086,1592,720,5268,0.695941146,0.224844946,0.943086251,0.814368943,0.445232617
GBR,2021/3/4,912,1925,1452,675,4964,0.70295779,0.337267419,0.914629376,0.812185554,0.515335302
GBR,2021/3/5,919,1808,1364,599,4690,0.709974434,0.449689892,0.886172502,0.810002166,0.585437988
GBR,2021/3/6,718,1518,1106,464,3806,0.716991078,0.562112365,0.857715627,0.807818778,0.655540673
GBR,2021/3/7,609,1409,1158,461,3637,0.724007722,0.674534838,0.829258753,0.805635389,0.725643358
GBR,2021/3/8,1270,2058,1728,720,5776,0.731024366,0.786957311,0.800801878,0.803452001,0.795746044
GBR,2021/3/9,1223,2023,1573,627,5446,0.769449456,0.780250657,0.775678621,0.80536222,0.783121403
GBR,2021/3/10,1097,2008,1489,604,5198,0.807874547,0.773544003,0.750555364,0.807272439,0.770496763
GBR,2021/3/11,1133,1818,1346,521,4818,0.846299638,0.76683735,0.725432107,0.809182658,0.757872123
GBR,2021/3/12,1157,1701,1301,576,4735,0.884724728,0.760130696,0.70030885,0.811092878,0.745247483
GBR,2021/3/13,717,1408,1042,404,3571,0.923149819,0.753424042,0.675185593,0.813003097,0.732622843
GBR,2021/3/14,860,1385,1106,344,3695,0.961574909,0.746717388,0.650062336,0.814913316,0.719998203
GBR,2021/3/15,1509,1987,1555,543,5594,1,0.740010734,0.624939079,0.816823535,0.707373562
GBR,2021/3/16,1371,1775,1279,473,4898,1,0.741679783,0.646117334,0.818733754,0.718420963
GBR,2021/3/17,1540,1725,1325,429,5019,1,0.743348833,0.667295589,0.820643973,0.729468363
GBR,2021/3/18,1370,1687,1198,397,4652,1,0.745017882,0.688473844,0.822554192,0.740515763
GBR,2021/3/19,1223,1565,1119,396,4303,1,0.746686931,0.709652099,0.824464411,0.751563163
GBR,2021/3/20,927,1275,949,341,3492,1,0.748355981,0.730830354,0.82637463,0.762610563
GBR,2021/3/21,1812,1398,1131,326,4667,1,0.75002503,0.752008609,0.82828485,0.773657964
GBR,2021/3/22,1687,1833,1406,446,5372,1,0.751694079,0.773186864,0.830195069,0.784705364
GBR,2021/3/23,1369,1612,1215,331,4527,1,0.751338482,0.778673446,0.838977741,0.786537932
GBR,2021/3/24,1857,1764,1291,369,5281,1,0.750982884,0.784160028,0.847760413,0.7883705
GBR,2021/3/25,1554,1557,1133,387,4631,1,0.750627287,0.789646609,0.856543085,0.790203068
GBR,2021/3/26,1058,1309,1034,341,3742,1,0.750271689,0.795133191,0.865325758,0.792035636
GBR,2021/3/27,883,1147,828,254,3112,1,0.749916092,0.800619773,0.87410843,0.793868204
GBR,2021/3/28,1773,1308,1108,270,4459,1,0.749560494,0.806106355,0.882891102,0.795700773
GBR,2021/3/29,826,1280,972,304,3382,1,0.749204897,0.811592936,0.891673775,0.797533341
GBR,2021/3/30,777,1150,862,299,3088,1,0.749204897,0.811592936,0.891673775,0.797533341
GBR,2021/3/31,980,1116,923,266,3285,1,0.749204897,0.811592936,0.891673775,0.797533341
