country,date,case_age_00_19,case_age_20_39,case_age_40_59,case_age_60over,case_total
AUS,2020/2/1,0,0,0,0,0
AUS,2020/2/2,0,0,0,0,0
AUS,2020/2/3,0,0,0,0,0
AUS,2020/2/4,1,1,0,0,2
AUS,2020/2/5,0,0,0,0,0
AUS,2020/2/6,0,1,0,0,1
AUS,2020/2/7,0,0,0,0,0
AUS,2020/2/8,0,0,0,0,0
AUS,2020/2/9,0,0,0,0,0
AUS,2020/2/10,0,0,0,0,0
AUS,2020/2/11,0,0,0,0,0
AUS,2020/2/12,0,0,0,0,0
AUS,2020/2/13,0,0,0,0,0
AUS,2020/2/14,0,0,0,0,0
AUS,2020/2/15,0,0,0,0,0
AUS,2020/2/16,0,0,0,0,0
AUS,2020/2/17,0,0,0,0,0
AUS,2020/2/18,0,0,0,0,0
AUS,2020/2/19,0,0,0,0,0
AUS,2020/2/20,0,0,0,0,0
AUS,2020/2/21,0,0,0,0,0
AUS,2020/2/22,0,1,2,1,4
AUS,2020/2/23,0,0,0,0,0
AUS,2020/2/24,0,0,1,0,1
AUS,2020/2/25,0,0,0,1,1
AUS,2020/2/26,0,0,0,0,0
AUS,2020/2/27,0,0,0,0,0
AUS,2020/2/28,0,0,0,1,1
AUS,2020/2/29,0,0,0,1,1
AUS,2020/3/1,0,1,0,1,2
AUS,2020/3/2,0,2,0,0,2
AUS,2020/3/3,0,1,0,0,1
AUS,2020/3/4,0,1,0,1,2
AUS,2020/3/5,0,1,0,0,1
AUS,2020/3/6,0,1,0,1,2
AUS,2020/3/7,0,0,1,0,1
AUS,2020/3/8,0,0,2,1,3
AUS,2020/3/9,1,8,7,3,19
AUS,2020/3/10,0,2,7,3,12
AUS,2020/3/11,2,9,11,8,30
AUS,2020/3/12,0,17,12,5,34
AUS,2020/3/13,0,22,17,12,51
AUS,2020/3/14,3,17,12,10,42
AUS,2020/3/15,2,23,19,9,53
AUS,2020/3/16,2,29,26,14,71
AUS,2020/3/17,3,61,48,23,135
AUS,2020/3/18,0,39,39,18,96
AUS,2020/3/19,9,46,39,32,126
AUS,2020/3/20,8,84,56,43,191
AUS,2020/3/21,4,77,74,71,226
AUS,2020/3/22,8,73,81,90,252
AUS,2020/3/23,10,91,76,113,290
AUS,2020/3/24,8,126,94,93,321
AUS,2020/3/25,8,121,84,110,323
AUS,2020/3/26,8,124,94,78,304
AUS,2020/3/27,22,146,90,123,381
AUS,2020/3/28,13,104,81,70,268
AUS,2020/3/29,9,91,55,56,211
AUS,2020/3/30,9,97,54,46,206
AUS,2020/3/31,11,87,61,66,225
AUS,2020/4/1,13,93,57,57,220
AUS,2020/4/2,13,68,49,47,177
AUS,2020/4/3,13,67,27,49,156
AUS,2020/4/4,3,41,42,26,112
AUS,2020/4/5,7,31,27,33,98
AUS,2020/4/6,5,34,21,19,79
AUS,2020/4/7,4,27,22,27,80
AUS,2020/4/8,5,22,23,17,67
AUS,2020/4/9,1,25,11,24,61
AUS,2020/4/10,5,23,14,26,68
AUS,2020/4/11,0,13,5,11,29
AUS,2020/4/12,4,6,5,9,24
AUS,2020/4/13,1,5,2,12,20
AUS,2020/4/14,1,10,9,9,29
AUS,2020/4/15,2,7,7,19,35
AUS,2020/4/16,2,12,5,16,35
AUS,2020/4/17,0,8,13,11,32
AUS,2020/4/18,1,11,7,15,34
AUS,2020/4/19,1,1,2,4,8
AUS,2020/4/20,1,4,3,2,10
AUS,2020/4/21,0,0,4,3,7
AUS,2020/4/22,0,1,2,3,6
AUS,2020/4/23,2,3,4,4,13
AUS,2020/4/24,0,2,5,14,21
AUS,2020/4/25,0,3,3,2,8
AUS,2020/4/26,0,1,1,2,4
AUS,2020/4/27,2,1,4,2,9
AUS,2020/4/28,3,5,4,1,13
AUS,2020/4/29,0,5,1,4,10
AUS,2020/4/30,2,4,5,9,20
AUS,2020/5/1,0,6,1,8,15
AUS,2020/5/2,1,6,6,3,16
AUS,2020/5/3,3,11,7,3,24
AUS,2020/5/4,0,10,6,5,21
AUS,2020/5/5,2,12,4,4,22
AUS,2020/5/6,1,10,6,1,18
AUS,2020/5/7,4,4,4,4,16
AUS,2020/5/8,2,4,5,6,17
AUS,2020/5/9,0,2,4,4,10
AUS,2020/5/10,2,2,2,1,7
AUS,2020/5/11,1,6,10,6,23
AUS,2020/5/12,5,4,0,2,11
AUS,2020/5/13,3,7,1,1,12
AUS,2020/5/14,4,11,6,2,23
AUS,2020/5/15,5,3,6,1,15
AUS,2020/5/16,1,5,1,0,7
AUS,2020/5/17,1,2,6,3,12
AUS,2020/5/18,5,0,0,3,8
AUS,2020/5/19,0,5,3,1,9
AUS,2020/5/20,1,3,0,2,6
AUS,2020/5/21,1,3,6,1,11
AUS,2020/5/22,0,7,3,2,12
AUS,2020/5/23,0,2,1,0,3
AUS,2020/5/24,0,4,0,1,5
AUS,2020/5/25,0,1,3,2,6
AUS,2020/5/26,1,4,4,2,11
AUS,2020/5/27,6,5,4,0,15
AUS,2020/5/28,3,4,2,1,10
AUS,2020/5/29,2,7,0,0,9
AUS,2020/5/30,4,3,2,3,12
AUS,2020/5/31,3,4,0,0,7
AUS,2020/6/1,2,6,3,0,11
AUS,2020/6/2,1,6,3,0,10
AUS,2020/6/3,0,6,4,0,10
AUS,2020/6/4,1,2,1,2,6
AUS,2020/6/5,1,3,0,1,5
AUS,2020/6/6,3,4,0,0,7
AUS,2020/6/7,2,6,2,1,11
AUS,2020/6/8,0,6,0,0,6
AUS,2020/6/9,0,4,1,1,6
AUS,2020/6/10,5,9,1,0,15
AUS,2020/6/11,1,4,2,0,7
AUS,2020/6/12,8,4,3,0,15
AUS,2020/6/13,2,3,3,3,11
AUS,2020/6/14,5,7,2,0,14
AUS,2020/6/15,3,6,9,1,19
AUS,2020/6/16,3,15,5,1,24
AUS,2020/6/17,3,11,5,5,24
AUS,2020/6/18,2,7,9,0,18
AUS,2020/6/19,8,17,4,6,35
AUS,2020/6/20,4,12,3,1,20
AUS,2020/6/21,4,12,0,3,19
AUS,2020/6/22,5,15,8,0,28
AUS,2020/6/23,7,11,5,1,24
AUS,2020/6/24,6,18,12,3,39
AUS,2020/6/25,6,19,9,3,37
AUS,2020/6/26,14,20,14,4,52
AUS,2020/6/27,9,27,15,4,55
AUS,2020/6/28,15,38,19,10,82
AUS,2020/6/29,8,35,19,5,67
AUS,2020/6/30,18,33,26,12,89
AUS,2020/7/1,25,29,21,7,82
AUS,2020/7/2,15,37,11,6,69
AUS,2020/7/3,46,29,16,12,103
AUS,2020/7/4,20,30,24,9,83
AUS,2020/7/5,37,43,25,10,115
AUS,2020/7/6,48,75,36,19,178
AUS,2020/7/7,25,64,27,15,131
AUS,2020/7/8,30,80,32,15,157
AUS,2020/7/9,44,62,39,12,157
AUS,2020/7/10,65,119,98,27,309
AUS,2020/7/11,39,115,86,36,276
AUS,2020/7/12,24,87,47,24,182
AUS,2020/7/13,33,116,67,46,262
AUS,2020/7/14,24,118,62,30,234
AUS,2020/7/15,49,132,92,29,302
AUS,2020/7/16,85,135,111,66,397
AUS,2020/7/17,46,97,49,37,229
AUS,2020/7/18,57,141,93,56,347
AUS,2020/7/19,52,120,56,49,277
AUS,2020/7/20,55,146,76,86,363
AUS,2020/7/21,52,197,117,85,451
AUS,2020/7/22,70,171,86,69,396
AUS,2020/7/23,39,137,77,53,306
AUS,2020/7/24,52,161,82,52,347
AUS,2020/7/25,53,169,99,96,417
AUS,2020/7/26,67,171,111,157,506
AUS,2020/7/27,43,168,86,72,369
AUS,2020/7/28,52,105,85,48,290
AUS,2020/7/29,103,288,160,86,637
AUS,2020/7/30,81,239,131,107,558
AUS,2020/7/31,64,166,80,76,386
AUS,2020/8/1,93,267,115,137,612
AUS,2020/8/2,68,156,93,57,374
AUS,2020/8/3,67,167,75,110,419
AUS,2020/8/4,94,250,149,203,696
AUS,2020/8/5,50,184,104,120,458
AUS,2020/8/6,76,182,96,74,428
AUS,2020/8/7,94,163,97,107,461
AUS,2020/8/8,54,171,70,84,379
AUS,2020/8/9,58,151,67,38,314
AUS,2020/8/10,57,106,74,91,328
AUS,2020/8/11,82,158,89,73,402
AUS,2020/8/12,33,108,69,51,261
AUS,2020/8/13,69,158,68,72,367
AUS,2020/8/14,64,119,72,50,305
AUS,2020/8/15,36,82,66,86,270
AUS,2020/8/16,36,113,55,66,270
AUS,2020/8/17,38,95,51,40,224
AUS,2020/8/18,30,72,52,67,221
AUS,2020/8/19,31,80,55,82,248
AUS,2020/8/20,32,60,45,44,181
AUS,2020/8/21,39,60,44,44,187
AUS,2020/8/22,39,92,40,45,216
AUS,2020/8/23,21,45,32,24,122
AUS,2020/8/24,14,81,40,27,162
AUS,2020/8/25,29,58,33,33,153
AUS,2020/8/26,17,55,26,21,119
AUS,2020/8/27,14,47,30,29,120
AUS,2020/8/28,16,47,21,19,103
AUS,2020/8/29,30,43,29,14,116
AUS,2020/8/30,10,38,19,16,83
AUS,2020/8/31,14,29,13,14,70
AUS,2020/9/1,20,50,14,16,100
AUS,2020/9/2,17,42,27,34,120
AUS,2020/9/3,17,34,17,15,83
AUS,2020/9/4,15,39,18,7,79
AUS,2020/9/5,16,25,15,14,70
AUS,2020/9/6,7,21,14,6,48
AUS,2020/9/7,7,25,11,15,58
AUS,2020/9/8,16,30,16,17,79
AUS,2020/9/9,5,22,8,16,51
AUS,2020/9/10,10,19,9,9,47
AUS,2020/9/11,11,14,8,5,38
AUS,2020/9/12,15,11,9,11,46
AUS,2020/9/13,11,13,2,5,31
AUS,2020/9/14,7,16,9,13,45
AUS,2020/9/15,10,19,4,12,45
AUS,2020/9/16,8,9,3,7,27
AUS,2020/9/17,8,15,7,16,46
AUS,2020/9/18,3,18,3,2,26
AUS,2020/9/19,4,4,3,4,15
AUS,2020/9/20,5,7,2,2,16
AUS,2020/9/21,3,13,6,9,31
AUS,2020/9/22,2,11,3,1,17
AUS,2020/9/23,3,5,2,3,13
AUS,2020/9/24,4,9,9,2,24
AUS,2020/9/25,6,7,1,2,16
AUS,2020/9/26,15,8,5,4,32
AUS,2020/9/27,0,7,1,3,11
AUS,2020/9/28,0,6,6,1,13
AUS,2020/9/29,0,13,3,1,17
AUS,2020/9/30,4,7,6,2,19
AUS,2020/10/1,4,11,4,3,22
AUS,2020/10/2,4,3,8,6,21
AUS,2020/10/3,6,8,4,2,20
AUS,2020/10/4,5,2,4,0,11
AUS,2020/10/5,9,7,5,0,21
AUS,2020/10/6,2,4,4,1,11
AUS,2020/10/7,3,4,7,1,15
AUS,2020/10/8,4,9,5,2,20
AUS,2020/10/9,6,5,5,3,19
AUS,2020/10/10,5,5,6,4,20
AUS,2020/10/11,5,6,3,3,17
AUS,2020/10/12,4,7,5,1,17
AUS,2020/10/13,1,2,6,3,12
AUS,2020/10/14,3,2,3,2,10
AUS,2020/10/15,2,11,3,3,19
AUS,2020/10/16,0,6,0,0,6
AUS,2020/10/17,3,2,1,0,6
AUS,2020/10/18,4,2,2,2,10
AUS,2020/10/19,1,1,2,1,5
AUS,2020/10/20,2,5,1,0,8
AUS,2020/10/21,6,4,3,0,13
AUS,2020/10/22,1,3,1,0,5
AUS,2020/10/23,4,5,2,1,12
AUS,2020/10/24,5,4,1,0,10
AUS,2020/10/25,4,3,3,0,10
AUS,2020/10/26,1,2,1,1,5
AUS,2020/10/27,1,5,1,1,8
AUS,2020/10/28,1,3,4,1,9
AUS,2020/10/29,1,3,3,0,7
AUS,2020/10/30,0,0,3,0,3
AUS,2020/10/31,2,4,0,0,6
AUS,2020/11/1,0,2,1,0,3
AUS,2020/11/2,2,4,2,0,8
AUS,2020/11/3,1,4,4,1,10
AUS,2020/11/4,0,1,1,0,2
AUS,2020/11/5,1,2,1,0,4
AUS,2020/11/6,0,3,0,3,6
AUS,2020/11/7,0,3,4,0,7
AUS,2020/11/8,1,2,1,0,4
AUS,2020/11/9,1,2,5,2,10
AUS,2020/11/10,0,10,0,0,10
AUS,2020/11/11,2,3,2,2,9
AUS,2020/11/12,1,4,1,1,7
AUS,2020/11/13,0,2,2,0,4
AUS,2020/11/14,0,5,0,0,5
AUS,2020/11/15,3,4,0,1,8
AUS,2020/11/16,2,2,1,0,5
AUS,2020/11/17,0,6,2,0,8
AUS,2020/11/18,1,5,5,0,11
AUS,2020/11/19,0,2,3,1,6
AUS,2020/11/20,2,7,1,1,11
AUS,2020/11/21,0,5,0,0,5
AUS,2020/11/22,1,4,1,0,6
AUS,2020/11/23,0,5,0,0,5
AUS,2020/11/24,1,6,0,0,7
AUS,2020/11/25,0,1,1,2,4
AUS,2020/11/26,0,2,0,1,3
AUS,2020/11/27,0,4,5,0,9
AUS,2020/11/28,1,3,5,0,9
AUS,2020/11/29,0,1,1,1,3
AUS,2020/11/30,0,5,1,0,6
AUS,2020/12/1,0,3,1,1,5
AUS,2020/12/2,3,3,0,2,8
AUS,2020/12/3,0,3,1,1,5
AUS,2020/12/4,2,1,6,2,11
AUS,2020/12/5,2,3,11,12,28
AUS,2020/12/6,6,9,11,5,31
AUS,2020/12/7,5,12,10,10,37
AUS,2020/12/8,6,11,6,5,28
AUS,2020/12/9,2,4,5,5,16
AUS,2020/12/10,3,6,4,0,13
AUS,2020/12/11,4,12,7,4,27
AUS,2020/12/12,5,4,2,2,13
AUS,2020/12/13,1,6,3,3,13
AUS,2020/12/14,1,10,2,1,14
AUS,2020/12/15,3,6,2,0,11
AUS,2020/12/16,0,5,3,1,9
AUS,2020/12/17,10,12,10,2,34
AUS,2020/12/18,3,4,1,0,8
AUS,2020/12/19,2,7,3,2,14
AUS,2020/12/20,6,6,5,1,18
AUS,2020/12/21,5,2,4,0,11
AUS,2020/12/22,2,3,7,1,13
AUS,2020/12/23,2,1,3,1,7
AUS,2020/12/24,1,3,1,0,5
AUS,2020/12/25,7,5,1,0,13
AUS,2020/12/26,1,3,2,0,6
AUS,2020/12/27,6,10,2,0,18
AUS,2020/12/28,3,2,3,2,10
AUS,2020/12/29,1,7,7,0,15
AUS,2020/12/30,1,6,8,3,18
AUS,2020/12/31,1,5,2,4,12
AUS,2021/1/1,3,5,7,0,15
AUS,2021/1/2,1,2,3,0,6
AUS,2021/1/3,3,7,7,3,20
AUS,2021/1/4,7,5,5,5,22
AUS,2021/1/5,0,5,2,0,7
AUS,2021/1/6,0,2,1,0,3
AUS,2021/1/7,2,6,2,0,10
AUS,2021/1/8,3,2,2,1,8
AUS,2021/1/9,2,3,2,0,7
AUS,2021/1/10,1,3,4,1,9
AUS,2021/1/11,1,3,0,0,4
AUS,2021/1/12,2,3,3,0,8
AUS,2021/1/13,0,4,2,1,7
AUS,2021/1/14,0,2,5,1,8
AUS,2021/1/15,1,5,1,0,7
AUS,2021/1/16,4,3,5,0,12
AUS,2021/1/17,2,3,0,0,5
AUS,2021/1/18,2,7,1,0,10
AUS,2021/1/19,0,1,3,1,5
AUS,2021/1/20,1,2,1,0,4
AUS,2021/1/21,0,5,2,0,7
AUS,2021/1/22,1,3,2,0,6
AUS,2021/1/23,2,2,1,0,5
AUS,2021/1/24,3,5,3,1,12
AUS,2021/1/25,0,0,2,0,2
AUS,2021/1/26,1,3,0,1,5
AUS,2021/1/27,1,0,4,0,5
AUS,2021/1/28,0,1,2,1,4
AUS,2021/1/29,0,2,0,0,2
AUS,2021/1/30,0,0,2,0,2
AUS,2021/1/31,0,0,4,0,4
AUS,2021/2/1,0,2,0,0,2
AUS,2021/2/2,0,1,2,0,3
AUS,2021/2/3,1,3,1,1,6
AUS,2021/2/4,1,2,2,0,5
AUS,2021/2/5,1,3,1,0,5
AUS,2021/2/6,1,3,1,0,5
AUS,2021/2/7,0,2,4,0,6
AUS,2021/2/8,0,2,3,0,5
AUS,2021/2/9,1,3,1,1,6
AUS,2021/2/10,0,5,1,0,6
AUS,2021/2/11,2,8,1,1,12
AUS,2021/2/12,0,2,1,0,3
AUS,2021/2/13,1,4,3,1,9
AUS,2021/2/14,1,2,2,0,5
AUS,2021/2/15,5,4,3,1,13
AUS,2021/2/16,1,1,1,0,3
AUS,2021/2/17,0,1,2,0,3
AUS,2021/2/18,1,3,0,0,4
AUS,2021/2/19,0,3,1,1,5
AUS,2021/2/20,1,2,3,0,6
AUS,2021/2/21,1,4,3,1,9
AUS,2021/2/22,2,1,1,0,4
AUS,2021/2/23,1,3,1,0,5
AUS,2021/2/24,0,2,1,0,3
AUS,2021/2/25,2,8,2,1,13
AUS,2021/2/26,0,6,1,1,8
AUS,2021/2/27,0,0,0,1,1
AUS,2021/2/28,1,2,1,0,4
AUS,2021/3/1,2,5,2,1,10
AUS,2021/3/2,2,1,1,0,4
AUS,2021/3/3,0,1,2,1,4
AUS,2021/3/4,3,5,3,1,12
AUS,2021/3/5,0,5,0,0,5
AUS,2021/3/6,0,3,1,0,4
AUS,2021/3/7,1,5,2,1,9
AUS,2021/3/8,0,6,0,0,6
AUS,2021/3/9,0,3,2,3,8
AUS,2021/3/10,0,4,2,3,9
AUS,2021/3/11,0,2,2,0,4
AUS,2021/3/12,1,1,3,1,6
AUS,2021/3/13,0,1,0,1,2
AUS,2021/3/14,1,8,0,0,9
AUS,2021/3/15,2,5,1,3,11
AUS,2021/3/16,0,8,2,2,12
AUS,2021/3/17,1,2,3,3,9
AUS,2021/3/18,3,4,2,3,12
AUS,2021/3/19,1,2,2,2,7
AUS,2021/3/20,0,3,4,2,9
AUS,2021/3/21,1,5,3,1,10
AUS,2021/3/22,0,4,2,2,8
AUS,2021/3/23,0,4,3,1,8
AUS,2021/3/24,2,5,4,1,12
AUS,2021/3/25,1,2,2,3,8
AUS,2021/3/26,2,10,3,0,15
AUS,2021/3/27,1,5,2,2,10
AUS,2021/3/28,0,11,3,2,16
AUS,2021/3/29,2,7,3,1,13
AUS,2021/3/30,0,6,2,0,8
AUS,2021/3/31,4,13,5,0,22
HKG,2020/2/1,0,0,0,2,2
HKG,2020/2/2,0,0,0,0,0
HKG,2020/2/3,0,0,0,0,0
HKG,2020/2/4,0,1,0,2,3
HKG,2020/2/5,0,1,2,0,3
HKG,2020/2/6,0,0,1,2,3
HKG,2020/2/7,0,0,2,0,2
HKG,2020/2/8,0,0,0,0,0
HKG,2020/2/9,0,4,3,3,10
HKG,2020/2/10,0,0,2,4,6
HKG,2020/2/11,0,2,1,4,7
HKG,2020/2/12,0,0,1,0,1
HKG,2020/2/13,0,1,1,1,3
HKG,2020/2/14,0,0,1,2,3
HKG,2020/2/15,0,0,0,0,0
HKG,2020/2/16,0,0,1,0,1
HKG,2020/2/17,0,0,2,1,3
HKG,2020/2/18,0,1,1,0,2
HKG,2020/2/19,0,0,0,3,3
HKG,2020/2/20,0,1,2,1,4
HKG,2020/2/21,0,0,0,0,0
HKG,2020/2/22,0,0,0,1,1
HKG,2020/2/23,0,0,0,4,4
HKG,2020/2/24,0,1,5,1,7
HKG,2020/2/25,0,2,1,1,4
HKG,2020/2/26,1,3,1,1,6
HKG,2020/2/27,0,0,0,2,2
HKG,2020/2/28,0,0,0,1,1
HKG,2020/2/29,0,0,1,0,1
HKG,2020/3/1,0,0,1,4,5
HKG,2020/3/2,0,0,0,1,1
HKG,2020/3/3,0,0,0,0,0
HKG,2020/3/4,0,0,2,2,4
HKG,2020/3/5,0,0,0,0,0
HKG,2020/3/6,0,0,1,2,3
HKG,2020/3/7,0,1,0,1,2
HKG,2020/3/8,0,0,4,1,5
HKG,2020/3/9,0,0,1,0,1
HKG,2020/3/10,0,0,5,0,5
HKG,2020/3/11,0,4,3,2,9
HKG,2020/3/12,0,2,0,0,2
HKG,2020/3/13,1,1,1,3,6
HKG,2020/3/14,0,2,2,0,4
HKG,2020/3/15,0,5,1,1,7
HKG,2020/3/16,0,3,5,1,9
HKG,2020/3/17,1,7,1,1,10
HKG,2020/3/18,2,15,5,3,25
HKG,2020/3/19,2,8,6,0,16
HKG,2020/3/20,7,24,11,6,48
HKG,2020/3/21,3,6,5,3,17
HKG,2020/3/22,7,28,6,3,44
HKG,2020/3/23,4,18,13,4,39
HKG,2020/3/24,1,15,11,3,30
HKG,2020/3/25,4,12,8,0,24
HKG,2020/3/26,6,23,10,4,43
HKG,2020/3/27,12,29,18,6,65
HKG,2020/3/28,17,31,9,7,64
HKG,2020/3/29,10,30,12,7,59
HKG,2020/3/30,13,22,5,1,41
HKG,2020/3/31,7,12,5,8,32
HKG,2020/4/1,9,26,13,3,51
HKG,2020/4/2,11,15,7,4,37
HKG,2020/4/3,7,20,14,2,43
HKG,2020/4/4,3,10,2,2,17
HKG,2020/4/5,6,13,4,5,28
HKG,2020/4/6,4,7,9,4,24
HKG,2020/4/7,3,10,7,1,21
HKG,2020/4/8,2,15,5,3,25
HKG,2020/4/9,0,8,2,3,13
HKG,2020/4/10,3,9,3,1,16
HKG,2020/4/11,1,8,2,0,11
HKG,2020/4/12,0,2,1,1,4
HKG,2020/4/13,1,0,1,3,5
HKG,2020/4/14,1,1,1,0,3
HKG,2020/4/15,0,2,1,1,4
HKG,2020/4/16,1,0,0,0,1
HKG,2020/4/17,1,2,1,0,4
HKG,2020/4/18,1,1,0,0,2
HKG,2020/4/19,0,1,1,0,2
HKG,2020/4/20,0,0,0,0,0
HKG,2020/4/21,1,3,0,0,4
HKG,2020/4/22,1,1,1,1,4
HKG,2020/4/23,0,1,1,0,2
HKG,2020/4/24,0,0,0,0,0
HKG,2020/4/25,1,0,0,1,2
HKG,2020/4/26,0,0,0,0,0
HKG,2020/4/27,0,0,0,0,0
HKG,2020/4/28,0,0,0,0,0
HKG,2020/4/29,0,0,0,0,0
HKG,2020/4/30,0,0,0,0,0
HKG,2020/5/1,1,1,0,0,2
HKG,2020/5/2,0,0,0,0,0
HKG,2020/5/3,0,0,0,0,0
HKG,2020/5/4,0,1,0,0,1
HKG,2020/5/5,0,0,0,0,0
HKG,2020/5/6,0,0,0,0,0
HKG,2020/5/7,1,1,2,0,4
HKG,2020/5/8,0,0,0,0,0
HKG,2020/5/9,0,0,0,0,0
HKG,2020/5/10,0,0,2,1,3
HKG,2020/5/11,0,0,0,0,0
HKG,2020/5/12,0,0,0,0,0
HKG,2020/5/13,1,1,0,1,3
HKG,2020/5/14,0,0,0,1,1
HKG,2020/5/15,0,0,1,0,1
HKG,2020/5/16,0,0,0,0,0
HKG,2020/5/17,1,1,0,1,3
HKG,2020/5/18,0,0,0,0,0
HKG,2020/5/19,0,0,0,0,0
HKG,2020/5/20,0,0,0,0,0
HKG,2020/5/21,2,4,1,1,8
HKG,2020/5/22,1,0,0,1,2
HKG,2020/5/23,0,0,0,0,0
HKG,2020/5/24,0,0,0,0,0
HKG,2020/5/25,0,0,0,0,0
HKG,2020/5/26,0,0,0,0,0
HKG,2020/5/27,0,1,0,0,1
HKG,2020/5/28,0,0,0,0,0
HKG,2020/5/29,4,8,1,0,13
HKG,2020/5/30,2,1,0,0,3
HKG,2020/5/31,0,1,1,0,2
HKG,2020/6/1,0,2,1,0,3
HKG,2020/6/2,1,0,3,2,6
HKG,2020/6/3,0,0,0,0,0
HKG,2020/6/4,1,2,2,1,6
HKG,2020/6/5,1,0,1,1,3
HKG,2020/6/6,1,1,1,0,3
HKG,2020/6/7,0,1,0,0,1
HKG,2020/6/8,0,1,0,0,1
HKG,2020/6/9,0,0,0,0,0
HKG,2020/6/10,0,0,0,0,0
HKG,2020/6/11,0,0,0,0,0
HKG,2020/6/12,0,0,1,0,1
HKG,2020/6/13,0,1,0,0,1
HKG,2020/6/14,0,0,0,0,0
HKG,2020/6/15,1,1,1,0,3
HKG,2020/6/16,0,0,0,0,0
HKG,2020/6/17,3,3,1,1,8
HKG,2020/6/18,3,1,0,0,4
HKG,2020/6/19,2,0,1,0,3
HKG,2020/6/20,0,0,1,0,1
HKG,2020/6/21,0,3,0,0,3
HKG,2020/6/22,10,14,4,2,30
HKG,2020/6/23,5,9,2,0,16
HKG,2020/6/24,0,0,2,0,2
HKG,2020/6/25,9,5,0,0,14
HKG,2020/6/26,2,1,0,0,3
HKG,2020/6/27,0,1,0,0,1
HKG,2020/6/28,1,1,0,0,2
HKG,2020/6/29,0,3,1,0,4
HKG,2020/6/30,1,0,1,0,2
HKG,2020/7/1,9,18,1,0,28
HKG,2020/7/2,3,5,1,0,9
HKG,2020/7/3,2,2,1,0,5
HKG,2020/7/4,0,7,3,1,11
HKG,2020/7/5,2,0,8,0,10
HKG,2020/7/6,4,9,3,1,17
HKG,2020/7/7,1,4,6,3,14
HKG,2020/7/8,0,3,11,10,24
HKG,2020/7/9,2,2,10,28,42
HKG,2020/7/10,9,10,11,8,38
HKG,2020/7/11,3,10,9,6,28
HKG,2020/7/12,4,6,13,15,38
HKG,2020/7/13,6,11,23,12,52
HKG,2020/7/14,2,12,12,22,48
HKG,2020/7/15,2,5,8,4,19
HKG,2020/7/16,3,16,26,22,67
HKG,2020/7/17,3,12,25,18,58
HKG,2020/7/18,2,11,27,24,64
HKG,2020/7/19,5,32,35,35,107
HKG,2020/7/20,6,14,30,23,73
HKG,2020/7/21,7,14,23,17,61
HKG,2020/7/22,5,26,43,39,113
HKG,2020/7/23,11,35,42,30,118
HKG,2020/7/24,12,21,48,42,123
HKG,2020/7/25,5,30,48,50,133
HKG,2020/7/26,16,40,45,27,128
HKG,2020/7/27,15,36,50,44,145
HKG,2020/7/28,9,30,31,36,106
HKG,2020/7/29,6,27,33,51,117
HKG,2020/7/30,15,48,51,35,149
HKG,2020/7/31,11,37,36,37,121
HKG,2020/8/1,16,42,34,33,125
HKG,2020/8/2,8,27,33,45,113
HKG,2020/8/3,5,32,26,17,80
HKG,2020/8/4,9,28,19,24,80
HKG,2020/8/5,7,21,26,31,85
HKG,2020/8/6,9,31,35,20,95
HKG,2020/8/7,10,32,28,19,89
HKG,2020/8/8,7,19,26,17,69
HKG,2020/8/9,1,34,18,19,72
HKG,2020/8/10,11,18,23,17,69
HKG,2020/8/11,3,12,8,10,33
HKG,2020/8/12,5,12,22,23,62
HKG,2020/8/13,0,20,27,22,69
HKG,2020/8/14,9,13,16,10,48
HKG,2020/8/15,2,18,13,13,46
HKG,2020/8/16,5,16,30,23,74
HKG,2020/8/17,6,17,12,9,44
HKG,2020/8/18,6,15,8,7,36
HKG,2020/8/19,2,10,8,6,26
HKG,2020/8/20,1,6,7,4,18
HKG,2020/8/21,6,8,6,7,27
HKG,2020/8/22,4,6,8,8,26
HKG,2020/8/23,6,6,5,8,25
HKG,2020/8/24,0,5,4,0,9
HKG,2020/8/25,1,5,8,5,19
HKG,2020/8/26,4,6,7,7,24
HKG,2020/8/27,3,7,9,2,21
HKG,2020/8/28,1,2,7,3,13
HKG,2020/8/29,2,3,7,6,18
HKG,2020/8/30,0,6,8,1,15
HKG,2020/8/31,1,3,3,2,9
HKG,2020/9/1,1,1,6,4,12
HKG,2020/9/2,0,2,2,4,8
HKG,2020/9/3,1,1,2,4,8
HKG,2020/9/4,2,3,3,4,12
HKG,2020/9/5,0,1,1,5,7
HKG,2020/9/6,0,9,5,7,21
HKG,2020/9/7,0,3,4,4,11
HKG,2020/9/8,0,3,2,1,6
HKG,2020/9/9,1,1,1,3,6
HKG,2020/9/10,1,7,4,0,12
HKG,2020/9/11,1,5,3,3,12
HKG,2020/9/12,0,7,3,3,13
HKG,2020/9/13,3,5,6,5,19
HKG,2020/9/14,1,3,6,4,14
HKG,2020/9/15,0,3,1,0,4
HKG,2020/9/16,2,4,2,1,9
HKG,2020/9/17,1,2,5,1,9
HKG,2020/9/18,0,1,2,0,3
HKG,2020/9/19,2,8,1,2,13
HKG,2020/9/20,6,5,8,4,23
HKG,2020/9/21,0,2,3,1,6
HKG,2020/9/22,3,4,1,0,8
HKG,2020/9/23,1,0,1,1,3
HKG,2020/9/24,0,2,5,0,7
HKG,2020/9/25,0,0,2,0,2
HKG,2020/9/26,0,0,1,0,1
HKG,2020/9/27,1,4,1,0,6
HKG,2020/9/28,2,1,5,2,10
HKG,2020/9/29,0,3,1,0,4
HKG,2020/9/30,1,2,2,3,8
HKG,2020/10/1,1,7,2,0,10
HKG,2020/10/2,1,3,3,0,7
HKG,2020/10/3,0,4,0,0,4
HKG,2020/10/4,0,2,0,3,5
HKG,2020/10/5,0,5,3,3,11
HKG,2020/10/6,0,6,2,0,8
HKG,2020/10/7,3,5,3,0,11
HKG,2020/10/8,0,6,8,4,18
HKG,2020/10/9,0,3,4,1,8
HKG,2020/10/10,2,2,2,0,6
HKG,2020/10/11,1,2,3,1,7
HKG,2020/10/12,1,3,6,1,11
HKG,2020/10/13,1,5,1,1,8
HKG,2020/10/14,0,0,0,0,0
HKG,2020/10/15,2,5,3,2,12
HKG,2020/10/16,2,3,2,0,7
HKG,2020/10/17,2,12,3,0,17
HKG,2020/10/18,1,1,1,1,4
HKG,2020/10/19,0,8,7,0,15
HKG,2020/10/20,0,1,3,1,5
HKG,2020/10/21,0,2,3,3,8
HKG,2020/10/22,1,5,2,3,11
HKG,2020/10/23,1,1,1,1,4
HKG,2020/10/24,0,1,3,1,5
HKG,2020/10/25,1,3,2,0,6
HKG,2020/10/26,4,3,1,0,8
HKG,2020/10/27,1,4,0,0,5
HKG,2020/10/28,0,2,0,0,2
HKG,2020/10/29,0,1,2,0,3
HKG,2020/10/30,1,3,2,1,7
HKG,2020/10/31,1,1,1,0,3
HKG,2020/11/1,1,5,1,0,7
HKG,2020/11/2,1,5,0,0,6
HKG,2020/11/3,0,7,2,0,9
HKG,2020/11/4,0,2,1,0,3
HKG,2020/11/5,0,5,2,0,7
HKG,2020/11/6,1,3,2,0,6
HKG,2020/11/7,0,2,0,1,3
HKG,2020/11/8,0,5,5,0,10
HKG,2020/11/9,0,2,4,0,6
HKG,2020/11/10,1,5,3,0,9
HKG,2020/11/11,3,6,7,2,18
HKG,2020/11/12,1,7,9,6,23
HKG,2020/11/13,0,3,2,1,6
HKG,2020/11/14,0,4,2,2,8
HKG,2020/11/15,0,8,4,2,14
HKG,2020/11/16,1,3,2,2,8
HKG,2020/11/17,0,2,2,0,4
HKG,2020/11/18,3,2,2,2,9
HKG,2020/11/19,4,2,2,4,12
HKG,2020/11/20,0,10,7,9,26
HKG,2020/11/21,1,13,14,15,43
HKG,2020/11/22,1,16,21,30,68
HKG,2020/11/23,6,15,22,30,73
HKG,2020/11/24,2,12,26,40,80
HKG,2020/11/25,5,9,31,40,85
HKG,2020/11/26,3,18,28,32,81
HKG,2020/11/27,7,21,36,28,92
HKG,2020/11/28,2,19,34,29,84
HKG,2020/11/29,3,22,46,44,115
HKG,2020/11/30,9,18,27,22,76
HKG,2020/12/1,5,22,36,19,82
HKG,2020/12/2,4,34,45,20,103
HKG,2020/12/3,5,25,33,27,90
HKG,2020/12/4,6,29,42,35,112
HKG,2020/12/5,8,19,43,31,101
HKG,2020/12/6,10,15,38,32,95
HKG,2020/12/7,5,24,28,21,78
HKG,2020/12/8,11,26,30,33,100
HKG,2020/12/9,8,24,37,35,104
HKG,2020/12/10,7,35,37,33,112
HKG,2020/12/11,5,22,30,29,86
HKG,2020/12/12,10,12,28,19,69
HKG,2020/12/13,3,30,32,30,95
HKG,2020/12/14,11,16,29,26,82
HKG,2020/12/15,12,24,29,33,98
HKG,2020/12/16,9,20,36,17,82
HKG,2020/12/17,7,23,27,39,96
HKG,2020/12/18,5,15,33,17,70
HKG,2020/12/19,6,31,47,25,109
HKG,2020/12/20,8,26,26,14,74
HKG,2020/12/21,12,35,17,21,85
HKG,2020/12/22,3,25,15,20,63
HKG,2020/12/23,5,18,13,17,53
HKG,2020/12/24,11,18,25,17,71
HKG,2020/12/25,9,14,17,17,57
HKG,2020/12/26,5,15,23,16,59
HKG,2020/12/27,8,22,19,21,70
HKG,2020/12/28,9,17,19,16,61
HKG,2020/12/29,3,23,10,17,53
HKG,2020/12/30,3,15,19,17,54
HKG,2020/12/31,8,17,24,19,68
HKG,2021/1/1,3,15,10,14,42
HKG,2021/1/2,4,13,8,10,35
HKG,2021/1/3,3,16,17,5,41
HKG,2021/1/4,10,12,17,14,53
HKG,2021/1/5,3,10,8,11,32
HKG,2021/1/6,0,7,10,8,25
HKG,2021/1/7,3,8,15,7,33
HKG,2021/1/8,6,16,11,12,45
HKG,2021/1/9,7,19,17,16,59
HKG,2021/1/10,3,9,12,7,31
HKG,2021/1/11,7,14,13,7,41
HKG,2021/1/12,9,26,13,12,60
HKG,2021/1/13,4,18,14,6,42
HKG,2021/1/14,3,12,9,5,29
HKG,2021/1/15,7,14,12,5,38
HKG,2021/1/16,5,17,18,10,50
HKG,2021/1/17,7,15,26,7,55
HKG,2021/1/18,10,29,46,22,107
HKG,2021/1/19,7,14,22,13,56
HKG,2021/1/20,9,23,27,18,77
HKG,2021/1/21,15,20,15,20,70
HKG,2021/1/22,6,24,17,14,61
HKG,2021/1/23,5,29,30,17,81
HKG,2021/1/24,11,23,26,16,76
HKG,2021/1/25,7,20,23,23,73
HKG,2021/1/26,9,25,22,8,64
HKG,2021/1/27,9,22,13,16,60
HKG,2021/1/28,4,12,10,13,39
HKG,2021/1/29,7,14,17,12,50
HKG,2021/1/30,3,10,11,4,28
HKG,2021/1/31,5,21,18,9,53
HKG,2021/2/1,5,14,9,6,34
HKG,2021/2/2,7,10,5,3,25
HKG,2021/2/3,3,9,5,2,19
HKG,2021/2/4,4,8,5,5,22
HKG,2021/2/5,5,19,10,3,37
HKG,2021/2/6,5,8,4,2,19
HKG,2021/2/7,3,12,9,3,27
HKG,2021/2/8,6,10,10,6,32
HKG,2021/2/9,6,9,6,5,26
HKG,2021/2/10,1,4,8,4,17
HKG,2021/2/11,1,6,6,8,21
HKG,2021/2/12,3,11,6,4,24
HKG,2021/2/13,0,5,1,6,12
HKG,2021/2/14,0,9,1,2,12
HKG,2021/2/15,0,5,2,2,9
HKG,2021/2/16,1,5,1,1,8
HKG,2021/2/17,0,8,5,3,16
HKG,2021/2/18,2,1,4,1,8
HKG,2021/2/19,1,10,2,0,13
HKG,2021/2/20,0,6,5,4,15
HKG,2021/2/21,4,6,2,8,20
HKG,2021/2/22,1,3,7,5,16
HKG,2021/2/23,3,7,0,2,12
HKG,2021/2/24,0,5,4,8,17
HKG,2021/2/25,1,3,7,2,13
HKG,2021/2/26,3,6,12,3,24
HKG,2021/2/27,1,8,17,7,33
HKG,2021/2/28,3,12,5,2,22
HKG,2021/3/1,1,8,5,0,14
HKG,2021/3/2,1,7,1,4,13
HKG,2021/3/3,1,7,4,2,14
HKG,2021/3/4,1,4,1,3,9
HKG,2021/3/5,2,5,3,1,11
HKG,2021/3/6,1,1,5,1,8
HKG,2021/3/7,3,3,7,3,16
HKG,2021/3/8,1,5,3,0,9
HKG,2021/3/9,3,11,7,0,21
HKG,2021/3/10,0,5,2,1,8
HKG,2021/3/11,1,10,9,2,22
HKG,2021/3/12,2,36,19,3,60
HKG,2021/3/13,1,30,11,4,46
HKG,2021/3/14,2,12,5,4,23
HKG,2021/3/15,4,13,11,2,30
HKG,2021/3/16,3,8,6,1,18
HKG,2021/3/17,3,5,3,0,11
HKG,2021/3/18,1,6,3,0,10
HKG,2021/3/19,1,2,5,4,12
HKG,2021/3/20,1,2,4,1,8
HKG,2021/3/21,1,3,2,2,8
HKG,2021/3/22,0,10,7,1,18
HKG,2021/3/23,1,7,3,1,12
HKG,2021/3/24,2,4,4,0,10
HKG,2021/3/25,3,3,3,0,9
HKG,2021/3/26,1,6,4,0,11
HKG,2021/3/27,0,4,2,0,6
HKG,2021/3/28,0,1,0,0,1
HKG,2021/3/29,0,7,1,0,8
HKG,2021/3/30,0,4,3,0,7
HKG,2021/3/31,0,3,3,0,6
JPN,2020/2/1,0,1,2,0,3
JPN,2020/2/2,0,0,0,0,0
JPN,2020/2/3,0,0,0,0,0
JPN,2020/2/4,0,2,2,0,4
JPN,2020/2/5,0,0,2,0,2
JPN,2020/2/6,0,0,0,0,0
JPN,2020/2/7,0,1,0,0,1
JPN,2020/2/8,0,0,0,0,0
JPN,2020/2/9,0,0,0,0,0
JPN,2020/2/10,0,0,2,0,2
JPN,2020/2/11,0,0,1,0,1
JPN,2020/2/12,0,0,0,0,0
JPN,2020/2/13,0,1,1,2,4
JPN,2020/2/14,0,1,2,5,8
JPN,2020/2/15,0,0,6,6,12
JPN,2020/2/16,0,2,0,4,6
JPN,2020/2/17,0,0,5,2,7
JPN,2020/2/18,1,2,2,5,10
JPN,2020/2/19,0,0,3,6,9
JPN,2020/2/20,0,1,1,7,9
JPN,2020/2/21,3,4,4,5,16
JPN,2020/2/22,2,2,11,11,26
JPN,2020/2/23,0,4,1,5,10
JPN,2020/2/24,0,2,8,2,12
JPN,2020/2/25,0,2,4,9,15
JPN,2020/2/26,0,0,5,11,16
JPN,2020/2/27,2,4,10,9,25
JPN,2020/2/28,2,2,4,12,20
JPN,2020/2/29,0,3,0,5,8
JPN,2020/3/1,0,2,7,5,14
JPN,2020/3/2,0,1,8,4,13
JPN,2020/3/3,0,4,6,10,20
JPN,2020/3/4,1,6,15,14,36
JPN,2020/3/5,3,7,11,15,36
JPN,2020/3/6,1,12,16,27,56
JPN,2020/3/7,0,5,16,17,38
JPN,2020/3/8,0,6,15,16,37
JPN,2020/3/9,1,4,8,13,26
JPN,2020/3/10,0,17,23,27,67
JPN,2020/3/11,2,13,20,22,57
JPN,2020/3/12,1,9,11,23,44
JPN,2020/3/13,3,6,14,17,40
JPN,2020/3/14,1,13,19,21,54
JPN,2020/3/15,2,4,10,14,30
JPN,2020/3/16,1,2,7,9,19
JPN,2020/3/17,0,10,20,14,44
JPN,2020/3/18,1,14,15,13,43
JPN,2020/3/19,1,13,15,17,46
JPN,2020/3/20,1,12,9,23,45
JPN,2020/3/21,0,8,20,15,43
JPN,2020/3/22,1,11,16,15,43
JPN,2020/3/23,0,8,15,15,38
JPN,2020/3/24,2,24,27,27,80
JPN,2020/3/25,2,20,35,32,89
JPN,2020/3/26,4,28,33,33,98
JPN,2020/3/27,3,43,47,32,125
JPN,2020/3/28,5,65,64,69,203
JPN,2020/3/29,4,73,49,33,159
JPN,2020/3/30,7,66,41,31,145
JPN,2020/3/31,9,102,74,50,235
JPN,2020/4/1,19,109,97,50,275
JPN,2020/4/2,15,103,102,71,291
JPN,2020/4/3,9,151,112,71,343
JPN,2020/4/4,18,149,126,97,390
JPN,2020/4/5,5,125,98,69,297
JPN,2020/4/6,6,96,95,63,260
JPN,2020/4/7,17,164,182,110,473
JPN,2020/4/8,17,189,169,100,475
JPN,2020/4/9,41,204,209,177,631
JPN,2020/4/10,19,223,238,156,636
JPN,2020/4/11,30,219,259,183,691
JPN,2020/4/12,25,132,141,158,456
JPN,2020/4/13,9,104,119,80,312
JPN,2020/4/14,21,172,203,126,522
JPN,2020/4/15,25,161,206,183,575
JPN,2020/4/16,24,179,190,136,529
JPN,2020/4/17,16,176,193,175,560
JPN,2020/4/18,22,150,178,211,561
JPN,2020/4/19,12,97,114,108,331
JPN,2020/4/20,10,107,104,137,358
JPN,2020/4/21,11,130,140,122,403
JPN,2020/4/22,29,113,120,145,407
JPN,2020/4/23,21,107,127,154,409
JPN,2020/4/24,18,132,121,122,393
JPN,2020/4/25,11,77,90,117,295
JPN,2020/4/26,13,47,70,77,207
JPN,2020/4/27,11,52,53,55,171
JPN,2020/4/28,14,71,74,132,291
JPN,2020/4/29,11,62,55,84,212
JPN,2020/4/30,4,50,47,78,179
JPN,2020/5/1,8,75,56,149,288
JPN,2020/5/2,15,90,87,107,299
JPN,2020/5/3,8,56,61,60,185
JPN,2020/5/4,1,44,35,71,151
JPN,2020/5/5,5,39,30,42,116
JPN,2020/5/6,0,28,23,45,96
JPN,2020/5/7,1,21,26,36,84
JPN,2020/5/8,3,38,26,28,95
JPN,2020/5/9,4,39,28,40,111
JPN,2020/5/10,4,23,11,29,67
JPN,2020/5/11,1,10,7,16,34
JPN,2020/5/12,5,20,12,38,75
JPN,2020/5/13,6,19,21,31,77
JPN,2020/5/14,3,24,6,28,61
JPN,2020/5/15,4,17,14,25,60
JPN,2020/5/16,2,19,13,8,42
JPN,2020/5/17,1,6,5,12,24
JPN,2020/5/18,0,11,1,9,21
JPN,2020/5/19,3,11,18,13,45
JPN,2020/5/20,2,8,12,9,31
JPN,2020/5/21,3,11,8,13,35
JPN,2020/5/22,1,11,4,14,30
JPN,2020/5/23,1,9,5,8,23
JPN,2020/5/24,2,10,6,11,29
JPN,2020/5/25,3,9,6,8,26
JPN,2020/5/26,1,10,3,6,20
JPN,2020/5/27,4,15,9,17,45
JPN,2020/5/28,7,22,10,7,46
JPN,2020/5/29,8,30,20,27,85
JPN,2020/5/30,1,21,8,12,42
JPN,2020/5/31,8,9,2,6,25
JPN,2020/6/1,1,20,8,7,36
JPN,2020/6/2,2,18,8,22,50
JPN,2020/6/3,1,13,7,8,29
JPN,2020/6/4,2,26,8,18,54
JPN,2020/6/5,2,23,10,11,46
JPN,2020/6/6,1,25,7,6,39
JPN,2020/6/7,3,7,10,10,30
JPN,2020/6/8,0,15,6,4,25
JPN,2020/6/9,8,15,10,8,41
JPN,2020/6/10,2,18,6,11,37
JPN,2020/6/11,1,23,3,17,44
JPN,2020/6/12,1,37,9,6,53
JPN,2020/6/13,2,21,4,13,40
JPN,2020/6/14,9,43,8,10,70
JPN,2020/6/15,4,5,7,8,24
JPN,2020/6/16,2,31,8,7,48
JPN,2020/6/17,2,18,8,10,38
JPN,2020/6/18,3,38,10,15,66
JPN,2020/6/19,6,33,11,9,59
JPN,2020/6/20,3,45,12,3,63
JPN,2020/6/21,4,41,4,3,52
JPN,2020/6/22,3,25,11,5,44
JPN,2020/6/23,4,32,11,14,61
JPN,2020/6/24,13,52,22,12,99
JPN,2020/6/25,7,41,18,12,78
JPN,2020/6/26,4,69,16,7,96
JPN,2020/6/27,4,59,21,15,99
JPN,2020/6/28,2,68,23,10,103
JPN,2020/6/29,6,72,19,23,120
JPN,2020/6/30,17,74,34,13,138
JPN,2020/7/1,7,92,22,13,134
JPN,2020/7/2,13,118,39,25,195
JPN,2020/7/3,9,173,44,21,247
JPN,2020/7/4,15,184,41,19,259
JPN,2020/7/5,21,118,40,15,194
JPN,2020/7/6,9,114,41,15,179
JPN,2020/7/7,21,121,44,17,203
JPN,2020/7/8,21,112,45,9,187
JPN,2020/7/9,38,251,56,25,370
JPN,2020/7/10,29,269,87,39,424
JPN,2020/7/11,34,244,80,35,393
JPN,2020/7/12,51,206,64,37,358
JPN,2020/7/13,20,167,66,22,275
JPN,2020/7/14,25,207,75,30,337
JPN,2020/7/15,46,262,100,49,457
JPN,2020/7/16,51,372,121,59,603
JPN,2020/7/17,32,407,139,64,642
JPN,2020/7/18,48,368,127,73,616
JPN,2020/7/19,41,288,95,43,467
JPN,2020/7/20,21,275,119,66,481
JPN,2020/7/21,38,392,156,56,642
JPN,2020/7/22,63,500,174,83,820
JPN,2020/7/23,74,546,185,101,906
JPN,2020/7/24,73,489,155,54,771
JPN,2020/7/25,85,464,210,74,833
JPN,2020/7/26,61,449,171,89,770
JPN,2020/7/27,44,345,193,99,681
JPN,2020/7/28,59,614,292,126,1091
JPN,2020/7/29,88,725,328,157,1298
JPN,2020/7/30,90,805,275,151,1321
JPN,2020/7/31,94,1041,355,174,1664
JPN,2020/8/1,115,834,290,170,1409
JPN,2020/8/2,95,679,270,151,1195
JPN,2020/8/3,87,541,248,143,1019
JPN,2020/8/4,95,673,298,182,1248
JPN,2020/8/5,106,732,327,225,1390
JPN,2020/8/6,111,756,356,231,1454
JPN,2020/8/7,143,903,415,318,1779
JPN,2020/8/8,200,735,353,214,1502
JPN,2020/8/9,101,561,267,208,1137
JPN,2020/8/10,58,324,188,161,731
JPN,2020/8/11,90,322,208,172,792
JPN,2020/8/12,90,479,276,229,1074
JPN,2020/8/13,118,453,317,298,1186
JPN,2020/8/14,125,610,342,290,1367
JPN,2020/8/15,84,507,302,243,1136
JPN,2020/8/16,93,366,237,183,879
JPN,2020/8/17,73,277,207,155,712
JPN,2020/8/18,97,427,280,236,1040
JPN,2020/8/19,86,453,318,276,1133
JPN,2020/8/20,100,462,300,264,1126
JPN,2020/8/21,80,442,296,202,1020
JPN,2020/8/22,66,412,225,176,879
JPN,2020/8/23,57,276,182,172,687
JPN,2020/8/24,47,213,151,123,534
JPN,2020/8/25,60,299,249,141,749
JPN,2020/8/26,68,389,212,224,893
JPN,2020/8/27,88,347,202,189,826
JPN,2020/8/28,95,349,254,203,901
JPN,2020/8/29,83,318,210,189,800
JPN,2020/8/30,43,197,141,139,520
JPN,2020/8/31,48,185,116,105,454
JPN,2020/9/1,47,263,166,160,636
JPN,2020/9/2,56,249,190,159,654
JPN,2020/9/3,51,226,172,144,593
JPN,2020/9/4,52,231,176,148,607
JPN,2020/9/5,39,172,131,110,452
JPN,2020/9/6,24,108,82,69,283
JPN,2020/9/7,44,197,150,126,517
JPN,2020/9/8,44,196,149,125,514
JPN,2020/9/9,70,282,203,141,696
JPN,2020/9/10,63,253,182,127,625
JPN,2020/9/11,63,253,182,127,625
JPN,2020/9/12,44,177,128,89,438
JPN,2020/9/13,26,105,75,52,258
JPN,2020/9/14,52,208,149,104,513
JPN,2020/9/15,54,217,156,108,535
JPN,2020/9/16,53,206,152,110,521
JPN,2020/9/17,62,238,176,127,603
JPN,2020/9/18,66,253,187,136,642
JPN,2020/9/19,52,200,148,107,507
JPN,2020/9/20,34,130,96,70,330
JPN,2020/9/21,35,134,99,72,340
JPN,2020/9/22,25,96,71,52,244
JPN,2020/9/23,37,162,125,86,410
JPN,2020/9/24,45,195,151,103,494
JPN,2020/9/25,50,218,168,115,551
JPN,2020/9/26,38,164,126,86,414
JPN,2020/9/27,23,102,78,54,257
JPN,2020/9/28,41,180,139,95,455
JPN,2020/9/29,45,195,151,103,494
JPN,2020/9/30,54,255,174,128,611
JPN,2020/10/1,47,222,151,112,532
JPN,2020/10/2,49,230,157,116,552
JPN,2020/10/3,35,164,112,83,394
JPN,2020/10/4,23,111,75,56,265
JPN,2020/10/5,43,202,138,102,485
JPN,2020/10/6,44,208,142,105,499
JPN,2020/10/7,54,251,175,112,592
JPN,2020/10/8,52,241,168,107,568
JPN,2020/10/9,58,269,188,120,635
JPN,2020/10/10,38,177,123,79,417
JPN,2020/10/11,24,112,78,50,264
JPN,2020/10/12,43,199,139,89,470
JPN,2020/10/13,48,224,156,100,528
JPN,2020/10/14,65,267,203,140,675
JPN,2020/10/15,58,239,182,126,605
JPN,2020/10/16,56,231,176,121,584
JPN,2020/10/17,39,160,122,84,405
JPN,2020/10/18,28,116,88,61,293
JPN,2020/10/19,44,180,137,94,455
JPN,2020/10/20,57,235,179,124,595
JPN,2020/10/21,40,237,165,128,570
JPN,2020/10/22,50,295,206,160,711
JPN,2020/10/23,47,279,194,151,671
JPN,2020/10/24,32,192,134,104,462
JPN,2020/10/25,27,160,111,86,384
JPN,2020/10/26,43,253,177,137,610
JPN,2020/10/27,48,286,199,155,688
JPN,2020/10/28,62,323,237,165,787
JPN,2020/10/29,60,311,228,159,758
JPN,2020/10/30,67,349,256,179,851
JPN,2020/10/31,47,243,179,125,594
JPN,2020/11/1,37,193,142,99,471
JPN,2020/11/2,67,347,255,178,847
JPN,2020/11/3,47,245,180,125,597
JPN,2020/11/4,78,359,257,199,893
JPN,2020/11/5,85,391,280,217,973
JPN,2020/11/6,97,444,318,246,1105
JPN,2020/11/7,71,325,233,180,809
JPN,2020/11/8,58,264,190,147,659
JPN,2020/11/9,96,439,315,244,1094
JPN,2020/11/10,115,527,378,293,1313
JPN,2020/11/11,124,547,432,327,1430
JPN,2020/11/12,128,567,448,339,1482
JPN,2020/11/13,131,578,456,346,1511
JPN,2020/11/14,108,478,377,286,1249
JPN,2020/11/15,72,317,250,190,829
JPN,2020/11/16,129,567,448,340,1484
JPN,2020/11/17,164,724,571,433,1892
JPN,2020/11/18,146,689,604,453,1892
JPN,2020/11/19,149,702,616,462,1929
JPN,2020/11/20,159,751,659,494,2063
JPN,2020/11/21,132,623,546,410,1711
JPN,2020/11/22,93,439,385,289,1206
JPN,2020/11/23,75,352,309,232,968
JPN,2020/11/24,118,558,490,367,1533
JPN,2020/11/25,180,675,565,498,1918
JPN,2020/11/26,180,677,566,500,1923
JPN,2020/11/27,192,722,604,533,2051
JPN,2020/11/28,147,554,463,409,1573
JPN,2020/11/29,102,385,322,284,1093
JPN,2020/11/30,145,543,454,401,1543
JPN,2020/12/1,174,652,546,482,1854
JPN,2020/12/2,179,657,557,512,1905
JPN,2020/12/3,174,637,539,496,1846
JPN,2020/12/4,179,658,557,512,1906
JPN,2020/12/5,144,529,448,412,1533
JPN,2020/12/6,108,396,335,308,1147
JPN,2020/12/7,154,565,478,440,1637
JPN,2020/12/8,200,733,621,571,2125
JPN,2020/12/9,259,829,680,577,2345
JPN,2020/12/10,245,784,644,546,2219
JPN,2020/12/11,265,846,695,589,2395
JPN,2020/12/12,208,666,547,463,1884
JPN,2020/12/13,144,462,379,321,1306
JPN,2020/12/14,212,678,557,472,1919
JPN,2020/12/15,261,833,684,580,2358
JPN,2020/12/16,276,1063,849,729,2917
JPN,2020/12/17,243,938,749,644,2574
JPN,2020/12/18,262,1009,806,692,2769
JPN,2020/12/19,205,791,632,543,2171
JPN,2020/12/20,155,598,478,410,1641
JPN,2020/12/21,229,884,706,607,2426
JPN,2020/12/22,280,1079,862,741,2962
JPN,2020/12/23,284,1214,971,852,3321
JPN,2020/12/24,292,1250,999,877,3418
JPN,2020/12/25,295,1262,1009,886,3452
JPN,2020/12/26,223,953,762,668,2606
JPN,2020/12/27,182,777,621,545,2125
JPN,2020/12/28,275,1177,941,826,3219
JPN,2020/12/29,294,1257,1005,882,3438
JPN,2020/12/30,337,1550,1145,889,3921
JPN,2020/12/31,242,1113,822,638,2815
JPN,2021/1/1,228,1047,773,600,2648
JPN,2021/1/2,234,1074,794,616,2718
JPN,2021/1/3,248,1142,843,655,2888
JPN,2021/1/4,368,1691,1249,969,4277
JPN,2021/1/5,451,2071,1529,1187,5238
JPN,2021/1/6,744,3038,2031,1459,7272
JPN,2021/1/7,774,3159,2112,1517,7562
JPN,2021/1/8,762,3111,2080,1494,7447
JPN,2021/1/9,595,2430,1625,1167,5817
JPN,2021/1/10,477,1946,1301,935,4659
JPN,2021/1/11,448,1827,1221,877,4373
JPN,2021/1/12,575,2348,1570,1128,5621
JPN,2021/1/13,702,2342,1819,1528,6391
JPN,2021/1/14,755,2518,1956,1643,6872
JPN,2021/1/15,741,2471,1920,1612,6744
JPN,2021/1/16,608,2028,1575,1323,5534
JPN,2021/1/17,520,1736,1349,1133,4738
JPN,2021/1/18,561,1872,1455,1222,5110
JPN,2021/1/19,584,1950,1514,1272,5320
JPN,2021/1/20,671,1753,1591,1699,5714
JPN,2021/1/21,601,1569,1424,1521,5115
JPN,2021/1/22,559,1459,1324,1414,4756
JPN,2021/1/23,474,1237,1123,1199,4033
JPN,2021/1/24,326,852,773,826,2777
JPN,2021/1/25,458,1195,1085,1158,3896
JPN,2021/1/26,470,1228,1115,1190,4003
JPN,2021/1/27,449,1230,1151,1365,4195
JPN,2021/1/28,383,1051,983,1166,3583
JPN,2021/1/29,363,996,932,1105,3396
JPN,2021/1/30,291,798,746,885,2720
JPN,2021/1/31,194,531,497,589,1811
JPN,2021/2/1,253,693,648,769,2363
JPN,2021/2/2,286,785,734,871,2676
JPN,2021/2/3,264,796,660,884,2604
JPN,2021/2/4,243,732,607,813,2395
JPN,2021/2/5,233,703,583,781,2300
JPN,2021/2/6,167,503,417,559,1646
JPN,2021/2/7,125,376,312,418,1231
JPN,2021/2/8,161,484,402,538,1585
JPN,2021/2/9,192,578,479,642,1891
JPN,2021/2/10,166,515,456,591,1728
JPN,2021/2/11,127,393,348,451,1319
JPN,2021/2/12,133,411,365,472,1381
JPN,2021/2/13,133,413,366,474,1386
JPN,2021/2/14,94,291,258,334,977
JPN,2021/2/15,128,396,351,455,1330
JPN,2021/2/16,141,438,388,503,1470
JPN,2021/2/17,148,488,399,532,1567
JPN,2021/2/18,125,412,337,448,1322
JPN,2021/2/19,118,390,319,425,1252
JPN,2021/2/20,99,326,267,355,1047
JPN,2021/2/21,71,235,192,256,754
JPN,2021/2/22,104,342,280,373,1099
JPN,2021/2/23,88,291,238,317,934
JPN,2021/2/24,95,301,246,341,983
JPN,2021/2/25,94,297,242,336,969
JPN,2021/2/26,108,342,280,387,1117
JPN,2021/2/27,89,280,229,317,915
JPN,2021/2/28,61,192,157,218,628
JPN,2021/3/1,79,250,204,283,816
JPN,2021/3/2,110,349,285,395,1139
JPN,2021/3/3,103,351,301,367,1122
JPN,2021/3/4,101,344,294,359,1098
JPN,2021/3/5,92,313,268,328,1001
JPN,2021/3/6,94,319,274,334,1021
JPN,2021/3/7,53,179,154,188,574
JPN,2021/3/8,99,338,289,353,1079
JPN,2021/3/9,115,393,337,411,1256
JPN,2021/3/10,125,426,327,370,1248
JPN,2021/3/11,121,412,316,358,1207
JPN,2021/3/12,125,426,327,371,1249
JPN,2021/3/13,93,318,244,277,932
JPN,2021/3/14,65,223,171,194,653
JPN,2021/3/15,108,367,281,319,1075
JPN,2021/3/16,144,492,378,428,1442
JPN,2021/3/17,162,489,360,364,1375
JPN,2021/3/18,158,479,352,357,1346
JPN,2021/3/19,165,498,367,372,1402
JPN,2021/3/20,121,365,268,272,1026
JPN,2021/3/21,88,266,196,199,749
JPN,2021/3/22,162,488,359,364,1373
JPN,2021/3/23,209,632,465,471,1777
JPN,2021/3/24,192,630,467,418,1707
JPN,2021/3/25,203,668,495,443,1809
JPN,2021/3/26,207,679,504,451,1841
JPN,2021/3/27,177,580,430,385,1572
JPN,2021/3/28,134,440,326,292,1192
JPN,2021/3/29,208,683,507,454,1852
JPN,2021/3/30,283,931,690,618,2522
JPN,2021/3/31,255,964,622,457,2298
MYS,2020/2/1,0,0,0,0,0
MYS,2020/2/2,0,0,0,0,0
MYS,2020/2/3,0,0,0,0,0
MYS,2020/2/4,0,0,1,1,2
MYS,2020/2/5,1,0,1,0,2
MYS,2020/2/6,0,1,1,0,2
MYS,2020/2/7,0,0,1,0,1
MYS,2020/2/8,0,0,0,1,1
MYS,2020/2/9,0,0,0,1,1
MYS,2020/2/10,0,1,0,0,1
MYS,2020/2/11,0,0,0,0,0
MYS,2020/2/12,0,0,0,0,0
MYS,2020/2/13,0,0,0,0,0
MYS,2020/2/14,0,1,0,0,1
MYS,2020/2/15,0,2,0,1,3
MYS,2020/2/16,0,0,0,0,0
MYS,2020/2/17,0,0,0,0,0
MYS,2020/2/18,0,0,0,0,0
MYS,2020/2/19,0,0,0,0,0
MYS,2020/2/20,0,0,0,0,0
MYS,2020/2/21,0,0,0,0,0
MYS,2020/2/22,0,0,0,0,0
MYS,2020/2/23,0,0,0,0,0
MYS,2020/2/24,0,0,0,0,0
MYS,2020/2/25,0,0,0,0,0
MYS,2020/2/26,0,0,0,0,0
MYS,2020/2/27,0,0,1,0,1
MYS,2020/2/28,0,0,2,0,2
MYS,2020/2/29,0,0,0,0,0
MYS,2020/3/1,0,2,2,0,4
MYS,2020/3/2,0,0,0,0,0
MYS,2020/3/3,0,1,6,0,7
MYS,2020/3/4,0,3,7,4,14
MYS,2020/3/5,1,1,2,1,5
MYS,2020/3/6,2,10,13,3,28
MYS,2020/3/7,1,1,6,2,10
MYS,2020/3/8,1,4,1,0,6
MYS,2020/3/9,1,2,10,5,18
MYS,2020/3/10,0,9,2,1,12
MYS,2020/3/11,2,6,4,8,20
MYS,2020/3/12,0,2,4,3,9
MYS,2020/3/13,0,18,13,8,39
MYS,2020/3/14,0,15,19,7,41
MYS,2020/3/15,5,65,63,48,181
MYS,2020/3/16,6,44,41,31,122
MYS,2020/3/17,8,49,42,21,120
MYS,2020/3/18,12,34,44,26,116
MYS,2020/3/19,13,34,43,20,110
MYS,2020/3/20,9,56,40,22,127
MYS,2020/3/21,11,66,40,33,150
MYS,2020/3/22,8,54,41,20,123
MYS,2020/3/23,6,91,64,35,196
MYS,2020/3/24,12,33,38,18,101
MYS,2020/3/25,10,57,57,43,167
MYS,2020/3/26,30,115,53,32,230
MYS,2020/3/27,10,50,45,23,128
MYS,2020/3/28,13,69,44,32,158
MYS,2020/3/29,11,64,45,27,147
MYS,2020/3/30,17,66,51,20,154
MYS,2020/3/31,11,67,33,28,139
MYS,2020/4/1,16,58,45,22,141
MYS,2020/4/2,21,84,58,37,200
MYS,2020/4/3,25,117,47,25,214
MYS,2020/4/4,10,57,54,15,136
MYS,2020/4/5,36,68,46,23,173
MYS,2020/4/6,19,44,33,30,126
MYS,2020/4/7,27,80,32,23,162
MYS,2020/4/8,28,64,37,26,155
MYS,2020/4/9,10,56,28,14,108
MYS,2020/4/10,13,55,29,20,117
MYS,2020/4/11,23,79,37,18,157
MYS,2020/4/12,21,60,24,17,122
MYS,2020/4/13,14,59,40,10,123
MYS,2020/4/14,16,97,27,25,165
MYS,2020/4/15,6,33,22,24,85
MYS,2020/4/16,30,41,21,16,108
MYS,2020/4/17,14,30,14,8,66
MYS,2020/4/18,9,23,14,8,54
MYS,2020/4/19,11,58,8,3,80
MYS,2020/4/20,5,20,6,5,36
MYS,2020/4/21,10,34,9,4,57
MYS,2020/4/22,4,25,8,5,42
MYS,2020/4/23,6,34,5,4,49
MYS,2020/4/24,9,30,8,2,49
MYS,2020/4/25,5,14,5,6,30
MYS,2020/4/26,3,9,13,8,33
MYS,2020/4/27,4,11,7,2,24
MYS,2020/4/28,2,11,6,4,23
MYS,2020/4/29,6,76,8,1,91
MYS,2020/4/30,7,33,11,5,56
MYS,2020/5/1,4,28,7,1,40
MYS,2020/5/2,10,62,25,4,101
MYS,2020/5/3,20,75,14,3,112
MYS,2020/5/4,6,30,12,0,48
MYS,2020/5/5,0,19,4,2,25
MYS,2020/5/6,4,27,6,5,42
MYS,2020/5/7,2,21,4,4,31
MYS,2020/5/8,1,57,8,1,67
MYS,2020/5/9,0,42,5,1,48
MYS,2020/5/10,5,53,5,1,64
MYS,2020/5/11,8,32,24,4,68
MYS,2020/5/12,0,4,4,1,9
MYS,2020/5/13,2,30,2,2,36
MYS,2020/5/14,2,20,3,0,25
MYS,2020/5/15,1,18,2,5,26
MYS,2020/5/16,2,10,4,1,17
MYS,2020/5/17,1,13,4,1,19
MYS,2020/5/18,0,30,6,3,39
MYS,2020/5/19,2,15,7,5,29
MYS,2020/5/20,2,16,8,1,27
MYS,2020/5/21,2,8,4,1,15
MYS,2020/5/22,8,33,6,2,49
MYS,2020/5/23,2,34,7,4,47
MYS,2020/5/24,4,43,8,2,57
MYS,2020/5/25,2,75,14,2,93
MYS,2020/5/26,2,71,36,2,111
MYS,2020/5/27,1,8,4,0,13
MYS,2020/5/28,1,3,2,0,6
MYS,2020/5/29,4,65,6,1,76
MYS,2020/5/30,2,10,1,4,17
MYS,2020/5/31,3,36,12,1,52
MYS,2020/6/1,4,27,4,0,35
MYS,2020/6/2,1,17,2,0,20
MYS,2020/6/3,30,56,1,0,87
MYS,2020/6/4,4,181,74,2,261
MYS,2020/6/5,5,9,2,1,17
MYS,2020/6/6,6,16,7,1,30
MYS,2020/6/7,3,9,4,2,18
MYS,2020/6/8,1,6,0,0,7
MYS,2020/6/9,0,6,0,0,6
MYS,2020/6/10,0,1,1,0,2
MYS,2020/6/11,1,27,1,0,29
MYS,2020/6/12,3,20,3,1,27
MYS,2020/6/13,20,16,5,2,43
MYS,2020/6/14,0,1,2,1,4
MYS,2020/6/15,10,22,5,2,39
MYS,2020/6/16,1,6,3,0,10
MYS,2020/6/17,3,3,1,3,10
MYS,2020/6/18,0,9,4,1,14
MYS,2020/6/19,1,2,2,1,6
MYS,2020/6/20,6,2,2,4,14
MYS,2020/6/21,0,11,3,2,16
MYS,2020/6/22,0,11,4,0,15
MYS,2020/6/23,0,2,0,1,3
MYS,2020/6/24,1,2,3,0,6
MYS,2020/6/25,0,2,1,1,4
MYS,2020/6/26,1,3,1,1,6
MYS,2020/6/27,3,4,3,0,10
MYS,2020/6/28,1,15,2,0,18
MYS,2020/6/29,1,2,0,0,3
MYS,2020/6/30,0,2,0,0,2
MYS,2020/7/1,0,1,0,0,1
MYS,2020/7/2,0,1,2,0,3
MYS,2020/7/3,0,2,2,1,5
MYS,2020/7/4,4,4,2,0,10
MYS,2020/7/5,1,1,2,1,5
MYS,2020/7/6,0,3,2,0,5
MYS,2020/7/7,0,5,1,0,6
MYS,2020/7/8,0,2,1,0,3
MYS,2020/7/9,2,3,1,0,6
MYS,2020/7/10,3,5,4,1,13
MYS,2020/7/11,0,6,0,2,8
MYS,2020/7/12,0,11,1,0,12
MYS,2020/7/13,0,2,4,1,7
MYS,2020/7/14,0,2,2,0,4
MYS,2020/7/15,0,1,4,0,5
MYS,2020/7/16,0,2,1,0,3
MYS,2020/7/17,3,10,2,3,18
MYS,2020/7/18,0,3,3,3,9
MYS,2020/7/19,0,7,5,2,14
MYS,2020/7/20,1,7,2,10,20
MYS,2020/7/21,1,7,6,1,15
MYS,2020/7/22,0,8,4,4,16
MYS,2020/7/23,0,7,1,1,9
MYS,2020/7/24,0,7,11,3,21
MYS,2020/7/25,0,12,8,3,23
MYS,2020/7/26,1,9,3,0,13
MYS,2020/7/27,1,5,0,1,7
MYS,2020/7/28,5,14,15,4,38
MYS,2020/7/29,1,7,4,1,13
MYS,2020/7/30,0,2,3,3,8
MYS,2020/7/31,0,7,4,1,12
MYS,2020/8/1,0,3,3,3,9
MYS,2020/8/2,5,5,4,0,14
MYS,2020/8/3,0,1,0,1,2
MYS,2020/8/4,0,1,0,0,1
MYS,2020/8/5,3,14,2,2,21
MYS,2020/8/6,2,8,4,1,15
MYS,2020/8/7,5,12,6,2,25
MYS,2020/8/8,0,3,4,0,7
MYS,2020/8/9,0,6,6,1,13
MYS,2020/8/10,1,8,2,0,11
MYS,2020/8/11,0,6,2,1,9
MYS,2020/8/12,0,6,3,2,11
MYS,2020/8/13,2,7,5,1,15
MYS,2020/8/14,1,13,5,1,20
MYS,2020/8/15,5,8,10,3,26
MYS,2020/8/16,4,14,6,0,24
MYS,2020/8/17,3,5,2,2,12
MYS,2020/8/18,4,2,0,1,7
MYS,2020/8/19,3,3,7,3,16
MYS,2020/8/20,0,3,2,0,5
MYS,2020/8/21,1,6,2,0,9
MYS,2020/8/22,1,4,3,0,8
MYS,2020/8/23,0,8,1,1,10
MYS,2020/8/24,0,5,2,0,7
MYS,2020/8/25,6,2,1,2,11
MYS,2020/8/26,3,0,2,1,6
MYS,2020/8/27,0,2,2,1,5
MYS,2020/8/28,1,6,2,1,10
MYS,2020/8/29,0,5,2,4,11
MYS,2020/8/30,4,10,3,0,17
MYS,2020/8/31,1,3,1,1,6
MYS,2020/9/1,2,8,3,1,14
MYS,2020/9/2,0,3,3,0,6
MYS,2020/9/3,4,6,2,2,14
MYS,2020/9/4,1,7,2,1,11
MYS,2020/9/5,0,2,3,1,6
MYS,2020/9/6,1,1,3,1,6
MYS,2020/9/7,4,39,17,2,62
MYS,2020/9/8,9,65,25,1,100
MYS,2020/9/9,7,9,4,4,24
MYS,2020/9/10,3,23,18,1,45
MYS,2020/9/11,3,123,53,3,182
MYS,2020/9/12,6,35,12,5,58
MYS,2020/9/13,0,30,12,5,47
MYS,2020/9/14,3,13,10,5,31
MYS,2020/9/15,6,12,5,0,23
MYS,2020/9/16,8,37,16,1,62
MYS,2020/9/17,1,11,4,5,21
MYS,2020/9/18,16,45,26,7,94
MYS,2020/9/19,8,5,5,2,20
MYS,2020/9/20,6,28,15,3,52
MYS,2020/9/21,18,24,11,3,56
MYS,2020/9/22,12,50,19,1,82
MYS,2020/9/23,10,87,44,6,147
MYS,2020/9/24,10,24,16,8,58
MYS,2020/9/25,24,34,41,11,110
MYS,2020/9/26,4,51,24,3,82
MYS,2020/9/27,47,52,28,6,133
MYS,2020/9/28,19,54,30,12,115
MYS,2020/9/29,11,55,20,7,93
MYS,2020/9/30,6,43,28,12,89
MYS,2020/10/1,60,87,49,16,212
MYS,2020/10/2,5,149,104,16,274
MYS,2020/10/3,30,172,86,15,303
MYS,2020/10/4,10,171,87,12,280
MYS,2020/10/5,27,235,131,18,411
MYS,2020/10/6,35,404,212,33,684
MYS,2020/10/7,35,255,145,49,484
MYS,2020/10/8,46,162,102,52,362
MYS,2020/10/9,38,164,113,38,353
MYS,2020/10/10,39,164,134,34,371
MYS,2020/10/11,84,249,153,63,549
MYS,2020/10/12,59,183,119,38,399
MYS,2020/10/13,76,305,185,90,656
MYS,2020/10/14,104,326,170,58,658
MYS,2020/10/15,84,240,118,84,526
MYS,2020/10/16,137,274,169,45,625
MYS,2020/10/17,148,415,244,52,859
MYS,2020/10/18,150,351,227,85,813
MYS,2020/10/19,148,396,221,57,822
MYS,2020/10/20,117,439,208,52,816
MYS,2020/10/21,163,339,175,52,729
MYS,2020/10/22,191,382,225,45,843
MYS,2020/10/23,102,387,176,42,707
MYS,2020/10/24,186,603,322,64,1175
MYS,2020/10/25,123,405,206,53,787
MYS,2020/10/26,140,695,332,67,1234
MYS,2020/10/27,122,327,154,50,653
MYS,2020/10/28,155,367,214,57,793
MYS,2020/10/29,105,344,156,31,636
MYS,2020/10/30,119,445,184,49,797
MYS,2020/10/31,136,342,131,44,653
MYS,2020/11/1,179,467,217,51,914
MYS,2020/11/2,159,410,203,50,822
MYS,2020/11/3,171,574,238,58,1041
MYS,2020/11/4,166,560,207,82,1015
MYS,2020/11/5,129,514,268,65,976
MYS,2020/11/6,261,959,412,76,1708
MYS,2020/11/7,204,654,228,57,1143
MYS,2020/11/8,159,471,170,42,842
MYS,2020/11/9,202,475,173,62,912
MYS,2020/11/10,128,494,172,41,835
MYS,2020/11/11,78,548,136,46,808
MYS,2020/11/12,137,542,155,37,871
MYS,2020/11/13,189,782,247,60,1278
MYS,2020/11/14,133,762,155,32,1082
MYS,2020/11/15,137,794,224,43,1198
MYS,2020/11/16,98,708,220,33,1059
MYS,2020/11/17,109,693,310,53,1165
MYS,2020/11/18,88,373,159,29,649
MYS,2020/11/19,142,830,241,54,1267
MYS,2020/11/20,141,475,170,55,841
MYS,2020/11/21,87,721,166,52,1026
MYS,2020/11/22,70,776,149,38,1033
MYS,2020/11/23,99,976,188,45,1308
MYS,2020/11/24,75,707,163,44,989
MYS,2020/11/25,105,555,217,59,936
MYS,2020/11/26,98,516,188,55,857
MYS,2020/11/27,127,685,226,59,1097
MYS,2020/11/28,146,892,230,45,1313
MYS,2020/11/29,92,843,288,55,1278
MYS,2020/11/30,101,802,248,60,1211
MYS,2020/12/1,82,965,134,39,1220
MYS,2020/12/2,122,473,190,59,844
MYS,2020/12/3,126,639,187,52,1004
MYS,2020/12/4,147,561,183,71,962
MYS,2020/12/5,147,683,218,71,1119
MYS,2020/12/6,110,864,224,64,1262
MYS,2020/12/7,124,916,390,88,1518
MYS,2020/12/8,110,643,196,55,1004
MYS,2020/12/9,99,506,168,61,834
MYS,2020/12/10,124,1725,286,62,2197
MYS,2020/12/11,159,1157,301,70,1687
MYS,2020/12/12,137,1405,266,66,1874
MYS,2020/12/13,138,775,228,58,1199
MYS,2020/12/14,121,938,237,55,1351
MYS,2020/12/15,150,1149,331,74,1704
MYS,2020/12/16,102,869,246,53,1270
MYS,2020/12/17,118,708,249,66,1141
MYS,2020/12/18,112,1078,299,62,1551
MYS,2020/12/19,109,718,256,61,1144
MYS,2020/12/20,133,824,295,63,1315
MYS,2020/12/21,102,1492,356,59,2009
MYS,2020/12/22,208,1432,344,58,2042
MYS,2020/12/23,99,793,288,56,1236
MYS,2020/12/24,125,940,346,90,1501
MYS,2020/12/25,146,699,262,67,1174
MYS,2020/12/26,159,1370,423,97,2049
MYS,2020/12/27,154,624,251,95,1124
MYS,2020/12/28,176,921,378,93,1568
MYS,2020/12/29,162,1115,432,83,1792
MYS,2020/12/30,195,918,388,121,1622
MYS,2020/12/31,195,1745,411,94,2445
MYS,2021/1/1,207,1350,365,115,2037
MYS,2021/1/2,182,1439,456,113,2190
MYS,2021/1/3,241,965,342,114,1662
MYS,2021/1/4,250,986,360,103,1699
MYS,2021/1/5,263,1164,446,125,1998
MYS,2021/1/6,205,1516,452,122,2295
MYS,2021/1/7,306,1196,398,189,2089
MYS,2021/1/8,259,1631,569,147,2606
MYS,2021/1/9,287,1466,536,153,2442
MYS,2021/1/10,308,1413,487,204,2412
MYS,2021/1/11,351,1167,490,180,2188
MYS,2021/1/12,360,1952,729,183,3224
MYS,2021/1/13,362,1717,637,214,2930
MYS,2021/1/14,388,1949,671,209,3217
MYS,2021/1/15,388,1815,656,196,3055
MYS,2021/1/16,511,2414,795,256,3976
MYS,2021/1/17,455,1743,656,213,3067
MYS,2021/1/18,400,1853,699,231,3183
MYS,2021/1/19,462,2019,821,271,3573
MYS,2021/1/20,470,2304,906,309,3989
MYS,2021/1/21,440,1695,670,312,3117
MYS,2021/1/22,541,1863,846,314,3564
MYS,2021/1/23,516,2348,989,313,4166
MYS,2021/1/24,462,1652,793,275,3182
MYS,2021/1/25,381,1589,720,292,2982
MYS,2021/1/26,449,1928,869,283,3529
MYS,2021/1/27,398,2049,798,259,3504
MYS,2021/1/28,529,2252,965,297,4043
MYS,2021/1/29,508,3001,1214,403,5126
MYS,2021/1/30,530,3295,1164,361,5350
MYS,2021/1/31,589,3146,1025,338,5098
MYS,2021/2/1,372,2366,824,272,3834
MYS,2021/2/2,329,1737,633,201,2900
MYS,2021/2/3,355,2736,878,189,4158
MYS,2021/2/4,436,2546,956,279,4217
MYS,2021/2/5,360,1812,767,236,3175
MYS,2021/2/6,368,2043,812,258,3481
MYS,2021/2/7,299,2094,722,196,3311
MYS,2021/2/8,254,2061,563,171,3049
MYS,2021/2/9,310,1582,587,168,2647
MYS,2021/2/10,307,1695,588,175,2765
MYS,2021/2/11,320,1946,722,187,3175
MYS,2021/2/12,229,2102,687,158,3176
MYS,2021/2/13,282,2037,594,127,3040
MYS,2021/2/14,263,1358,562,183,2366
MYS,2021/2/15,273,1146,537,169,2125
MYS,2021/2/16,260,1507,505,157,2429
MYS,2021/2/17,226,1831,544,158,2759
MYS,2021/2/18,210,1586,536,189,2521
MYS,2021/2/19,283,1886,529,130,2828
MYS,2021/2/20,262,1354,503,113,2232
MYS,2021/2/21,239,2400,465,127,3231
MYS,2021/2/22,241,1335,466,102,2144
MYS,2021/2/23,219,1456,476,123,2274
MYS,2021/2/24,221,2387,545,168,3321
MYS,2021/2/25,229,1029,440,160,1858
MYS,2021/2/26,198,1388,424,184,2194
MYS,2021/2/27,242,1364,498,163,2267
MYS,2021/2/28,214,1600,439,119,2372
MYS,2021/3/1,187,1072,371,99,1729
MYS,2021/3/2,171,851,351,129,1502
MYS,2021/3/3,171,1115,328,72,1686
MYS,2021/3/4,247,1123,447,130,1947
MYS,2021/3/5,367,849,365,117,1698
MYS,2021/3/6,268,796,347,129,1540
MYS,2021/3/7,218,886,349,110,1563
MYS,2021/3/8,235,798,354,110,1497
MYS,2021/3/9,159,693,335,77,1264
MYS,2021/3/10,187,832,329,85,1433
MYS,2021/3/11,162,890,401,121,1574
MYS,2021/3/12,231,750,373,132,1486
MYS,2021/3/13,192,736,314,128,1370
MYS,2021/3/14,203,696,308,105,1312
MYS,2021/3/15,201,622,268,79,1170
MYS,2021/3/16,193,539,228,92,1052
MYS,2021/3/17,155,542,248,77,1022
MYS,2021/3/18,202,612,248,90,1152
MYS,2021/3/19,204,933,300,101,1538
MYS,2021/3/20,208,948,385,112,1653
MYS,2021/3/21,173,752,296,82,1303
MYS,2021/3/22,141,699,204,59,1103
MYS,2021/3/23,173,817,279,96,1365
MYS,2021/3/24,192,720,268,72,1252
MYS,2021/3/25,229,691,301,121,1342
MYS,2021/3/26,224,614,304,98,1240
MYS,2021/3/27,287,541,258,77,1163
MYS,2021/3/28,206,689,294,102,1291
MYS,2021/3/29,148,514,194,74,930
MYS,2021/3/30,189,640,219,74,1122
MYS,2021/3/31,226,861,305,82,1474
KOR,2020/2/1,0,0,1,0,1
KOR,2020/2/2,0,1,2,0,3
KOR,2020/2/3,0,0,0,0,0
KOR,2020/2/4,0,0,1,0,1
KOR,2020/2/5,0,3,2,0,5
KOR,2020/2/6,0,1,2,0,3
KOR,2020/2/7,0,0,0,0,0
KOR,2020/2/8,0,0,0,0,0
KOR,2020/2/9,0,1,1,1,3
KOR,2020/2/10,0,1,0,0,1
KOR,2020/2/11,0,0,0,0,0
KOR,2020/2/12,0,0,0,0,0
KOR,2020/2/13,0,0,0,0,0
KOR,2020/2/14,0,0,0,0,0
KOR,2020/2/15,0,0,0,0,0
KOR,2020/2/16,0,0,0,2,2
KOR,2020/2/17,0,0,0,0,0
KOR,2020/2/18,1,0,0,1,2
KOR,2020/2/19,0,11,15,8,34
KOR,2020/2/20,1,7,6,2,16
KOR,2020/2/21,1,23,33,17,74
KOR,2020/2/22,5,43,87,55,190
KOR,2020/2/23,5,74,88,43,210
KOR,2020/2/24,7,80,81,39,207
KOR,2020/2/25,6,57,46,21,130
KOR,2020/2/26,8,110,75,60,253
KOR,2020/2/27,26,216,139,68,449
KOR,2020/2/28,28,173,153,73,427
KOR,2020/2/29,30,410,283,186,909
KOR,2020/3/1,49,266,184,96,595
KOR,2020/3/2,34,263,259,130,686
KOR,2020/3/3,40,252,199,109,600
KOR,2020/3/4,29,211,179,97,516
KOR,2020/3/5,29,181,128,100,438
KOR,2020/3/6,42,181,132,163,518
KOR,2020/3/7,41,187,124,131,483
KOR,2020/3/8,39,135,98,95,367
KOR,2020/3/9,26,78,72,72,248
KOR,2020/3/10,13,32,51,35,131
KOR,2020/3/11,20,40,108,74,242
KOR,2020/3/12,8,29,43,34,114
KOR,2020/3/13,10,25,44,31,110
KOR,2020/3/14,7,25,43,32,107
KOR,2020/3/15,5,21,26,24,76
KOR,2020/3/16,7,20,23,24,74
KOR,2020/3/17,5,24,33,22,84
KOR,2020/3/18,3,29,21,40,93
KOR,2020/3/19,10,29,37,76,152
KOR,2020/3/20,14,14,26,33,87
KOR,2020/3/21,7,22,26,92,147
KOR,2020/3/22,5,25,38,30,98
KOR,2020/3/23,2,29,18,15,64
KOR,2020/3/24,10,25,20,21,76
KOR,2020/3/25,7,57,19,17,100
KOR,2020/3/26,14,47,20,23,104
KOR,2020/3/27,10,29,18,34,91
KOR,2020/3/28,6,53,50,37,146
KOR,2020/3/29,9,50,33,13,105
KOR,2020/3/30,6,37,19,16,78
KOR,2020/3/31,3,35,53,34,125
KOR,2020/4/1,7,42,25,27,101
KOR,2020/4/2,6,38,26,19,89
KOR,2020/4/3,8,39,22,17,86
KOR,2020/4/4,3,41,18,32,94
KOR,2020/4/5,7,45,18,11,81
KOR,2020/4/6,9,18,7,13,47
KOR,2020/4/7,2,21,10,14,47
KOR,2020/4/8,4,22,12,15,53
KOR,2020/4/9,6,19,8,6,39
KOR,2020/4/10,2,12,6,7,27
KOR,2020/4/11,6,8,8,8,30
KOR,2020/4/12,3,17,6,6,32
KOR,2020/4/13,3,12,3,7,25
KOR,2020/4/14,3,11,7,6,27
KOR,2020/4/15,4,14,5,4,27
KOR,2020/4/16,6,6,5,5,22
KOR,2020/4/17,5,12,3,2,22
KOR,2020/4/18,2,10,3,3,18
KOR,2020/4/19,2,4,1,1,8
KOR,2020/4/20,3,7,3,0,13
KOR,2020/4/21,2,1,4,2,9
KOR,2020/4/22,1,4,4,2,11
KOR,2020/4/23,1,3,2,2,8
KOR,2020/4/24,1,2,1,2,6
KOR,2020/4/25,2,4,2,2,10
KOR,2020/4/26,1,8,1,0,10
KOR,2020/4/27,2,7,1,0,10
KOR,2020/4/28,2,7,3,2,14
KOR,2020/4/29,0,5,4,0,9
KOR,2020/4/30,0,3,1,0,4
KOR,2020/5/1,0,6,2,1,9
KOR,2020/5/2,0,4,1,1,6
KOR,2020/5/3,1,5,2,5,13
KOR,2020/5/4,0,3,3,2,8
KOR,2020/5/5,0,1,2,0,3
KOR,2020/5/6,0,1,0,1,2
KOR,2020/5/7,1,3,0,0,4
KOR,2020/5/8,1,8,2,1,12
KOR,2020/5/9,2,15,1,0,18
KOR,2020/5/10,3,22,6,3,34
KOR,2020/5/11,1,29,4,1,35
KOR,2020/5/12,5,16,5,1,27
KOR,2020/5/13,2,18,3,3,26
KOR,2020/5/14,11,17,1,0,29
KOR,2020/5/15,5,15,3,4,27
KOR,2020/5/16,4,10,2,3,19
KOR,2020/5/17,1,7,4,1,13
KOR,2020/5/18,1,7,6,1,15
KOR,2020/5/19,1,5,3,4,13
KOR,2020/5/20,7,16,7,2,32
KOR,2020/5/21,4,5,3,0,12
KOR,2020/5/22,3,12,4,1,20
KOR,2020/5/23,1,8,10,4,23
KOR,2020/5/24,2,8,11,4,25
KOR,2020/5/25,1,6,7,2,16
KOR,2020/5/26,2,7,7,3,19
KOR,2020/5/27,5,14,9,12,40
KOR,2020/5/28,6,41,26,6,79
KOR,2020/5/29,7,21,19,11,58
KOR,2020/5/30,6,11,14,8,39
KOR,2020/5/31,0,16,10,1,27
KOR,2020/6/1,3,6,19,7,35
KOR,2020/6/2,2,8,11,17,38
KOR,2020/6/3,3,11,14,21,49
KOR,2020/6/4,2,8,12,17,39
KOR,2020/6/5,2,7,10,20,39
KOR,2020/6/6,4,8,19,20,51
KOR,2020/6/7,7,9,19,22,57
KOR,2020/6/8,2,7,11,17,37
KOR,2020/6/9,0,5,14,19,38
KOR,2020/6/10,3,15,8,24,50
KOR,2020/6/11,4,16,14,11,45
KOR,2020/6/12,3,19,18,16,56
KOR,2020/6/13,2,10,12,24,48
KOR,2020/6/14,0,11,13,10,34
KOR,2020/6/15,2,10,17,8,37
KOR,2020/6/16,3,7,10,14,34
KOR,2020/6/17,3,22,9,9,43
KOR,2020/6/18,2,14,15,28,59
KOR,2020/6/19,2,17,15,15,49
KOR,2020/6/20,6,22,20,19,67
KOR,2020/6/21,1,15,13,19,48
KOR,2020/6/22,1,7,6,3,17
KOR,2020/6/23,3,14,17,12,46
KOR,2020/6/24,3,17,22,9,51
KOR,2020/6/25,3,10,8,7,28
KOR,2020/6/26,2,18,10,9,39
KOR,2020/6/27,3,24,11,13,51
KOR,2020/6/28,5,25,15,17,62
KOR,2020/6/29,4,14,11,13,42
KOR,2020/6/30,6,16,14,6,42
KOR,2020/7/1,2,16,19,14,51
KOR,2020/7/2,4,14,16,20,54
KOR,2020/7/3,11,20,13,17,61
KOR,2020/7/4,5,28,16,14,63
KOR,2020/7/5,6,17,18,20,61
KOR,2020/7/6,6,17,15,10,48
KOR,2020/7/7,3,18,14,9,44
KOR,2020/7/8,4,22,24,12,62
KOR,2020/7/9,6,18,21,5,50
KOR,2020/7/10,6,19,13,7,45
KOR,2020/7/11,1,14,10,10,35
KOR,2020/7/12,8,17,8,11,44
KOR,2020/7/13,7,33,13,9,62
KOR,2020/7/14,4,11,9,9,33
KOR,2020/7/15,2,12,18,7,39
KOR,2020/7/16,8,28,15,10,61
KOR,2020/7/17,4,23,22,11,60
KOR,2020/7/18,7,15,16,1,39
KOR,2020/7/19,5,13,7,9,34
KOR,2020/7/20,4,14,6,2,26
KOR,2020/7/21,2,20,8,15,45
KOR,2020/7/22,7,16,19,21,63
KOR,2020/7/23,4,22,20,13,59
KOR,2020/7/24,2,8,14,17,41
KOR,2020/7/25,2,51,48,12,113
KOR,2020/7/26,0,17,33,8,58
KOR,2020/7/27,2,13,3,7,25
KOR,2020/7/28,4,8,12,4,28
KOR,2020/7/29,1,22,16,9,48
KOR,2020/7/30,0,8,4,6,18
KOR,2020/7/31,1,18,12,5,36
KOR,2020/8/1,1,10,14,6,31
KOR,2020/8/2,2,12,12,4,30
KOR,2020/8/3,5,6,7,5,23
KOR,2020/8/4,9,11,10,4,34
KOR,2020/8/5,4,13,10,6,33
KOR,2020/8/6,4,16,11,12,43
KOR,2020/8/7,4,4,7,5,20
KOR,2020/8/8,2,11,14,16,43
KOR,2020/8/9,5,12,10,9,36
KOR,2020/8/10,0,7,7,14,28
KOR,2020/8/11,0,11,13,10,34
KOR,2020/8/12,8,15,24,7,54
KOR,2020/8/13,8,23,15,10,56
KOR,2020/8/14,14,31,35,23,103
KOR,2020/8/15,14,52,57,43,166
KOR,2020/8/16,26,67,93,93,279
KOR,2020/8/17,18,49,60,70,197
KOR,2020/8/18,23,44,89,90,246
KOR,2020/8/19,31,60,97,109,297
KOR,2020/8/20,47,66,87,88,288
KOR,2020/8/21,25,82,103,114,324
KOR,2020/8/22,30,95,114,93,332
KOR,2020/8/23,51,74,144,127,396
KOR,2020/8/24,22,65,87,92,266
KOR,2020/8/25,33,72,86,89,280
KOR,2020/8/26,26,84,102,108,320
KOR,2020/8/27,36,100,180,125,441
KOR,2020/8/28,34,81,123,133,371
KOR,2020/8/29,34,67,101,121,323
KOR,2020/8/30,22,83,93,101,299
KOR,2020/8/31,21,58,77,92,248
KOR,2020/9/1,31,49,70,85,235
KOR,2020/9/2,22,68,72,105,267
KOR,2020/9/3,14,43,65,73,195
KOR,2020/9/4,16,41,66,75,198
KOR,2020/9/5,9,33,57,69,168
KOR,2020/9/6,11,34,60,62,167
KOR,2020/9/7,8,30,38,43,119
KOR,2020/9/8,13,29,50,44,136
KOR,2020/9/9,14,24,44,74,156
KOR,2020/9/10,16,25,46,68,155
KOR,2020/9/11,6,41,56,73,176
KOR,2020/9/12,9,28,52,47,136
KOR,2020/9/13,7,38,30,46,121
KOR,2020/9/14,5,28,35,41,109
KOR,2020/9/15,14,18,36,38,106
KOR,2020/9/16,4,23,39,47,113
KOR,2020/9/17,13,36,56,48,153
KOR,2020/9/18,7,33,45,41,126
KOR,2020/9/19,6,13,44,47,110
KOR,2020/9/20,5,17,26,34,82
KOR,2020/9/21,5,28,19,18,70
KOR,2020/9/22,3,16,26,16,61
KOR,2020/9/23,8,19,37,46,110
KOR,2020/9/24,10,24,46,45,125
KOR,2020/9/25,8,26,34,46,114
KOR,2020/9/26,7,14,15,25,61
KOR,2020/9/27,4,30,31,30,95
KOR,2020/9/28,8,8,15,19,50
KOR,2020/9/29,4,15,12,7,38
KOR,2020/9/30,10,28,46,29,113
KOR,2020/10/1,10,16,27,24,77
KOR,2020/10/2,9,16,17,21,63
KOR,2020/10/3,2,19,22,32,75
KOR,2020/10/4,4,13,21,26,64
KOR,2020/10/5,3,26,20,24,73
KOR,2020/10/6,13,34,13,15,75
KOR,2020/10/7,3,21,38,52,114
KOR,2020/10/8,11,13,21,24,69
KOR,2020/10/9,12,15,11,16,54
KOR,2020/10/10,4,18,17,33,72
KOR,2020/10/11,4,25,14,15,58
KOR,2020/10/12,10,38,28,22,98
KOR,2020/10/13,12,33,27,19,91
KOR,2020/10/14,11,41,20,12,84
KOR,2020/10/15,8,27,19,56,110
KOR,2020/10/16,2,16,18,11,47
KOR,2020/10/17,4,21,25,23,73
KOR,2020/10/18,6,26,35,24,91
KOR,2020/10/19,5,20,28,23,76
KOR,2020/10/20,6,18,21,13,58
KOR,2020/10/21,5,22,33,29,89
KOR,2020/10/22,4,30,42,45,121
KOR,2020/10/23,13,28,47,67,155
KOR,2020/10/24,14,16,23,24,77
KOR,2020/10/25,12,18,20,11,61
KOR,2020/10/26,11,46,44,18,119
KOR,2020/10/27,9,21,37,21,88
KOR,2020/10/28,10,35,37,21,103
KOR,2020/10/29,19,36,32,38,125
KOR,2020/10/30,17,32,35,29,113
KOR,2020/10/31,12,43,44,28,127
KOR,2020/11/1,19,43,38,24,124
KOR,2020/11/2,16,22,29,30,97
KOR,2020/11/3,8,30,20,17,75
KOR,2020/11/4,5,43,31,38,117
KOR,2020/11/5,9,41,52,23,125
KOR,2020/11/6,16,48,54,27,145
KOR,2020/11/7,6,25,30,28,89
KOR,2020/11/8,7,35,44,57,143
KOR,2020/11/9,9,40,38,39,126
KOR,2020/11/10,12,34,25,29,100
KOR,2020/11/11,11,38,32,64,145
KOR,2020/11/12,19,49,47,28,143
KOR,2020/11/13,16,47,65,63,191
KOR,2020/11/14,26,68,65,46,205
KOR,2020/11/15,21,53,76,58,208
KOR,2020/11/16,17,64,69,72,222
KOR,2020/11/17,23,63,80,64,230
KOR,2020/11/18,20,82,102,81,285
KOR,2020/11/19,66,82,105,72,325
KOR,2020/11/20,46,111,108,83,348
KOR,2020/11/21,51,157,112,66,386
KOR,2020/11/22,37,112,120,61,330
KOR,2020/11/23,44,82,99,46,271
KOR,2020/11/24,33,119,122,75,349
KOR,2020/11/25,42,113,147,80,382
KOR,2020/11/26,78,206,188,109,581
KOR,2020/11/27,61,161,212,121,555
KOR,2020/11/28,51,151,173,128,503
KOR,2020/11/29,54,159,152,85,450
KOR,2020/11/30,70,114,145,109,438
KOR,2020/12/1,62,148,157,84,451
KOR,2020/12/2,62,174,177,98,511
KOR,2020/12/3,72,172,188,108,540
KOR,2020/12/4,71,181,208,168,628
KOR,2020/12/5,75,163,169,170,577
KOR,2020/12/6,52,162,196,221,631
KOR,2020/12/7,45,159,212,199,615
KOR,2020/12/8,55,143,192,197,587
KOR,2020/12/9,63,162,217,228,670
KOR,2020/12/10,90,191,202,196,679
KOR,2020/12/11,79,165,225,220,689
KOR,2020/12/12,138,210,317,285,950
KOR,2020/12/13,110,219,342,359,1030
KOR,2020/12/14,85,174,257,202,718
KOR,2020/12/15,94,212,276,297,879
KOR,2020/12/16,114,257,357,350,1078
KOR,2020/12/17,111,231,355,316,1013
KOR,2020/12/18,106,254,361,343,1064
KOR,2020/12/19,98,243,370,334,1045
KOR,2020/12/20,118,279,386,313,1096
KOR,2020/12/21,91,213,319,301,924
KOR,2020/12/22,87,208,303,268,866
KOR,2020/12/23,108,226,389,367,1090
KOR,2020/12/24,105,264,316,300,985
KOR,2020/12/25,113,327,436,364,1240
KOR,2020/12/26,127,276,387,341,1131
KOR,2020/12/27,97,242,350,281,970
KOR,2020/12/28,85,189,292,240,806
KOR,2020/12/29,93,292,362,296,1043
KOR,2020/12/30,96,228,361,365,1050
KOR,2020/12/31,116,225,320,306,967
KOR,2021/1/1,115,274,358,280,1027
KOR,2021/1/2,105,218,265,232,820
KOR,2021/1/3,78,158,214,207,657
KOR,2021/1/4,111,247,359,303,1020
KOR,2021/1/5,87,204,242,181,714
KOR,2021/1/6,105,213,249,271,838
KOR,2021/1/7,96,242,331,200,869
KOR,2021/1/8,77,178,209,210,674
KOR,2021/1/9,82,191,213,155,641
KOR,2021/1/10,92,164,234,167,657
KOR,2021/1/11,55,101,140,155,451
KOR,2021/1/12,66,130,193,148,537
KOR,2021/1/13,52,147,211,151,561
KOR,2021/1/14,70,129,184,141,524
KOR,2021/1/15,79,132,177,124,512
KOR,2021/1/16,91,128,185,176,580
KOR,2021/1/17,57,147,169,147,520
KOR,2021/1/18,48,101,141,99,389
KOR,2021/1/19,49,110,145,82,386
KOR,2021/1/20,54,103,134,113,404
KOR,2021/1/21,42,95,138,125,400
KOR,2021/1/22,39,97,117,93,346
KOR,2021/1/23,51,108,144,128,431
KOR,2021/1/24,36,118,139,99,392
KOR,2021/1/25,152,86,118,81,437
KOR,2021/1/26,45,107,109,88,349
KOR,2021/1/27,139,139,164,117,559
KOR,2021/1/28,80,122,168,127,497
KOR,2021/1/29,61,100,162,146,469
KOR,2021/1/30,75,97,143,141,456
KOR,2021/1/31,37,95,118,103,353
KOR,2021/2/1,50,80,93,82,305
KOR,2021/2/2,39,87,122,88,336
KOR,2021/2/3,63,139,162,103,467
KOR,2021/2/4,54,114,151,132,451
KOR,2021/2/5,58,90,108,114,370
KOR,2021/2/6,56,91,137,106,390
KOR,2021/2/7,47,98,123,103,371
KOR,2021/2/8,28,65,105,90,288
KOR,2021/2/9,41,74,111,77,303
KOR,2021/2/10,75,121,154,94,444
KOR,2021/2/11,55,132,162,155,504
KOR,2021/2/12,50,108,123,122,403
KOR,2021/2/13,45,104,103,110,362
KOR,2021/2/14,41,90,92,103,326
KOR,2021/2/15,48,91,100,104,343
KOR,2021/2/16,56,141,151,109,457
KOR,2021/2/17,70,216,188,147,621
KOR,2021/2/18,67,209,202,143,621
KOR,2021/2/19,73,175,172,141,561
KOR,2021/2/20,62,133,138,114,447
KOR,2021/2/21,54,129,109,124,416
KOR,2021/2/22,52,105,82,93,332
KOR,2021/2/23,42,115,110,89,356
KOR,2021/2/24,51,141,135,113,440
KOR,2021/2/25,54,130,135,76,395
KOR,2021/2/26,40,121,130,96,387
KOR,2021/2/27,53,139,133,90,415
KOR,2021/2/28,42,91,133,89,355
KOR,2021/3/1,61,101,110,83,355
KOR,2021/3/2,59,108,108,69,344
KOR,2021/3/3,89,126,145,84,444
KOR,2021/3/4,56,145,146,77,424
KOR,2021/3/5,37,120,148,93,398
KOR,2021/3/6,49,149,130,90,418
KOR,2021/3/7,49,142,119,106,416
KOR,2021/3/8,52,108,115,71,346
KOR,2021/3/9,51,123,156,116,446
KOR,2021/3/10,65,152,138,115,470
KOR,2021/3/11,71,131,141,122,465
KOR,2021/3/12,70,144,141,133,488
KOR,2021/3/13,46,122,180,142,490
KOR,2021/3/14,41,155,156,107,459
KOR,2021/3/15,43,122,134,80,379
KOR,2021/3/16,41,94,138,90,363
KOR,2021/3/17,48,139,174,108,469
KOR,2021/3/18,47,143,160,95,445
KOR,2021/3/19,56,120,163,124,463
KOR,2021/3/20,46,149,150,102,447
KOR,2021/3/21,43,140,143,130,456
KOR,2021/3/22,44,140,143,88,415
KOR,2021/3/23,50,96,102,98,346
KOR,2021/3/24,64,145,128,91,428
KOR,2021/3/25,53,143,155,79,430
KOR,2021/3/26,77,147,161,104,489
KOR,2021/3/27,76,137,164,128,505
KOR,2021/3/28,67,143,129,142,481
KOR,2021/3/29,45,97,148,92,382
KOR,2021/3/30,59,131,162,95,447
KOR,2021/3/31,72,141,182,111,506
TWN,2020/2/1,0,1,1,0,2
TWN,2020/2/2,0,0,0,0,0
TWN,2020/2/3,0,0,2,0,2
TWN,2020/2/4,0,0,1,0,1
TWN,2020/2/5,0,0,0,1,1
TWN,2020/2/6,0,0,0,2,2
TWN,2020/2/7,0,0,0,0,0
TWN,2020/2/8,0,1,0,0,1
TWN,2020/2/9,0,0,0,0,0
TWN,2020/2/10,0,0,0,0,0
TWN,2020/2/11,0,0,0,0,0
TWN,2020/2/12,0,0,0,0,0
TWN,2020/2/13,0,0,0,0,0
TWN,2020/2/14,0,0,0,0,0
TWN,2020/2/15,0,0,1,0,1
TWN,2020/2/16,0,0,0,0,0
TWN,2020/2/17,0,0,0,0,0
TWN,2020/2/18,0,1,1,0,2
TWN,2020/2/19,0,0,3,0,3
TWN,2020/2/20,0,0,0,1,1
TWN,2020/2/21,0,0,0,0,0
TWN,2020/2/22,0,0,0,0,0
TWN,2020/2/23,1,0,1,0,2
TWN,2020/2/24,0,1,0,0,1
TWN,2020/2/25,0,2,1,0,3
TWN,2020/2/26,0,0,0,1,1
TWN,2020/2/27,0,0,1,0,1
TWN,2020/2/28,0,0,1,0,1
TWN,2020/2/29,0,1,0,0,1
TWN,2020/3/1,0,2,0,0,2
TWN,2020/3/2,0,2,0,0,2
TWN,2020/3/3,0,1,1,0,2
TWN,2020/3/4,0,0,0,0,0
TWN,2020/3/5,0,1,0,0,1
TWN,2020/3/6,0,8,0,0,8
TWN,2020/3/7,3,4,0,1,8
TWN,2020/3/8,0,8,2,0,10
TWN,2020/3/9,0,3,0,0,3
TWN,2020/3/10,1,7,0,1,9
TWN,2020/3/11,0,7,1,0,8
TWN,2020/3/12,2,14,1,1,18
TWN,2020/3/13,0,7,7,3,17
TWN,2020/3/14,0,15,13,1,29
TWN,2020/3/15,1,9,1,4,15
TWN,2020/3/16,0,25,4,2,31
TWN,2020/3/17,2,13,4,1,20
TWN,2020/3/18,3,15,4,3,25
TWN,2020/3/19,1,14,3,0,18
TWN,2020/3/20,3,14,4,6,27
TWN,2020/3/21,2,3,2,5,12
TWN,2020/3/22,2,6,5,2,15
TWN,2020/3/23,2,14,9,1,26
TWN,2020/3/24,0,4,1,2,7
TWN,2020/3/25,2,9,2,3,16
TWN,2020/3/26,2,4,1,2,9
TWN,2020/3/27,0,6,1,0,7
TWN,2020/3/28,0,5,0,1,6
TWN,2020/3/29,0,1,0,1,2
TWN,2020/3/30,0,5,3,0,8
TWN,2020/3/31,0,0,0,3,3
TWN,2020/4/1,0,3,0,1,4
TWN,2020/4/2,0,3,1,3,7
TWN,2020/4/3,0,2,1,1,4
TWN,2020/4/4,0,7,1,0,8
TWN,2020/4/5,0,2,0,0,2
TWN,2020/4/6,0,3,0,1,4
TWN,2020/4/7,0,0,0,0,0
TWN,2020/4/8,0,0,0,0,0
TWN,2020/4/9,0,1,0,2,3
TWN,2020/4/10,0,1,0,0,1
TWN,2020/4/11,0,0,0,3,3
TWN,2020/4/12,0,1,0,0,1
TWN,2020/4/13,0,3,0,0,3
TWN,2020/4/14,0,7,0,0,7
TWN,2020/4/15,0,3,0,0,3
TWN,2020/4/16,0,0,0,0,0
TWN,2020/4/17,0,1,0,0,1
TWN,2020/4/18,0,8,3,0,11
TWN,2020/4/19,0,3,0,0,3
TWN,2020/4/20,0,0,0,0,0
TWN,2020/4/21,0,1,0,0,1
TWN,2020/4/22,0,1,0,0,1
TWN,2020/4/23,0,0,0,0,0
TWN,2020/4/24,0,0,0,0,0
TWN,2020/4/25,0,0,0,0,0
TWN,2020/4/26,0,1,1,0,2
TWN,2020/4/27,0,1,0,0,1
TWN,2020/4/28,0,0,0,0,0
TWN,2020/4/29,0,0,0,0,0
TWN,2020/4/30,0,1,0,0,1
TWN,2020/5/1,0,0,0,0,0
TWN,2020/5/2,0,0,0,0,0
TWN,2020/5/3,0,4,0,0,4
TWN,2020/5/4,0,1,0,0,1
TWN,2020/5/5,0,0,0,0,0
TWN,2020/5/6,0,0,0,0,0
TWN,2020/5/7,0,0,0,0,0
TWN,2020/5/8,0,0,0,0,0
TWN,2020/5/9,0,0,0,0,0
TWN,2020/5/10,0,0,0,0,0
TWN,2020/5/11,0,0,0,0,0
TWN,2020/5/12,0,0,0,0,0
TWN,2020/5/13,0,0,0,0,0
TWN,2020/5/14,0,0,0,0,0
TWN,2020/5/15,0,1,0,0,1
TWN,2020/5/16,0,0,0,0,0
TWN,2020/5/17,0,0,0,0,0
TWN,2020/5/18,0,0,1,0,1
TWN,2020/5/19,0,0,0,0,0
TWN,2020/5/20,0,0,0,0,0
TWN,2020/5/21,0,0,0,0,0
TWN,2020/5/22,0,0,0,0,0
TWN,2020/5/23,0,0,1,0,1
TWN,2020/5/24,0,0,0,0,0
TWN,2020/5/25,0,0,1,0,1
TWN,2020/5/26,0,0,0,0,0
TWN,2020/5/27,0,0,0,0,0
TWN,2020/5/28,0,0,0,0,0
TWN,2020/5/29,0,0,0,0,0
TWN,2020/5/30,0,0,0,0,0
TWN,2020/5/31,0,0,0,0,0
TWN,2020/6/1,0,0,0,1,1
TWN,2020/6/2,0,0,0,0,0
TWN,2020/6/3,0,0,0,0,0
TWN,2020/6/4,0,0,0,0,0
TWN,2020/6/5,0,0,0,0,0
TWN,2020/6/6,0,0,0,0,0
TWN,2020/6/7,0,0,0,0,0
TWN,2020/6/8,0,0,0,0,0
TWN,2020/6/9,0,0,0,0,0
TWN,2020/6/10,0,0,0,0,0
TWN,2020/6/11,0,0,0,0,0
TWN,2020/6/12,0,0,0,0,0
TWN,2020/6/13,0,0,0,0,0
TWN,2020/6/14,0,0,0,0,0
TWN,2020/6/15,0,0,0,0,0
TWN,2020/6/16,0,0,0,1,1
TWN,2020/6/17,0,0,1,0,1
TWN,2020/6/18,0,0,0,0,0
TWN,2020/6/19,0,2,0,0,2
TWN,2020/6/20,0,0,0,0,0
TWN,2020/6/21,0,0,0,0,0
TWN,2020/6/22,0,0,0,0,0
TWN,2020/6/23,0,0,0,0,0
TWN,2020/6/24,0,0,0,0,0
TWN,2020/6/25,0,0,0,0,0
TWN,2020/6/26,0,0,0,0,0
TWN,2020/6/27,0,0,1,0,1
TWN,2020/6/28,0,0,0,0,0
TWN,2020/6/29,0,0,0,0,0
TWN,2020/6/30,0,0,0,0,0
TWN,2020/7/1,0,0,0,0,0
TWN,2020/7/2,0,0,1,0,1
TWN,2020/7/3,0,0,0,0,0
TWN,2020/7/4,0,0,0,0,0
TWN,2020/7/5,0,0,0,0,0
TWN,2020/7/6,0,0,0,0,0
TWN,2020/7/7,0,1,0,0,1
TWN,2020/7/8,0,0,0,0,0
TWN,2020/7/9,0,0,0,0,0
TWN,2020/7/10,0,0,0,1,1
TWN,2020/7/11,0,0,1,0,1
TWN,2020/7/12,0,0,0,1,1
TWN,2020/7/13,0,1,1,0,2
TWN,2020/7/14,0,2,0,1,3
TWN,2020/7/15,0,2,1,0,3
TWN,2020/7/16,0,1,0,0,1
TWN,2020/7/17,0,0,0,0,0
TWN,2020/7/18,0,1,0,0,1
TWN,2020/7/19,0,1,0,0,1
TWN,2020/7/20,0,0,0,0,0
TWN,2020/7/21,0,1,1,0,2
TWN,2020/7/22,0,0,1,0,1
TWN,2020/7/23,0,0,0,3,3
TWN,2020/7/24,0,0,0,1,1
TWN,2020/7/25,0,0,0,0,0
TWN,2020/7/26,0,0,1,1,2
TWN,2020/7/27,0,0,1,0,1
TWN,2020/7/28,0,0,0,1,1
TWN,2020/7/29,0,4,0,0,4
TWN,2020/7/30,0,1,1,0,2
TWN,2020/7/31,0,0,0,0,0
TWN,2020/8/1,0,1,0,0,1
TWN,2020/8/2,0,0,0,0,0
TWN,2020/8/3,0,0,0,4,4
TWN,2020/8/4,0,0,0,0,0
TWN,2020/8/5,0,0,0,0,0
TWN,2020/8/6,0,1,0,0,1
TWN,2020/8/7,0,0,0,0,0
TWN,2020/8/8,0,0,2,0,2
TWN,2020/8/9,0,0,0,0,0
TWN,2020/8/10,0,1,0,0,1
TWN,2020/8/11,0,0,0,0,0
TWN,2020/8/12,0,0,0,0,0
TWN,2020/8/13,0,0,0,0,0
TWN,2020/8/14,0,0,0,1,1
TWN,2020/8/15,1,1,0,0,2
TWN,2020/8/16,0,0,0,0,0
TWN,2020/8/17,0,0,0,0,0
TWN,2020/8/18,0,0,0,0,0
TWN,2020/8/19,0,0,0,0,0
TWN,2020/8/20,0,0,1,0,1
TWN,2020/8/21,0,0,0,0,0
TWN,2020/8/22,0,0,0,0,0
TWN,2020/8/23,0,0,0,0,0
TWN,2020/8/24,0,0,0,0,0
TWN,2020/8/25,0,0,1,0,1
TWN,2020/8/26,0,1,0,0,1
TWN,2020/8/27,0,0,0,0,0
TWN,2020/8/28,0,1,1,0,2
TWN,2020/8/29,0,0,0,0,0
TWN,2020/8/30,0,1,0,0,1
TWN,2020/8/31,0,0,1,0,1
TWN,2020/9/1,0,0,1,0,1
TWN,2020/9/2,0,0,0,0,0
TWN,2020/9/3,0,1,0,0,1
TWN,2020/9/4,0,0,0,0,0
TWN,2020/9/5,0,1,0,0,1
TWN,2020/9/6,0,1,0,0,1
TWN,2020/9/7,0,0,0,1,1
TWN,2020/9/8,0,0,0,0,0
TWN,2020/9/9,0,0,0,0,0
TWN,2020/9/10,0,4,0,0,4
TWN,2020/9/11,0,0,0,0,0
TWN,2020/9/12,0,0,0,0,0
TWN,2020/9/13,0,0,0,0,0
TWN,2020/9/14,0,0,0,0,0
TWN,2020/9/15,0,0,2,0,2
TWN,2020/9/16,0,1,0,0,1
TWN,2020/9/17,0,3,0,0,3
TWN,2020/9/18,0,2,0,0,2
TWN,2020/9/19,0,0,1,0,1
TWN,2020/9/20,0,1,0,0,1
TWN,2020/9/21,0,1,0,0,1
TWN,2020/9/22,0,0,0,0,0
TWN,2020/9/23,0,0,1,0,1
TWN,2020/9/24,0,0,0,0,0
TWN,2020/9/25,0,0,0,0,0
TWN,2020/9/26,0,1,0,0,1
TWN,2020/9/27,0,1,0,0,1
TWN,2020/9/28,0,0,1,0,1
TWN,2020/9/29,0,0,1,0,1
TWN,2020/9/30,0,0,0,0,0
TWN,2020/10/1,0,0,0,0,0
TWN,2020/10/2,0,0,0,0,0
TWN,2020/10/3,0,1,0,0,1
TWN,2020/10/4,0,1,0,0,1
TWN,2020/10/5,0,2,2,0,4
TWN,2020/10/6,0,0,0,0,0
TWN,2020/10/7,1,3,0,0,4
TWN,2020/10/8,1,1,0,0,2
TWN,2020/10/9,0,2,0,0,2
TWN,2020/10/10,0,3,0,0,3
TWN,2020/10/11,0,0,0,0,0
TWN,2020/10/12,0,2,0,0,2
TWN,2020/10/13,0,3,0,0,3
TWN,2020/10/14,0,2,0,0,2
TWN,2020/10/15,3,1,0,0,4
TWN,2020/10/16,1,0,0,0,1
TWN,2020/10/17,0,3,2,0,5
TWN,2020/10/18,1,2,0,0,3
TWN,2020/10/19,0,0,0,0,0
TWN,2020/10/20,0,0,0,0,0
TWN,2020/10/21,0,4,0,0,4
TWN,2020/10/22,0,1,0,0,1
TWN,2020/10/23,0,0,0,0,0
TWN,2020/10/24,0,0,0,1,1
TWN,2020/10/25,0,0,0,0,0
TWN,2020/10/26,0,1,1,0,2
TWN,2020/10/27,0,0,0,1,1
TWN,2020/10/28,0,1,0,0,1
TWN,2020/10/29,0,2,0,0,2
TWN,2020/10/30,0,6,0,0,6
TWN,2020/10/31,1,3,0,0,4
TWN,2020/11/1,0,1,2,0,3
TWN,2020/11/2,2,0,0,0,2
TWN,2020/11/3,0,0,2,0,2
TWN,2020/11/4,0,2,1,0,3
TWN,2020/11/5,0,2,1,0,3
TWN,2020/11/6,0,3,1,0,4
TWN,2020/11/7,1,1,0,0,2
TWN,2020/11/8,0,1,0,0,1
TWN,2020/11/9,0,2,2,0,4
TWN,2020/11/10,0,9,0,0,9
TWN,2020/11/11,0,6,0,0,6
TWN,2020/11/12,0,1,0,1,2
TWN,2020/11/13,0,1,0,0,1
TWN,2020/11/14,0,2,0,0,2
TWN,2020/11/15,0,0,0,0,0
TWN,2020/11/16,0,1,0,0,1
TWN,2020/11/17,0,1,0,0,1
TWN,2020/11/18,0,2,1,0,3
TWN,2020/11/19,0,2,0,0,2
TWN,2020/11/20,0,3,0,0,3
TWN,2020/11/21,0,4,1,0,5
TWN,2020/11/22,0,1,1,0,2
TWN,2020/11/23,0,3,1,0,4
TWN,2020/11/24,0,4,0,0,4
TWN,2020/11/25,0,14,0,0,14
TWN,2020/11/26,0,2,4,0,6
TWN,2020/11/27,0,5,2,0,7
TWN,2020/11/28,0,14,3,0,17
TWN,2020/11/29,0,9,2,0,11
TWN,2020/11/30,0,1,3,0,4
TWN,2020/12/1,0,5,0,0,5
TWN,2020/12/2,0,0,0,1,1
TWN,2020/12/3,0,3,1,0,4
TWN,2020/12/4,0,12,8,0,20
TWN,2020/12/5,0,3,1,1,5
TWN,2020/12/6,1,1,0,0,2
TWN,2020/12/7,0,1,4,0,5
TWN,2020/12/8,0,2,0,0,2
TWN,2020/12/9,0,2,1,0,3
TWN,2020/12/10,0,7,1,1,9
TWN,2020/12/11,1,2,2,0,5
TWN,2020/12/12,0,1,3,1,5
TWN,2020/12/13,0,2,0,0,2
TWN,2020/12/14,0,9,1,1,11
TWN,2020/12/15,0,0,4,0,4
TWN,2020/12/16,0,7,1,0,8
TWN,2020/12/17,0,6,0,0,6
TWN,2020/12/18,0,0,3,0,3
TWN,2020/12/19,0,0,0,0,0
TWN,2020/12/20,0,4,1,0,5
TWN,2020/12/21,0,6,0,0,6
TWN,2020/12/22,0,0,1,0,1
TWN,2020/12/23,0,1,0,0,1
TWN,2020/12/24,0,2,0,2,4
TWN,2020/12/25,0,4,0,0,4
TWN,2020/12/26,0,2,0,1,3
TWN,2020/12/27,1,2,0,0,3
TWN,2020/12/28,1,4,0,0,5
TWN,2020/12/29,0,2,1,1,4
TWN,2020/12/30,0,5,0,0,5
TWN,2020/12/31,0,5,0,0,5
TWN,2021/1/1,0,3,1,1,5
TWN,2021/1/2,0,2,1,0,3
TWN,2021/1/3,0,1,1,0,2
TWN,2021/1/4,0,2,1,0,3
TWN,2021/1/5,0,2,1,0,3
TWN,2021/1/6,1,2,0,0,3
TWN,2021/1/7,2,6,1,0,9
TWN,2021/1/8,0,3,1,0,4
TWN,2021/1/9,0,2,2,0,4
TWN,2021/1/10,0,0,1,1,2
TWN,2021/1/11,0,6,0,0,6
TWN,2021/1/12,0,1,0,0,1
TWN,2021/1/13,0,0,3,0,3
TWN,2021/1/14,2,5,3,1,11
TWN,2021/1/15,1,2,0,0,3
TWN,2021/1/16,0,4,1,0,5
TWN,2021/1/17,0,2,1,0,3
TWN,2021/1/18,0,2,1,1,4
TWN,2021/1/19,1,1,3,2,7
TWN,2021/1/20,0,10,1,1,12
TWN,2021/1/21,0,0,0,2,2
TWN,2021/1/22,0,1,3,0,4
TWN,2021/1/23,0,1,0,0,1
TWN,2021/1/24,0,0,2,0,2
TWN,2021/1/25,0,4,0,0,4
TWN,2021/1/26,0,0,0,0,0
TWN,2021/1/27,2,4,0,0,6
TWN,2021/1/28,0,1,0,1,2
TWN,2021/1/29,0,2,1,2,5
TWN,2021/1/30,0,3,2,0,5
TWN,2021/1/31,0,0,0,0,0
TWN,2021/2/1,0,6,1,0,7
TWN,2021/2/2,0,0,1,0,1
TWN,2021/2/3,0,0,0,2,2
TWN,2021/2/4,0,2,2,0,4
TWN,2021/2/5,0,0,0,0,0
TWN,2021/2/6,0,0,0,0,0
TWN,2021/2/7,0,1,1,0,2
TWN,2021/2/8,0,0,1,0,1
TWN,2021/2/9,0,1,0,0,1
TWN,2021/2/10,0,0,1,0,1
TWN,2021/2/11,0,0,0,0,0
TWN,2021/2/12,0,0,0,0,0
TWN,2021/2/13,0,1,0,0,1
TWN,2021/2/14,0,0,0,0,0
TWN,2021/2/15,0,0,0,0,0
TWN,2021/2/16,0,1,0,0,1
TWN,2021/2/17,0,1,0,0,1
TWN,2021/2/18,0,1,0,0,1
TWN,2021/2/19,0,0,0,0,0
TWN,2021/2/20,0,0,0,0,0
TWN,2021/2/21,0,0,0,0,0
TWN,2021/2/22,0,1,0,0,1
TWN,2021/2/23,0,5,0,0,5
TWN,2021/2/24,0,0,0,0,0
TWN,2021/2/25,0,1,0,0,1
TWN,2021/2/26,0,3,0,0,3
TWN,2021/2/27,0,0,0,0,0
TWN,2021/2/28,0,1,0,0,1
TWN,2021/3/1,0,1,2,0,3
TWN,2021/3/2,0,0,0,0,0
TWN,2021/3/3,0,0,0,0,0
TWN,2021/3/4,0,7,1,0,8
TWN,2021/3/5,0,2,0,0,2
TWN,2021/3/6,0,5,0,0,5
TWN,2021/3/7,0,1,0,0,1
TWN,2021/3/8,0,0,0,0,0
TWN,2021/3/9,0,0,0,0,0
TWN,2021/3/10,0,1,2,0,3
TWN,2021/3/11,0,3,0,0,3
TWN,2021/3/12,0,3,0,0,3
TWN,2021/3/13,0,3,4,0,7
TWN,2021/3/14,0,1,0,0,1
TWN,2021/3/15,0,0,0,0,0
TWN,2021/3/16,0,5,0,0,5
TWN,2021/3/17,0,3,1,0,4
TWN,2021/3/18,0,3,0,0,3
TWN,2021/3/19,0,0,0,0,0
TWN,2021/3/20,0,0,0,0,0
TWN,2021/3/21,1,1,0,0,2
TWN,2021/3/22,0,3,0,0,3
TWN,2021/3/23,0,3,0,1,4
TWN,2021/3/24,0,7,0,0,7
TWN,2021/3/25,0,2,1,0,3
TWN,2021/3/26,0,2,0,0,2
TWN,2021/3/27,0,0,0,0,0
TWN,2021/3/28,0,2,0,0,2
TWN,2021/3/29,1,8,0,1,10
TWN,2021/3/30,0,2,4,0,6
TWN,2021/3/31,0,5,1,0,6
THA,2020/3/4,0,0,1,0,1
THA,2020/3/5,0,0,0,0,0
THA,2020/3/6,0,0,0,0,0
THA,2020/3/7,0,0,0,0,0
THA,2020/3/8,0,0,0,0,0
THA,2020/3/9,0,0,0,0,0
THA,2020/3/10,0,0,0,0,0
THA,2020/3/11,0,0,0,0,0
THA,2020/3/12,0,0,0,0,0
THA,2020/3/13,0,0,0,0,0
THA,2020/3/14,0,1,0,0,1
THA,2020/3/15,0,1,0,0,1
THA,2020/3/16,0,2,1,0,3
THA,2020/3/17,0,0,2,0,2
THA,2020/3/18,0,1,0,0,1
THA,2020/3/19,0,1,2,1,4
THA,2020/3/20,1,57,56,21,135
THA,2020/3/21,12,81,60,26,179
THA,2020/3/22,3,37,25,10,75
THA,2020/3/23,2,62,21,9,94
THA,2020/3/24,5,51,37,13,106
THA,2020/3/25,5,48,29,4,86
THA,2020/3/26,7,68,30,9,114
THA,2020/3/27,6,61,26,10,103
THA,2020/3/28,4,107,55,20,186
THA,2020/3/29,3,90,53,17,163
THA,2020/3/30,9,64,31,5,109
THA,2020/3/31,4,50,52,9,115
THA,2020/4/1,5,36,31,12,84
THA,2020/4/2,3,53,48,14,118
THA,2020/4/3,6,31,33,6,76
THA,2020/4/4,3,61,32,9,105
THA,2020/4/5,4,31,18,4,57
THA,2020/4/6,0,22,7,2,31
THA,2020/4/7,11,42,36,13,102
THA,2020/4/8,5,24,22,5,56
THA,2020/4/9,3,22,15,7,47
THA,2020/4/10,4,20,13,8,45
THA,2020/4/11,1,16,10,6,33
THA,2020/4/12,1,13,9,2,25
THA,2020/4/13,5,6,15,8,34
THA,2020/4/14,6,10,11,3,30
THA,2020/4/15,2,15,9,3,29
THA,2020/4/16,2,15,5,6,28
THA,2020/4/17,2,17,10,4,33
THA,2020/4/18,1,18,11,2,32
THA,2020/4/19,0,13,12,2,27
THA,2020/4/20,6,7,4,3,20
THA,2020/4/21,1,8,3,2,14
THA,2020/4/22,2,5,4,2,13
THA,2020/4/23,4,3,8,0,15
THA,2020/4/24,6,29,13,4,52
THA,2020/4/25,0,6,6,3,15
THA,2020/4/26,3,3,2,2,10
THA,2020/4/27,0,5,1,0,6
THA,2020/4/28,1,3,3,2,9
THA,2020/4/29,2,4,1,0,7
THA,2020/4/30,0,3,2,1,6
THA,2020/5/1,0,2,4,0,6
THA,2020/5/2,0,2,1,0,3
THA,2020/5/3,12,6,0,0,18
THA,2020/5/4,0,0,1,0,1
THA,2020/5/5,0,1,0,0,1
THA,2020/5/6,0,0,3,0,3
THA,2020/5/7,1,3,3,0,7
THA,2020/5/8,0,2,2,0,4
THA,2020/5/9,0,2,2,1,5
THA,2020/5/10,2,4,0,0,6
THA,2020/5/11,1,0,1,0,2
THA,2020/5/12,0,0,0,0,0
THA,2020/5/13,0,1,0,0,1
THA,2020/5/14,2,5,0,0,7
THA,2020/5/15,0,0,0,0,0
THA,2020/5/16,0,3,0,0,3
THA,2020/5/17,0,2,1,0,3
THA,2020/5/18,0,1,1,0,2
THA,2020/5/19,0,0,1,1,2
THA,2020/5/20,0,1,1,0,2
THA,2020/5/21,0,0,0,0,0
THA,2020/5/22,0,1,2,0,3
THA,2020/5/23,0,0,0,0,0
THA,2020/5/24,0,0,2,0,2
THA,2020/5/25,0,0,3,0,3
THA,2020/5/26,1,8,0,0,9
THA,2020/5/27,0,7,4,0,11
THA,2020/5/28,0,1,10,0,11
THA,2020/5/29,0,1,0,0,1
THA,2020/5/30,2,2,0,0,4
THA,2020/5/31,0,0,1,0,1
THA,2020/6/1,0,1,0,0,1
THA,2020/6/2,0,1,0,0,1
THA,2020/6/3,0,7,10,0,17
THA,2020/6/4,0,0,1,0,1
THA,2020/6/5,0,2,0,0,2
THA,2020/6/6,0,6,2,0,8
THA,2020/6/7,1,4,2,0,7
THA,2020/6/8,0,2,0,0,2
THA,2020/6/9,0,2,2,0,4
THA,2020/6/10,0,0,0,0,0
THA,2020/6/11,0,2,2,0,4
THA,2020/6/12,0,5,0,0,5
THA,2020/6/13,0,1,0,0,1
THA,2020/6/14,0,0,0,0,0
THA,2020/6/15,0,0,0,0,0
THA,2020/6/16,0,0,0,0,0
THA,2020/6/17,0,6,0,0,6
THA,2020/6/18,0,5,0,0,5
THA,2020/6/19,0,1,0,0,1
THA,2020/6/20,1,0,0,0,1
THA,2020/6/21,1,2,0,0,3
THA,2020/6/22,0,4,1,0,5
THA,2020/6/23,0,1,0,0,1
THA,2020/6/24,0,1,0,0,1
THA,2020/6/25,0,3,1,0,4
THA,2020/6/26,0,0,0,0,0
THA,2020/6/27,0,0,0,0,0
THA,2020/6/28,0,3,3,1,7
THA,2020/6/29,0,2,0,0,2
THA,2020/6/30,0,0,2,0,2
THA,2020/7/1,0,4,1,1,6
THA,2020/7/2,0,1,0,0,1
THA,2020/7/3,0,4,1,0,5
THA,2020/7/4,1,2,2,0,5
THA,2020/7/5,0,2,3,0,5
THA,2020/7/6,0,0,0,0,0
THA,2020/7/7,0,2,0,0,2
THA,2020/7/8,0,2,3,0,5
THA,2020/7/9,0,0,0,0,0
THA,2020/7/10,3,10,1,0,14
THA,2020/7/11,0,1,0,0,1
THA,2020/7/12,0,1,2,0,3
THA,2020/7/13,0,6,0,1,7
THA,2020/7/14,0,2,3,0,5
THA,2020/7/15,0,3,1,0,4
THA,2020/7/16,0,3,0,0,3
THA,2020/7/17,0,5,0,2,7
THA,2020/7/18,0,1,1,1,3
THA,2020/7/19,0,0,1,0,1
THA,2020/7/20,0,5,0,0,5
THA,2020/7/21,0,5,1,0,6
THA,2020/7/22,0,8,0,0,8
THA,2020/7/23,2,8,0,0,10
THA,2020/7/24,1,2,0,0,3
THA,2020/7/25,1,4,4,0,9
THA,2020/7/26,0,3,1,0,4
THA,2020/7/27,0,2,0,0,2
THA,2020/7/28,0,1,0,0,1
THA,2020/7/29,0,5,1,0,6
THA,2020/7/30,0,5,1,0,6
THA,2020/7/31,0,1,1,0,2
THA,2020/8/1,0,4,1,0,5
THA,2020/8/2,1,1,1,0,3
THA,2020/8/3,0,1,0,0,1
THA,2020/8/4,0,7,0,0,7
THA,2020/8/5,0,0,1,1,2
THA,2020/8/6,0,14,1,0,15
THA,2020/8/7,0,3,0,0,3
THA,2020/8/8,0,2,1,0,3
THA,2020/8/9,0,0,0,0,0
THA,2020/8/10,0,0,0,0,0
THA,2020/8/11,1,3,1,0,5
THA,2020/8/12,0,2,1,0,3
THA,2020/8/13,4,6,6,1,17
THA,2020/8/14,0,0,0,0,0
THA,2020/8/15,0,0,1,0,1
THA,2020/8/16,0,1,0,0,1
THA,2020/8/17,0,1,1,1,3
THA,2020/8/18,0,1,0,0,1
THA,2020/8/19,0,4,3,0,7
THA,2020/8/20,0,0,0,0,0
THA,2020/8/21,0,0,0,0,0
THA,2020/8/22,0,2,4,0,6
THA,2020/8/23,0,1,0,1,2
THA,2020/8/24,0,3,2,0,5
THA,2020/8/25,0,1,0,0,1
THA,2020/8/26,0,1,0,0,1
THA,2020/8/27,0,3,2,1,6
THA,2020/8/28,0,1,0,0,1
THA,2020/8/29,0,0,0,0,0
THA,2020/8/30,0,1,0,0,1
THA,2020/8/31,2,3,0,0,5
THA,2020/9/1,2,4,2,0,8
THA,2020/9/2,0,2,0,0,2
THA,2020/9/3,0,2,2,0,4
THA,2020/9/4,3,1,3,0,7
THA,2020/9/5,0,0,5,1,6
THA,2020/9/6,0,1,0,0,1
THA,2020/9/7,0,0,1,0,1
THA,2020/9/8,0,1,0,0,1
THA,2020/9/9,1,6,0,0,7
THA,2020/9/10,3,3,1,0,7
THA,2020/9/11,1,4,0,0,5
THA,2020/9/12,0,3,4,0,7
THA,2020/9/13,0,2,0,0,2
THA,2020/9/14,1,2,1,1,5
THA,2020/9/15,2,6,2,0,10
THA,2020/9/16,0,0,0,0,0
THA,2020/9/17,3,0,3,1,7
THA,2020/9/18,0,2,1,0,3
THA,2020/9/19,1,5,0,0,6
THA,2020/9/20,0,2,1,1,4
THA,2020/9/21,1,1,0,0,2
THA,2020/9/22,0,1,2,0,3
THA,2020/9/23,0,1,2,0,3
THA,2020/9/24,0,1,0,0,1
THA,2020/9/25,0,1,2,0,3
THA,2020/9/26,0,1,0,0,1
THA,2020/9/27,2,18,2,0,22
THA,2020/9/28,1,10,3,0,14
THA,2020/9/29,0,3,1,1,5
THA,2020/9/30,0,3,2,0,5
THA,2020/10/1,1,3,2,0,6
THA,2020/10/2,1,4,3,0,8
THA,2020/10/3,1,1,0,0,2
THA,2020/10/4,0,3,2,0,5
THA,2020/10/5,0,6,3,1,10
THA,2020/10/6,0,8,7,0,15
THA,2020/10/7,0,3,3,1,7
THA,2020/10/8,0,4,2,0,6
THA,2020/10/9,0,4,2,0,6
THA,2020/10/10,0,2,0,0,2
THA,2020/10/11,1,2,2,0,5
THA,2020/10/12,0,2,1,0,3
THA,2020/10/13,0,9,3,0,12
THA,2020/10/14,0,4,6,1,11
THA,2020/10/15,1,1,0,0,2
THA,2020/10/16,0,6,5,1,12
THA,2020/10/17,2,2,1,0,5
THA,2020/10/18,0,4,1,0,5
THA,2020/10/19,0,7,2,0,9
THA,2020/10/20,0,7,2,0,9
THA,2020/10/21,0,2,3,5,10
THA,2020/10/22,1,5,2,0,8
THA,2020/10/23,0,3,1,0,4
THA,2020/10/24,0,2,2,1,5
THA,2020/10/25,0,3,4,0,7
THA,2020/10/26,2,1,1,0,4
THA,2020/10/27,0,8,4,1,13
THA,2020/10/28,0,1,1,1,3
THA,2020/10/29,0,11,4,0,15
THA,2020/10/30,0,1,1,0,2
THA,2020/10/31,0,3,2,1,6
THA,2020/11/1,1,2,1,0,4
THA,2020/11/2,0,6,4,1,11
THA,2020/11/3,0,2,1,0,3
THA,2020/11/4,0,4,6,1,11
THA,2020/11/5,0,2,2,1,5
THA,2020/11/6,0,3,5,2,10
THA,2020/11/7,0,6,3,1,10
THA,2020/11/8,0,0,1,0,1
THA,2020/11/9,0,2,2,0,4
THA,2020/11/10,0,0,2,1,3
THA,2020/11/11,0,2,2,2,6
THA,2020/11/12,0,1,4,3,8
THA,2020/11/13,1,2,2,0,5
THA,2020/11/14,0,4,4,0,8
THA,2020/11/15,0,2,0,0,2
THA,2020/11/16,0,1,1,1,3
THA,2020/11/17,0,0,2,0,2
THA,2020/11/18,0,7,0,1,8
THA,2020/11/19,1,1,3,0,5
THA,2020/11/20,1,4,6,1,12
THA,2020/11/21,1,1,5,3,10
THA,2020/11/22,1,1,4,1,7
THA,2020/11/23,0,1,1,0,2
THA,2020/11/24,1,7,11,2,21
THA,2020/11/25,3,4,2,1,10
THA,2020/11/26,0,3,3,1,7
THA,2020/11/27,0,7,1,2,10
THA,2020/11/28,1,5,3,0,9
THA,2020/11/29,1,11,3,1,16
THA,2020/11/30,1,6,1,2,10
THA,2020/12/1,0,8,8,2,18
THA,2020/12/2,0,10,3,0,13
THA,2020/12/3,0,9,3,2,14
THA,2020/12/4,2,10,5,2,19
THA,2020/12/5,3,6,3,2,14
THA,2020/12/6,1,14,4,2,21
THA,2020/12/7,0,15,2,4,21
THA,2020/12/8,3,9,8,4,24
THA,2020/12/9,0,9,6,2,17
THA,2020/12/10,2,8,3,0,13
THA,2020/12/11,0,7,3,0,10
THA,2020/12/12,1,10,4,3,18
THA,2020/12/13,0,17,12,0,29
THA,2020/12/14,1,7,5,1,14
THA,2020/12/15,0,8,9,1,18
THA,2020/12/16,1,4,1,5,11
THA,2020/12/17,5,11,4,2,22
THA,2020/12/18,2,12,16,2,32
THA,2020/12/19,1,37,21,4,63
THA,2020/12/20,1,4,6,2,13
THA,2020/12/21,3,21,15,2,41
THA,2020/12/22,1,17,21,4,43
THA,2020/12/23,2,26,27,4,59
THA,2020/12/24,3,22,17,5,47
THA,2020/12/25,7,28,35,9,79
THA,2020/12/26,8,27,25,16,76
THA,2020/12/27,6,82,45,17,150
THA,2020/12/28,3,33,45,11,92
THA,2020/12/29,8,18,16,6,48
THA,2020/12/30,7,35,42,23,107
THA,2020/12/31,17,68,58,14,157
THA,2021/1/1,10,103,70,22,205
THA,2021/1/2,2,16,18,11,47
THA,2021/1/3,20,78,78,26,202
THA,2021/1/4,9,50,41,7,107
THA,2021/1/5,31,161,114,43,349
THA,2021/1/6,21,171,94,19,305
THA,2021/1/7,20,108,62,14,204
THA,2021/1/8,14,109,75,14,212
THA,2021/1/9,20,144,65,15,244
THA,2021/1/10,15,108,84,24,231
THA,2021/1/11,17,188,64,13,282
THA,2021/1/12,12,90,47,8,157
THA,2021/1/13,12,198,55,6,271
THA,2021/1/14,8,126,39,15,188
THA,2021/1/15,16,157,42,7,222
THA,2021/1/16,7,260,96,8,371
THA,2021/1/17,8,301,50,9,368
THA,2021/1/18,2,120,42,4,168
THA,2021/1/19,6,26,26,2,60
THA,2021/1/20,9,76,26,2,113
THA,2021/1/21,12,255,57,5,329
THA,2021/1/22,7,118,48,3,176
THA,2021/1/23,8,142,49,1,200
THA,2021/1/24,14,117,49,7,187
THA,2021/1/25,29,756,161,10,956
THA,2021/1/26,11,728,77,3,819
THA,2021/1/27,15,631,45,2,693
THA,2021/1/28,19,570,207,6,802
THA,2021/1/29,13,747,148,6,914
THA,2021/1/30,11,115,36,2,164
THA,2021/1/31,24,688,121,3,836
THA,2021/2/1,10,650,170,6,836
THA,2021/2/2,14,607,159,9,789
THA,2021/2/3,22,601,171,15,809
THA,2021/2/4,22,511,47,6,586
THA,2021/2/5,17,316,68,7,408
THA,2021/2/6,15,180,40,2,237
THA,2021/2/7,8,133,41,4,186
THA,2021/2/8,9,108,61,5,183
THA,2021/2/9,5,104,38,6,153
THA,2021/2/10,16,135,37,13,201
THA,2021/2/11,2,119,50,4,175
THA,2021/2/12,14,62,37,9,122
THA,2021/2/13,11,107,40,8,166
THA,2021/2/14,14,72,44,12,142
THA,2021/2/15,7,40,15,10,72
THA,2021/2/16,15,112,41,9,177
THA,2021/2/17,12,87,42,9,150
THA,2021/2/18,5,79,40,6,130
THA,2021/2/19,12,41,24,5,82
THA,2021/2/20,12,37,32,11,92
THA,2021/2/21,7,48,29,5,89
THA,2021/2/22,8,50,29,8,95
THA,2021/2/23,2,50,33,7,92
THA,2021/2/24,7,39,25,1,72
THA,2021/2/25,3,20,13,9,45
THA,2021/2/26,14,38,15,5,72
THA,2021/2/27,6,37,21,6,70
THA,2021/2/28,6,55,16,3,80
THA,2021/3/1,6,20,11,6,43
THA,2021/3/2,2,24,10,0,36
THA,2021/3/3,6,28,16,4,54
THA,2021/3/4,1,35,14,4,54
THA,2021/3/5,2,43,21,0,66
THA,2021/3/6,4,31,27,3,65
THA,2021/3/7,3,45,23,1,72
THA,2021/3/8,7,34,17,1,59
THA,2021/3/9,6,12,14,4,36
THA,2021/3/10,3,40,12,3,58
THA,2021/3/11,9,50,17,3,79
THA,2021/3/12,5,50,18,6,79
THA,2021/3/13,5,98,56,10,169
THA,2021/3/14,4,46,20,8,78
THA,2021/3/15,2,39,15,3,59
THA,2021/3/16,9,121,52,10,192
THA,2021/3/17,8,37,34,13,92
THA,2021/3/18,7,65,22,7,101
THA,2021/3/19,14,45,51,8,118
THA,2021/3/20,12,51,25,2,90
THA,2021/3/21,2,50,20,3,75
THA,2021/3/22,8,43,26,4,81
THA,2021/3/23,9,32,21,7,69
THA,2021/3/24,8,48,33,8,97
THA,2021/3/25,10,68,46,10,134
THA,2021/3/26,7,38,28,7,80
THA,2021/3/27,6,45,20,8,79
THA,2021/3/28,3,22,13,4,42
THA,2021/3/29,4,24,17,2,47
THA,2021/3/30,5,24,8,2,39
THA,2021/3/31,2,18,5,2,27
BEL,2020/3/1,5,2,10,2,19
BEL,2020/3/2,5,1,10,3,19
BEL,2020/3/3,5,10,13,6,34
BEL,2020/3/4,15,11,15,11,52
BEL,2020/3/5,8,27,38,8,81
BEL,2020/3/6,13,25,54,18,110
BEL,2020/3/7,2,6,13,6,27
BEL,2020/3/8,5,13,26,19,63
BEL,2020/3/9,6,19,50,18,93
BEL,2020/3/10,6,27,43,23,99
BEL,2020/3/11,13,45,68,46,172
BEL,2020/3/12,11,61,89,86,247
BEL,2020/3/13,11,107,130,87,335
BEL,2020/3/14,3,37,60,77,177
BEL,2020/3/15,5,49,63,97,214
BEL,2020/3/16,3,79,152,152,386
BEL,2020/3/17,9,104,126,183,422
BEL,2020/3/18,8,100,189,237,534
BEL,2020/3/19,7,132,254,319,712
BEL,2020/3/20,12,115,231,304,662
BEL,2020/3/21,2,83,161,222,468
BEL,2020/3/22,4,77,178,227,486
BEL,2020/3/23,20,293,429,585,1327
BEL,2020/3/24,15,221,404,547,1187
BEL,2020/3/25,11,222,382,579,1194
BEL,2020/3/26,18,260,443,639,1360
BEL,2020/3/27,11,238,522,746,1517
BEL,2020/3/28,12,139,299,391,841
BEL,2020/3/29,6,148,228,301,683
BEL,2020/3/30,14,325,591,807,1737
BEL,2020/3/31,20,293,471,896,1680
BEL,2020/4/1,20,273,459,762,1514
BEL,2020/4/2,22,274,418,762,1476
BEL,2020/4/3,19,315,420,937,1691
BEL,2020/4/4,8,152,264,498,922
BEL,2020/4/5,10,119,202,334,665
BEL,2020/4/6,18,365,505,1042,1930
BEL,2020/4/7,15,250,411,829,1505
BEL,2020/4/8,19,244,426,905,1594
BEL,2020/4/9,25,378,449,1384,2236
BEL,2020/4/10,26,465,561,1280,2332
BEL,2020/4/11,12,176,188,651,1027
BEL,2020/4/12,5,106,111,300,522
BEL,2020/4/13,6,102,131,298,537
BEL,2020/4/14,12,300,395,848,1555
BEL,2020/4/15,16,269,324,1024,1633
BEL,2020/4/16,22,288,313,1050,1673
BEL,2020/4/17,14,249,272,856,1391
BEL,2020/4/18,12,128,146,436,722
BEL,2020/4/19,11,63,71,297,442
BEL,2020/4/20,18,221,271,761,1271
BEL,2020/4/21,15,240,295,718,1268
BEL,2020/4/22,11,149,183,434,777
BEL,2020/4/23,13,173,191,595,972
BEL,2020/4/24,8,149,203,448,808
BEL,2020/4/25,8,70,91,217,386
BEL,2020/4/26,6,38,69,91,204
BEL,2020/4/27,14,180,194,366,754
BEL,2020/4/28,7,118,153,289,567
BEL,2020/4/29,9,127,140,244,520
BEL,2020/4/30,12,111,154,306,583
BEL,2020/5/1,6,56,55,120,237
BEL,2020/5/2,6,65,62,152,285
BEL,2020/5/3,5,34,37,64,140
BEL,2020/5/4,13,167,215,273,668
BEL,2020/5/5,24,124,154,240,542
BEL,2020/5/6,18,133,165,233,549
BEL,2020/5/7,34,116,111,179,440
BEL,2020/5/8,30,129,134,188,481
BEL,2020/5/9,18,65,70,87,240
BEL,2020/5/10,5,24,28,61,118
BEL,2020/5/11,27,120,151,177,475
BEL,2020/5/12,27,86,118,159,390
BEL,2020/5/13,14,90,81,134,319
BEL,2020/5/14,23,106,66,107,302
BEL,2020/5/15,24,93,95,133,345
BEL,2020/5/16,14,38,43,52,147
BEL,2020/5/17,2,23,29,26,80
BEL,2020/5/18,24,97,86,108,315
BEL,2020/5/19,22,79,76,114,291
BEL,2020/5/20,22,110,120,130,382
BEL,2020/5/21,5,17,21,25,68
BEL,2020/5/22,21,69,67,90,247
BEL,2020/5/23,8,32,29,54,123
BEL,2020/5/24,8,16,18,32,74
BEL,2020/5/25,20,69,98,127,314
BEL,2020/5/26,16,65,55,66,202
BEL,2020/5/27,15,49,52,66,182
BEL,2020/5/28,13,39,50,69,171
BEL,2020/5/29,16,45,45,58,164
BEL,2020/5/30,1,19,15,26,61
BEL,2020/5/31,2,16,13,17,48
BEL,2020/6/1,4,14,12,29,59
BEL,2020/6/2,19,46,55,58,178
BEL,2020/6/3,17,55,41,44,157
BEL,2020/6/4,15,40,47,70,172
BEL,2020/6/5,11,55,44,44,154
BEL,2020/6/6,7,23,16,22,68
BEL,2020/6/7,6,15,12,19,52
BEL,2020/6/8,14,44,42,50,150
BEL,2020/6/9,17,45,34,46,142
BEL,2020/6/10,15,34,33,37,119
BEL,2020/6/11,12,27,29,27,95
BEL,2020/6/12,11,33,22,22,88
BEL,2020/6/13,5,15,12,17,49
BEL,2020/6/14,0,7,6,9,22
BEL,2020/6/15,19,39,42,46,146
BEL,2020/6/16,9,36,24,30,99
BEL,2020/6/17,16,45,25,35,121
BEL,2020/6/18,17,43,24,23,107
BEL,2020/6/19,27,49,19,25,120
BEL,2020/6/20,9,18,5,18,50
BEL,2020/6/21,3,4,5,8,20
BEL,2020/6/22,17,34,40,50,141
BEL,2020/6/23,20,38,33,19,110
BEL,2020/6/24,22,41,19,18,100
BEL,2020/6/25,12,30,18,15,75
BEL,2020/6/26,18,33,36,24,111
BEL,2020/6/27,2,15,11,13,41
BEL,2020/6/28,2,6,6,9,23
BEL,2020/6/29,22,39,38,26,125
BEL,2020/6/30,18,39,25,17,99
BEL,2020/7/1,27,51,35,20,133
BEL,2020/7/2,15,30,23,23,91
BEL,2020/7/3,13,30,23,28,94
BEL,2020/7/4,13,17,21,13,64
BEL,2020/7/5,2,4,9,9,24
BEL,2020/7/6,15,38,33,26,112
BEL,2020/7/7,10,39,35,15,99
BEL,2020/7/8,19,55,38,24,136
BEL,2020/7/9,15,43,48,18,124
BEL,2020/7/10,20,50,38,19,127
BEL,2020/7/11,9,21,14,18,62
BEL,2020/7/12,5,13,12,13,43
BEL,2020/7/13,27,87,62,48,224
BEL,2020/7/14,30,94,47,34,205
BEL,2020/7/15,38,113,62,44,257
BEL,2020/7/16,40,84,68,30,222
BEL,2020/7/17,55,102,71,46,274
BEL,2020/7/18,23,47,37,23,130
BEL,2020/7/19,13,24,17,10,64
BEL,2020/7/20,97,176,117,51,441
BEL,2020/7/21,21,51,41,32,145
BEL,2020/7/22,97,234,157,63,551
BEL,2020/7/23,77,188,119,55,439
BEL,2020/7/24,103,214,116,62,495
BEL,2020/7/25,38,94,71,26,229
BEL,2020/7/26,30,66,49,39,184
BEL,2020/7/27,125,209,180,76,590
BEL,2020/7/28,110,298,201,73,682
BEL,2020/7/29,112,285,208,95,700
BEL,2020/7/30,115,248,180,91,634
BEL,2020/7/31,132,265,210,75,682
BEL,2020/8/1,50,131,89,39,309
BEL,2020/8/2,23,71,37,16,147
BEL,2020/8/3,155,322,214,100,791
BEL,2020/8/4,152,336,239,81,808
BEL,2020/8/5,124,333,219,85,761
BEL,2020/8/6,146,317,219,85,767
BEL,2020/8/7,164,306,193,103,766
BEL,2020/8/8,68,119,81,34,302
BEL,2020/8/9,19,41,41,21,122
BEL,2020/8/10,156,348,257,107,868
BEL,2020/8/11,147,306,198,63,714
BEL,2020/8/12,111,233,170,93,607
BEL,2020/8/13,119,251,185,109,664
BEL,2020/8/14,124,209,162,88,583
BEL,2020/8/15,34,61,47,19,161
BEL,2020/8/16,25,52,35,20,132
BEL,2020/8/17,139,278,221,66,704
BEL,2020/8/18,121,295,213,92,721
BEL,2020/8/19,114,233,201,64,612
BEL,2020/8/20,120,257,131,70,578
BEL,2020/8/21,113,206,134,55,508
BEL,2020/8/22,30,103,52,18,203
BEL,2020/8/23,15,57,32,9,113
BEL,2020/8/24,115,264,182,45,606
BEL,2020/8/25,108,219,144,56,527
BEL,2020/8/26,102,235,131,56,524
BEL,2020/8/27,126,228,130,51,535
BEL,2020/8/28,139,231,174,70,614
BEL,2020/8/29,33,88,48,25,194
BEL,2020/8/30,22,47,33,14,116
BEL,2020/8/31,146,241,183,64,634
BEL,2020/9/1,115,236,154,59,564
BEL,2020/9/2,105,234,179,54,572
BEL,2020/9/3,145,280,194,55,674
BEL,2020/9/4,170,284,190,82,726
BEL,2020/9/5,70,129,88,35,322
BEL,2020/9/6,28,59,52,15,154
BEL,2020/9/7,207,337,260,114,918
BEL,2020/9/8,207,352,215,96,870
BEL,2020/9/9,236,418,269,97,1020
BEL,2020/9/10,257,464,285,135,1141
BEL,2020/9/11,333,471,333,143,1280
BEL,2020/9/12,138,257,138,82,615
BEL,2020/9/13,77,115,68,40,300
BEL,2020/9/14,446,594,447,233,1720
BEL,2020/9/15,380,606,440,202,1628
BEL,2020/9/16,459,701,539,242,1941
BEL,2020/9/17,410,714,460,165,1749
BEL,2020/9/18,414,607,449,233,1703
BEL,2020/9/19,190,348,228,126,892
BEL,2020/9/20,93,186,116,64,459
BEL,2020/9/21,448,804,630,317,2199
BEL,2020/9/22,445,814,543,269,2071
BEL,2020/9/23,424,821,616,233,2094
BEL,2020/9/24,402,711,450,227,1790
BEL,2020/9/25,347,633,429,206,1615
BEL,2020/9/26,230,387,291,157,1065
BEL,2020/9/27,120,210,134,92,556
BEL,2020/9/28,552,1090,758,364,2764
BEL,2020/9/29,563,1180,809,426,2978
BEL,2020/9/30,668,1241,906,433,3248
BEL,2020/10/1,668,1336,936,460,3400
BEL,2020/10/2,667,1407,1073,570,3717
BEL,2020/10/3,330,651,461,270,1712
BEL,2020/10/4,164,438,295,145,1042
BEL,2020/10/5,847,2032,1613,775,5267
BEL,2020/10/6,1007,2183,1671,851,5712
BEL,2020/10/7,1301,2776,1953,820,6850
BEL,2020/10/8,1178,2673,1891,891,6633
BEL,2020/10/9,1459,3058,2231,1150,7898
BEL,2020/10/10,837,1606,1269,635,4347
BEL,2020/10/11,418,902,710,364,2394
BEL,2020/10/12,1678,3575,3085,1484,9822
BEL,2020/10/13,2301,4787,3764,1839,12691
BEL,2020/10/14,2195,4583,3697,2000,12475
BEL,2020/10/15,2057,4331,3613,1941,11942
BEL,2020/10/16,2375,5038,3959,2326,13698
BEL,2020/10/17,1455,2925,2446,1275,8101
BEL,2020/10/18,735,1527,1293,739,4294
BEL,2020/10/19,2514,5415,4966,2804,15699
BEL,2020/10/20,3074,6848,6206,3325,19453
BEL,2020/10/21,2499,6167,5686,3115,17467
BEL,2020/10/22,2152,6336,5746,3398,17632
BEL,2020/10/23,2231,6408,6165,4015,18819
BEL,2020/10/24,1301,4043,3711,2464,11519
BEL,2020/10/25,504,1681,1593,1081,4859
BEL,2020/10/26,1917,6613,7014,4204,19748
BEL,2020/10/27,2123,7412,7600,4926,22061
BEL,2020/10/28,1733,6102,5975,4043,17853
BEL,2020/10/29,1271,4947,5041,3722,14981
BEL,2020/10/30,1259,4958,5013,4116,15346
BEL,2020/10/31,477,1988,2046,1778,6289
BEL,2020/11/1,185,852,833,765,2635
BEL,2020/11/2,860,4481,4788,3629,13758
BEL,2020/11/3,714,3836,4299,3145,11994
BEL,2020/11/4,630,2990,3059,2483,9162
BEL,2020/11/5,533,2401,2434,2215,7583
BEL,2020/11/6,482,2073,2129,1876,6560
BEL,2020/11/7,204,1005,923,846,2978
BEL,2020/11/8,87,437,505,409,1438
BEL,2020/11/9,584,2639,2929,2411,8563
BEL,2020/11/10,507,2256,2488,2349,7600
BEL,2020/11/11,141,618,589,613,1961
BEL,2020/11/12,482,1896,2115,1920,6413
BEL,2020/11/13,430,1662,1739,1849,5680
BEL,2020/11/14,196,658,720,783,2357
BEL,2020/11/15,74,287,296,387,1044
BEL,2020/11/16,554,1689,1872,1681,5796
BEL,2020/11/17,465,1397,1386,1536,4784
BEL,2020/11/18,348,1080,1045,1178,3651
BEL,2020/11/19,316,878,883,900,2977
BEL,2020/11/20,316,881,879,992,3068
BEL,2020/11/21,108,368,378,389,1243
BEL,2020/11/22,36,186,151,206,579
BEL,2020/11/23,412,1080,1165,1255,3912
BEL,2020/11/24,322,802,809,893,2826
BEL,2020/11/25,318,758,737,820,2633
BEL,2020/11/26,283,717,707,678,2385
BEL,2020/11/27,355,733,729,880,2697
BEL,2020/11/28,124,285,271,317,997
BEL,2020/11/29,64,167,163,155,549
BEL,2020/11/30,464,910,877,1005,3256
BEL,2020/12/1,373,737,702,836,2648
BEL,2020/12/2,368,706,677,825,2576
BEL,2020/12/3,357,662,653,674,2346
BEL,2020/12/4,381,704,671,776,2532
BEL,2020/12/5,150,344,293,298,1085
BEL,2020/12/6,65,163,148,216,592
BEL,2020/12/7,438,985,933,973,3329
BEL,2020/12/8,365,721,764,832,2682
BEL,2020/12/9,406,684,738,902,2730
BEL,2020/12/10,405,748,756,742,2651
BEL,2020/12/11,468,810,763,822,2863
BEL,2020/12/12,227,417,425,503,1572
BEL,2020/12/13,107,206,199,220,732
BEL,2020/12/14,495,1025,1074,1193,3787
BEL,2020/12/15,508,909,879,888,3184
BEL,2020/12/16,404,784,794,749,2731
BEL,2020/12/17,395,786,741,794,2716
BEL,2020/12/18,407,769,780,767,2723
BEL,2020/12/19,190,450,431,356,1427
BEL,2020/12/20,82,213,176,158,629
BEL,2020/12/21,441,970,963,915,3289
BEL,2020/12/22,333,758,753,736,2580
BEL,2020/12/23,286,674,718,670,2348
BEL,2020/12/24,267,520,495,431,1713
BEL,2020/12/25,71,156,138,125,490
BEL,2020/12/26,178,315,323,269,1085
BEL,2020/12/27,58,165,165,140,528
BEL,2020/12/28,308,769,842,702,2621
BEL,2020/12/29,264,625,664,694,2247
BEL,2020/12/30,237,585,548,590,1960
BEL,2020/12/31,233,481,434,466,1614
BEL,2021/1/1,46,146,123,147,462
BEL,2021/1/2,149,351,300,241,1041
BEL,2021/1/3,101,242,237,151,731
BEL,2021/1/4,360,883,832,814,2889
BEL,2021/1/5,354,884,727,638,2603
BEL,2021/1/6,292,713,607,662,2274
BEL,2021/1/7,258,525,536,476,1795
BEL,2021/1/8,305,606,524,489,1924
BEL,2021/1/9,204,474,371,245,1294
BEL,2021/1/10,103,290,244,169,806
BEL,2021/1/11,391,884,837,719,2831
BEL,2021/1/12,296,723,686,554,2259
BEL,2021/1/13,338,613,608,481,2040
BEL,2021/1/14,305,608,640,463,2016
BEL,2021/1/15,341,643,612,465,2061
BEL,2021/1/16,148,392,362,231,1133
BEL,2021/1/17,86,270,189,150,695
BEL,2021/1/18,410,858,861,792,2921
BEL,2021/1/19,424,707,671,525,2327
BEL,2021/1/20,496,702,658,546,2402
BEL,2021/1/21,481,682,658,428,2249
BEL,2021/1/22,664,695,654,497,2510
BEL,2021/1/23,303,390,396,258,1347
BEL,2021/1/24,158,240,222,173,793
BEL,2021/1/25,637,916,930,787,3270
BEL,2021/1/26,627,748,764,557,2696
BEL,2021/1/27,588,723,641,543,2495
BEL,2021/1/28,637,743,678,476,2534
BEL,2021/1/29,776,817,718,609,2920
BEL,2021/1/30,448,424,421,254,1547
BEL,2021/1/31,188,270,227,152,837
BEL,2021/2/1,656,974,918,744,3292
BEL,2021/2/2,591,799,704,504,2598
BEL,2021/2/3,533,685,666,457,2341
BEL,2021/2/4,566,686,634,462,2348
BEL,2021/2/5,647,650,617,487,2401
BEL,2021/2/6,331,386,332,201,1250
BEL,2021/2/7,142,191,180,77,590
BEL,2021/2/8,514,782,728,498,2522
BEL,2021/2/9,432,644,598,422,2096
BEL,2021/2/10,446,624,588,442,2100
BEL,2021/2/11,472,603,559,400,2034
BEL,2021/2/12,474,586,530,397,1987
BEL,2021/2/13,264,363,325,163,1115
BEL,2021/2/14,113,189,168,116,586
BEL,2021/2/15,452,834,828,598,2712
BEL,2021/2/16,393,771,723,468,2355
BEL,2021/2/17,418,839,787,472,2516
BEL,2021/2/18,504,788,785,456,2533
BEL,2021/2/19,669,760,836,534,2799
BEL,2021/2/20,377,448,488,233,1546
BEL,2021/2/21,165,211,257,166,799
BEL,2021/2/22,626,1034,1046,615,3321
BEL,2021/2/23,581,947,850,523,2901
BEL,2021/2/24,584,871,762,514,2731
BEL,2021/2/25,588,767,736,538,2629
BEL,2021/2/26,603,863,809,510,2785
BEL,2021/2/27,302,485,448,242,1477
BEL,2021/2/28,129,236,224,117,706
BEL,2021/3/1,622,977,1000,600,3199
BEL,2021/3/2,587,842,815,508,2752
BEL,2021/3/3,601,904,752,490,2747
BEL,2021/3/4,625,877,717,451,2670
BEL,2021/3/5,705,796,761,461,2723
BEL,2021/3/6,361,487,396,257,1501
BEL,2021/3/7,168,247,234,134,783
BEL,2021/3/8,732,1176,1126,630,3664
BEL,2021/3/9,820,1023,954,575,3372
BEL,2021/3/10,849,1047,977,506,3379
BEL,2021/3/11,952,1054,955,523,3484
BEL,2021/3/12,1117,1072,1018,525,3732
BEL,2021/3/13,561,667,645,292,2165
BEL,2021/3/14,378,403,404,194,1379
BEL,2021/3/15,1301,1581,1495,862,5239
BEL,2021/3/16,1183,1439,1277,683,4582
BEL,2021/3/17,1394,1470,1295,656,4815
BEL,2021/3/18,1450,1478,1342,746,5016
BEL,2021/3/19,1673,1405,1352,733,5163
BEL,2021/3/20,847,857,749,380,2833
BEL,2021/3/21,411,472,466,215,1564
BEL,2021/3/22,1600,1855,1864,951,6270
BEL,2021/3/23,1647,1811,1730,834,6022
BEL,2021/3/24,1525,1641,1545,832,5543
BEL,2021/3/25,1577,1724,1553,744,5598
BEL,2021/3/26,1681,1647,1564,814,5706
BEL,2021/3/27,777,942,876,452,3047
BEL,2021/3/28,442,520,485,237,1684
BEL,2021/3/29,1316,1829,1947,1041,6133
BEL,2021/3/30,1138,1605,1538,901,5182
BEL,2021/3/31,1005,1475,1414,817,4711
DNK,2020/3/12,29,208,330,48,615
DNK,2020/3/13,11,61,82,16,170
DNK,2020/3/14,0,0,0,0,0
DNK,2020/3/15,0,0,0,0,0
DNK,2020/3/16,5,14,48,46,113
DNK,2020/3/17,0,6,20,35,62
DNK,2020/3/18,0,13,25,47,84
DNK,2020/3/19,3,8,29,48,88
DNK,2020/3/20,0,13,35,46,94
DNK,2020/3/21,0,22,32,46,100
DNK,2020/3/22,0,11,22,36,69
DNK,2020/3/23,0,4,17,34,55
DNK,2020/3/24,2,15,41,69,127
DNK,2020/3/25,3,15,48,72,138
DNK,2020/3/26,0,21,38,77,136
DNK,2020/3/27,2,24,52,81,159
DNK,2020/3/28,1,31,76,83,191
DNK,2020/3/29,3,35,72,84,194
DNK,2020/3/30,5,25,59,71,160
DNK,2020/3/31,3,44,108,105,260
DNK,2020/4/1,2,61,125,89,277
DNK,2020/4/2,5,63,112,83,263
DNK,2020/4/3,12,67,127,111,317
DNK,2020/4/4,15,117,153,120,405
DNK,2020/4/5,13,90,108,81,292
DNK,2020/4/6,10,92,107,69,278
DNK,2020/4/7,16,93,125,97,331
DNK,2020/4/8,21,137,144,106,408
DNK,2020/4/9,26,62,95,66,249
DNK,2020/4/10,8,51,65,60,184
DNK,2020/4/11,18,63,57,39,177
DNK,2020/4/12,6,63,56,53,178
DNK,2020/4/13,9,55,55,25,144
DNK,2020/4/14,8,56,58,56,178
DNK,2020/4/15,8,54,73,50,185
DNK,2020/4/16,12,52,90,44,198
DNK,2020/4/17,11,59,62,62,194
DNK,2020/4/18,12,44,55,58,169
DNK,2020/4/19,12,46,46,38,142
DNK,2020/4/20,8,51,29,43,131
DNK,2020/4/21,12,60,63,45,180
DNK,2020/4/22,12,55,86,64,217
DNK,2020/4/23,14,45,52,50,161
DNK,2020/4/24,10,38,56,33,137
DNK,2020/4/25,23,60,66,86,235
DNK,2020/4/26,11,51,38,30,130
DNK,2020/4/27,14,38,35,36,123
DNK,2020/4/28,19,45,54,35,153
DNK,2020/4/29,19,52,41,45,157
DNK,2020/4/30,19,60,34,37,150
DNK,2020/5/1,19,61,38,35,153
DNK,2020/5/2,13,35,35,13,96
DNK,2020/5/3,6,34,40,36,116
DNK,2020/5/4,28,46,48,25,147
DNK,2020/5/5,28,50,49,24,201
DNK,2020/5/6,20,40,30,27,67
DNK,2020/5/7,19,38,54,34,145
DNK,2020/5/8,20,41,41,33,135
DNK,2020/5/9,11,33,32,25,101
DNK,2020/5/10,11,42,35,22,110
DNK,2020/5/11,19,21,30,14,84
DNK,2020/5/12,10,21,34,13,78
DNK,2020/5/13,15,26,27,8,76
DNK,2020/5/14,4,21,16,5,46
DNK,2020/5/15,13,22,24,19,78
DNK,2020/5/16,14,22,13,18,67
DNK,2020/5/17,6,32,14,17,69
DNK,2020/5/18,10,16,9,6,41
DNK,2020/5/19,12,28,17,19,76
DNK,2020/5/20,10,27,24,12,73
DNK,2020/5/21,0,0,0,0,0
DNK,2020/5/22,22,44,30,17,113
DNK,2020/5/23,0,0,0,0,0
DNK,2020/5/24,0,0,0,0,0
DNK,2020/5/25,17,54,56,30,157
DNK,2020/5/26,6,14,13,8,41
DNK,2020/5/27,11,17,14,10,52
DNK,2020/5/28,5,13,6,8,32
DNK,2020/5/29,12,25,16,28,81
DNK,2020/5/30,0,0,0,0,0
DNK,2020/5/31,0,0,0,0,0
DNK,2020/6/1,0,0,0,0,0
DNK,2020/6/2,19,44,40,38,141
DNK,2020/6/3,5,15,9,8,37
DNK,2020/6/4,7,9,16,8,40
DNK,2020/6/5,0,0,0,0,0
DNK,2020/6/6,0,0,0,0,0
DNK,2020/6/7,0,0,0,0,0
DNK,2020/6/8,22,54,44,31,151
DNK,2020/6/9,0,0,0,0,0
DNK,2020/6/10,15,19,13,7,54
DNK,2020/6/11,4,6,5,4,19
DNK,2020/6/12,11,24,17,12,64
DNK,2020/6/13,0,0,0,0,0
DNK,2020/6/14,0,0,0,0,0
DNK,2020/6/15,15,34,33,36,118
DNK,2020/6/16,5,10,9,9,33
DNK,2020/6/17,3,16,17,8,44
DNK,2020/6/18,10,11,20,9,50
DNK,2020/6/19,6,15,20,6,47
DNK,2020/6/20,0,0,0,0,0
DNK,2020/6/21,0,0,0,0,0
DNK,2020/6/22,21,43,48,24,136
DNK,2020/6/23,5,15,8,6,34
DNK,2020/6/24,16,11,14,13,54
DNK,2020/6/25,5,8,2,6,21
DNK,2020/6/26,0,10,9,20,39
DNK,2020/6/27,0,0,0,0,0
DNK,2020/6/28,0,0,0,0,0
DNK,2020/6/29,15,23,18,20,76
DNK,2020/6/30,2,8,3,4,17
DNK,2020/7/1,4,14,6,2,26
DNK,2020/7/2,2,6,6,7,21
DNK,2020/7/3,2,7,4,4,17
DNK,2020/7/4,0,0,0,0,0
DNK,2020/7/5,0,0,0,0,0
DNK,2020/7/6,11,16,14,5,46
DNK,2020/7/7,0,3,4,3,10
DNK,2020/7/8,0,3,7,2,12
DNK,2020/7/9,1,5,8,2,16
DNK,2020/7/10,1,13,10,6,30
DNK,2020/7/11,0,0,0,0,0
DNK,2020/7/12,0,0,0,0,0
DNK,2020/7/13,18,44,19,10,91
DNK,2020/7/14,7,6,9,2,24
DNK,2020/7/15,9,10,8,4,31
DNK,2020/7/16,5,7,13,7,32
DNK,2020/7/17,9,16,16,8,49
DNK,2020/7/18,0,0,0,0,0
DNK,2020/7/19,0,0,0,0,0
DNK,2020/7/20,17,31,24,17,89
DNK,2020/7/21,6,14,16,4,40
DNK,2020/7/22,14,15,12,7,48
DNK,2020/7/23,5,14,13,10,42
DNK,2020/7/24,13,14,11,8,46
DNK,2020/7/25,0,0,0,0,0
DNK,2020/7/26,0,0,0,0,0
DNK,2020/7/27,14,27,53,15,109
DNK,2020/7/28,8,6,8,8,30
DNK,2020/7/29,7,20,24,6,57
DNK,2020/7/30,3,50,24,14,91
DNK,2020/7/31,6,31,22,5,64
DNK,2020/8/1,0,0,0,0,0
DNK,2020/8/2,0,0,0,0,0
DNK,2020/8/3,30,80,71,26,207
DNK,2020/8/4,13,36,18,10,77
DNK,2020/8/5,23,41,40,8,112
DNK,2020/8/6,20,45,42,14,121
DNK,2020/8/7,29,52,36,19,136
DNK,2020/8/8,0,0,0,0,0
DNK,2020/8/9,0,0,0,0,0
DNK,2020/8/10,91,140,111,31,373
DNK,2020/8/11,38,61,31,14,144
DNK,2020/8/12,25,41,35,10,111
DNK,2020/8/13,41,53,39,11,144
DNK,2020/8/14,38,79,38,10,165
DNK,2020/8/15,0,0,0,0,0
DNK,2020/8/16,0,0,0,0,0
DNK,2020/8/17,100,142,89,30,361
DNK,2020/8/18,43,41,25,6,115
DNK,2020/8/19,29,29,20,7,85
DNK,2020/8/20,28,56,22,10,116
DNK,2020/8/21,16,29,14,12,71
DNK,2020/8/22,0,0,0,0,0
DNK,2020/8/23,0,0,0,0,0
DNK,2020/8/24,82,106,60,22,270
DNK,2020/8/25,24,41,10,8,83
DNK,2020/8/26,12,25,13,7,57
DNK,2020/8/27,12,48,20,10,90
DNK,2020/8/28,20,31,14,8,73
DNK,2020/8/29,0,0,0,0,0
DNK,2020/8/30,0,0,0,0,0
DNK,2020/8/31,50,115,86,34,285
DNK,2020/9/1,17,41,31,10,99
DNK,2020/9/2,17,44,29,21,111
DNK,2020/9/3,25,94,51,9,179
DNK,2020/9/4,28,80,40,25,173
DNK,2020/9/5,0,0,0,0,0
DNK,2020/9/6,0,0,0,0,0
DNK,2020/9/7,100,243,156,67,566
DNK,2020/9/8,57,94,68,24,243
DNK,2020/9/9,70,76,65,40,251
DNK,2020/9/10,74,117,82,44,317
DNK,2020/9/11,65,98,90,39,292
DNK,2020/9/12,0,0,0,0,0
DNK,2020/9/13,0,0,0,0,0
DNK,2020/9/14,231,335,308,147,1021
DNK,2020/9/15,68,107,104,55,334
DNK,2020/9/16,0,0,0,0,0
DNK,2020/9/17,155,316,241,110,822
DNK,2020/9/18,85,167,140,62,454
DNK,2020/9/19,0,0,0,0,0
DNK,2020/9/20,0,0,0,0,0
DNK,2020/9/21,302,546,426,202,1476
DNK,2020/9/22,104,169,143,60,476
DNK,2020/9/23,119,198,166,75,558
DNK,2020/9/24,140,189,151,79,559
DNK,2020/9/25,168,258,180,72,678
DNK,2020/9/26,0,0,0,0,0
DNK,2020/9/27,0,0,0,0,0
DNK,2020/9/28,378,530,384,186,1478
DNK,2020/9/29,100,140,105,47,392
DNK,2020/9/30,135,198,134,67,534
DNK,2020/10/1,109,120,128,41,398
DNK,2020/10/2,115,177,160,84,536
DNK,2020/10/3,0,0,0,0,0
DNK,2020/10/4,0,0,0,0,0
DNK,2020/10/5,300,361,334,130,1125
DNK,2020/10/6,76,97,106,43,322
DNK,2020/10/7,76,106,106,43,331
DNK,2020/10/8,112,154,117,63,446
DNK,2020/10/9,94,166,158,64,482
DNK,2020/10/10,0,0,0,0,0
DNK,2020/10/11,0,0,0,0,0
DNK,2020/10/12,276,358,354,185,1173
DNK,2020/10/13,71,92,72,55,290
DNK,2020/10/14,78,164,150,100,492
DNK,2020/10/15,83,153,121,73,430
DNK,2020/10/16,67,151,132,68,418
DNK,2020/10/17,0,0,0,0,0
DNK,2020/10/18,0,0,0,0,0
DNK,2020/10/19,313,494,395,201,1403
DNK,2020/10/20,129,181,166,53,529
DNK,2020/10/21,116,235,208,71,630
DNK,2020/10/22,170,261,217,112,760
DNK,2020/10/23,230,296,229,104,859
DNK,2020/10/24,0,0,0,0,0
DNK,2020/10/25,0,0,0,0,0
DNK,2020/10/26,655,995,782,358,2790
DNK,2020/10/27,193,259,210,83,745
DNK,2020/10/28,292,336,280,109,1017
DNK,2020/10/29,191,310,259,100,860
DNK,2020/10/30,306,403,341,141,1191
DNK,2020/10/31,0,0,0,0,0
DNK,2020/11/1,0,0,0,0,0
DNK,2020/11/2,745,1016,879,376,3016
DNK,2020/11/3,368,410,411,164,1353
DNK,2020/11/4,232,291,290,123,936
DNK,2020/11/5,306,372,390,155,1223
DNK,2020/11/6,389,478,386,174,1427
DNK,2020/11/7,0,0,0,0,0
DNK,2020/11/8,0,0,0,0,0
DNK,2020/11/9,689,867,792,364,2712
DNK,2020/11/10,280,371,283,132,1066
DNK,2020/11/11,236,309,314,135,994
DNK,2020/11/12,265,334,290,122,1011
DNK,2020/11/13,244,351,306,136,1037
DNK,2020/11/14,0,0,0,0,0
DNK,2020/11/15,0,0,0,0,0
DNK,2020/11/16,835,1086,977,433,3331
DNK,2020/11/17,298,405,373,144,1220
DNK,2020/11/18,355,349,362,191,1257
DNK,2020/11/19,331,439,369,158,1297
DNK,2020/11/20,287,445,358,167,1257
DNK,2020/11/21,0,0,0,0,0
DNK,2020/11/22,0,0,0,0,0
DNK,2020/11/23,818,1034,963,477,3292
DNK,2020/11/24,366,415,391,195,1367
DNK,2020/11/25,297,371,348,167,1183
DNK,2020/11/26,311,366,331,183,1191
DNK,2020/11/27,316,447,393,167,1323
DNK,2020/11/28,0,0,0,0,0
DNK,2020/11/29,0,0,0,0,0
DNK,2020/11/30,993,1211,1037,522,3763
DNK,2020/12/1,401,440,428,199,1468
DNK,2020/12/2,412,517,469,188,1586
DNK,2020/12/3,461,505,451,188,1605
DNK,2020/12/4,396,530,481,196,1603
DNK,2020/12/5,0,0,0,0,0
DNK,2020/12/6,0,0,0,0,0
DNK,2020/12/7,1599,1944,1635,728,5906
DNK,2020/12/8,601,682,616,251,2150
DNK,2020/12/9,637,861,723,337,2558
DNK,2020/12/10,831,1059,889,353,3132
DNK,2020/12/11,710,1131,856,378,3075
DNK,2020/12/12,0,0,0,0,0
DNK,2020/12/13,0,0,0,0,0
DNK,2020/12/14,2209,3405,2691,1226,9531
DNK,2020/12/15,728,1028,851,385,2992
DNK,2020/12/16,879,1230,1041,542,3692
DNK,2020/12/17,936,1362,1161,575,4034
DNK,2020/12/18,1068,1537,1256,647,4508
DNK,2020/12/19,0,0,0,0,0
DNK,2020/12/20,0,0,0,0,0
DNK,2020/12/21,2195,2958,2641,1517,9311
DNK,2020/12/22,625,786,763,369,2543
DNK,2020/12/23,727,962,996,612,3297
DNK,2020/12/24,651,873,864,481,2869
DNK,2020/12/25,0,0,0,0,0
DNK,2020/12/26,0,0,0,0,0
DNK,2020/12/27,0,0,0,0,0
DNK,2020/12/28,2157,2893,2776,1659,9485
DNK,2020/12/29,488,846,726,561,2621
DNK,2020/12/30,550,850,787,596,2783
DNK,2020/12/31,451,705,609,484,2249
DNK,2021/1/1,0,0,0,0,0
DNK,2021/1/2,739,1219,1155,949,4062
DNK,2021/1/3,0,0,0,0,0
DNK,2021/1/4,630,1028,884,704,3246
DNK,2021/1/5,365,697,556,374,1992
DNK,2021/1/6,432,733,591,460,2216
DNK,2021/1/7,352,602,531,357,1842
DNK,2021/1/8,323,504,427,406,1660
DNK,2021/1/9,0,0,0,0,0
DNK,2021/1/10,0,0,0,0,0
DNK,2021/1/11,840,1258,1210,920,4228
DNK,2021/1/12,198,307,327,244,1076
DNK,2021/1/13,217,386,433,322,1358
DNK,2021/1/14,0,0,0,0,0
DNK,2021/1/15,383,640,632,506,2161
DNK,2021/1/16,0,0,0,0,0
DNK,2021/1/17,0,0,0,0,0
DNK,2021/1/18,485,747,780,563,2575
DNK,2021/1/19,132,192,207,193,724
DNK,2021/1/20,154,256,270,206,886
DNK,2021/1/21,118,263,220,159,760
DNK,2021/1/22,128,234,223,188,773
DNK,2021/1/23,0,0,0,0,0
DNK,2021/1/24,0,0,0,0,0
DNK,2021/1/25,425,677,670,486,2258
DNK,2021/1/26,132,203,204,113,652
DNK,2021/1/27,104,174,178,136,592
DNK,2021/1/28,111,213,200,144,668
DNK,2021/1/29,115,141,115,85,456
DNK,2021/1/30,0,0,0,0,0
DNK,2021/1/31,0,0,0,0,0
DNK,2021/2/1,272,360,389,275,1296
DNK,2021/2/2,92,122,100,83,397
DNK,2021/2/3,74,145,111,95,425
DNK,2021/2/4,112,182,165,94,553
DNK,2021/2/5,82,133,132,91,438
DNK,2021/2/6,0,0,0,0,0
DNK,2021/2/7,0,0,0,0,0
DNK,2021/2/8,270,412,344,252,1278
DNK,2021/2/9,61,107,126,72,366
DNK,2021/2/10,83,147,144,96,470
DNK,2021/2/11,106,147,153,72,478
DNK,2021/2/12,115,131,118,64,428
DNK,2021/2/13,0,0,0,0,0
DNK,2021/2/14,0,0,0,0,0
DNK,2021/2/15,265,310,266,165,1006
DNK,2021/2/16,82,143,120,39,384
DNK,2021/2/17,114,129,119,52,414
DNK,2021/2/18,117,157,132,62,468
DNK,2021/2/19,162,177,145,68,552
DNK,2021/2/20,0,0,0,0,0
DNK,2021/2/21,0,0,0,0,0
DNK,2021/2/22,374,474,379,183,1410
DNK,2021/2/23,143,173,152,61,529
DNK,2021/2/24,116,195,144,68,523
DNK,2021/2/25,161,197,173,72,603
DNK,2021/2/26,149,169,135,77,530
DNK,2021/2/27,0,0,0,0,0
DNK,2021/2/28,0,0,0,0,0
DNK,2021/3/1,397,484,396,203,1480
DNK,2021/3/2,141,178,146,67,532
DNK,2021/3/3,144,199,152,79,574
DNK,2021/3/4,154,171,130,65,520
DNK,2021/3/5,166,212,155,81,614
DNK,2021/3/6,0,0,0,0,0
DNK,2021/3/7,0,0,0,0,0
DNK,2021/3/8,407,410,386,129,1332
DNK,2021/3/9,159,161,145,62,527
DNK,2021/3/10,350,732,609,316,2007
DNK,2021/3/11,224,274,240,124,862
DNK,2021/3/12,158,214,173,100,645
DNK,2021/3/13,0,0,0,0,0
DNK,2021/3/14,0,0,0,0,0
DNK,2021/3/15,501,569,502,194,1766
DNK,2021/3/16,203,280,203,85,771
DNK,2021/3/17,220,253,221,93,787
DNK,2021/3/18,258,255,198,75,786
DNK,2021/3/19,258,279,232,74,843
DNK,2021/3/20,0,0,0,0,0
DNK,2021/3/21,0,0,0,0,0
DNK,2021/3/22,583,678,553,205,2019
DNK,2021/3/23,203,250,215,86,754
DNK,2021/3/24,243,283,256,81,863
FRA,2020/5/13,41,214,219,417,891
FRA,2020/5/14,61,229,250,455,995
FRA,2020/5/15,57,265,243,472,1037
FRA,2020/5/16,23,64,71,134,292
FRA,2020/5/17,10,29,32,71,142
FRA,2020/5/18,84,234,235,566,1119
FRA,2020/5/19,65,236,265,489,1055
FRA,2020/5/20,86,247,302,422,1057
FRA,2020/5/21,20,43,36,95,194
FRA,2020/5/22,63,210,212,340,825
FRA,2020/5/23,35,64,60,107,266
FRA,2020/5/24,26,38,25,57,146
FRA,2020/5/25,62,178,170,299,709
FRA,2020/5/26,76,184,207,305,772
FRA,2020/5/27,68,164,199,296,727
FRA,2020/5/28,72,191,160,209,632
FRA,2020/5/29,70,152,147,208,577
FRA,2020/5/30,44,149,85,94,372
FRA,2020/5/31,31,87,35,36,189
FRA,2020/6/1,18,62,44,43,167
FRA,2020/6/2,66,179,187,290,722
FRA,2020/6/3,54,193,155,239,641
FRA,2020/6/4,50,189,176,202,617
FRA,2020/6/5,67,158,138,196,559
FRA,2020/6/6,32,92,79,90,293
FRA,2020/6/7,24,29,37,48,138
FRA,2020/6/8,64,172,153,172,561
FRA,2020/6/9,77,169,168,160,574
FRA,2020/6/10,64,177,143,178,562
FRA,2020/6/11,101,221,166,136,624
FRA,2020/6/12,116,187,160,149,612
FRA,2020/6/13,32,74,54,57,217
FRA,2020/6/14,17,44,28,44,133
FRA,2020/6/15,84,160,119,137,500
FRA,2020/6/16,74,197,146,147,564
FRA,2020/6/17,115,243,211,177,746
FRA,2020/6/18,109,199,155,114,577
FRA,2020/6/19,117,248,190,143,698
FRA,2020/6/20,58,120,106,67,351
FRA,2020/6/21,13,43,31,26,113
FRA,2020/6/22,97,206,162,137,602
FRA,2020/6/23,115,234,187,122,658
FRA,2020/6/24,103,267,183,118,671
FRA,2020/6/25,79,195,142,94,510
FRA,2020/6/26,89,211,157,121,578
FRA,2020/6/27,60,117,89,72,338
FRA,2020/6/28,42,70,57,45,214
FRA,2020/6/29,112,240,191,131,674
FRA,2020/6/30,109,265,192,142,708
FRA,2020/7/1,110,227,183,104,624
FRA,2020/7/2,104,214,160,108,586
FRA,2020/7/3,138,251,176,177,742
FRA,2020/7/4,60,123,96,72,351
FRA,2020/7/5,8,38,31,26,103
FRA,2020/7/6,137,217,187,140,681
FRA,2020/7/7,86,225,140,117,568
FRA,2020/7/8,124,257,214,114,709
FRA,2020/7/9,129,261,193,124,707
FRA,2020/7/10,168,306,236,145,855
FRA,2020/7/11,59,126,103,69,357
FRA,2020/7/12,20,31,33,34,118
FRA,2020/7/13,167,335,230,155,887
FRA,2020/7/14,29,67,52,38,186
FRA,2020/7/15,145,293,253,164,855
FRA,2020/7/16,151,391,270,162,974
FRA,2020/7/17,152,340,255,211,958
FRA,2020/7/18,83,170,112,79,444
FRA,2020/7/19,23,75,58,36,192
FRA,2020/7/20,160,400,263,210,1033
FRA,2020/7/21,177,430,279,211,1097
FRA,2020/7/22,193,475,311,197,1176
FRA,2020/7/23,186,477,284,203,1150
FRA,2020/7/24,212,503,341,224,1280
FRA,2020/7/25,96,273,156,102,627
FRA,2020/7/26,39,118,58,49,264
FRA,2020/7/27,222,608,362,234,1426
FRA,2020/7/28,195,627,320,218,1360
FRA,2020/7/29,223,648,370,232,1473
FRA,2020/7/30,256,737,333,227,1553
FRA,2020/7/31,290,770,377,205,1642
FRA,2020/8/1,132,351,188,122,793
FRA,2020/8/2,25,128,45,49,247
FRA,2020/8/3,341,978,435,267,2021
FRA,2020/8/4,284,964,467,295,2010
FRA,2020/8/5,261,990,446,267,1964
FRA,2020/8/6,315,1009,508,324,2156
FRA,2020/8/7,357,1102,536,313,2308
FRA,2020/8/8,147,450,235,177,1009
FRA,2020/8/9,65,182,95,102,444
FRA,2020/8/10,416,1397,688,355,2856
FRA,2020/8/11,402,1296,631,366,2695
FRA,2020/8/12,407,1454,680,356,2897
FRA,2020/8/13,534,1701,905,409,3549
FRA,2020/8/14,586,1857,948,494,3885
FRA,2020/8/15,90,375,167,138,770
FRA,2020/8/16,90,334,153,112,689
FRA,2020/8/17,693,2615,1168,560,5036
FRA,2020/8/18,608,2488,1134,519,4749
FRA,2020/8/19,630,2552,1140,543,4865
FRA,2020/8/20,777,2659,1140,562,5138
FRA,2020/8/21,788,2659,1140,538,5125
FRA,2020/8/22,325,1151,509,252,2237
FRA,2020/8/23,123,563,187,139,1012
FRA,2020/8/24,974,3564,1679,762,6979
FRA,2020/8/25,1042,3477,1541,766,6826
FRA,2020/8/26,939,3546,1456,752,6693
FRA,2020/8/27,1130,3953,1578,780,7441
FRA,2020/8/28,1228,3788,1722,900,7638
FRA,2020/8/29,482,1530,666,370,3048
FRA,2020/8/30,198,682,281,154,1315
FRA,2020/8/31,1559,4655,2157,1124,9495
FRA,2020/9/1,1457,4309,2075,1029,8870
FRA,2020/9/2,1488,4551,2020,1019,9078
FRA,2020/9/3,1513,4842,2276,1129,9760
FRA,2020/9/4,1825,4547,2403,1318,10093
FRA,2020/9/5,747,1728,998,582,4055
FRA,2020/9/6,254,634,331,254,1473
FRA,2020/9/7,2198,5341,3029,1690,12258
FRA,2020/9/8,2141,5207,2893,1427,11668
FRA,2020/9/9,2150,4923,2782,1476,11331
FRA,2020/9/10,2277,5181,2957,1646,12061
FRA,2020/9/11,2263,4547,2912,1565,11287
FRA,2020/9/12,831,1829,1118,723,4501
FRA,2020/9/13,255,655,351,308,1569
FRA,2020/9/14,2798,5995,3736,2213,14742
FRA,2020/9/15,2565,5629,3483,1848,13525
FRA,2020/9/16,2640,5659,3244,1910,13453
FRA,2020/9/17,2582,5845,3379,1943,13749
FRA,2020/9/18,2555,5651,3202,1888,13296
FRA,2020/9/19,970,2103,1359,790,5222
FRA,2020/9/20,269,811,415,312,1807
FRA,2020/9/21,2670,6547,3980,2446,15643
FRA,2020/9/22,2414,6000,3614,2183,14211
FRA,2020/9/23,2191,5646,3286,1871,12994
FRA,2020/9/24,2116,5403,3293,1921,12733
FRA,2020/9/25,2189,5099,3122,1869,12279
FRA,2020/9/26,873,1936,1233,766,4808
FRA,2020/9/27,217,527,335,311,1390
FRA,2020/9/28,2228,5535,3756,2204,13723
FRA,2020/9/29,1935,5391,3449,2021,12796
FRA,2020/9/30,2157,5547,3493,2148,13345
FRA,2020/10/1,2355,6053,4027,2204,14639
FRA,2020/10/2,2601,6434,4440,2730,16205
FRA,2020/10/3,1162,2818,1986,1263,7229
FRA,2020/10/4,258,765,525,437,1985
FRA,2020/10/5,3131,8365,6232,3719,21447
FRA,2020/10/6,2898,7694,5594,3479,19665
FRA,2020/10/7,3215,8133,5943,3434,20725
FRA,2020/10/8,3426,8778,6563,3776,22543
FRA,2020/10/9,3818,8967,6997,4301,24083
FRA,2020/10/10,1801,4108,3332,2089,11330
FRA,2020/10/11,437,1204,823,769,3233
FRA,2020/10/12,4757,11235,9455,6274,31721
FRA,2020/10/13,4160,10183,8563,5682,28588
FRA,2020/10/14,4546,10293,8572,5392,28803
FRA,2020/10/15,4608,11658,9435,6330,32031
FRA,2020/10/16,4771,12050,10013,6776,33610
FRA,2020/10/17,2160,5296,4574,3267,15297
FRA,2020/10/18,586,1629,1274,1218,4707
FRA,2020/10/19,5795,15717,13696,10085,45293
FRA,2020/10/20,5078,15729,13696,9844,44347
FRA,2020/10/21,5186,16675,14574,10319,46754
FRA,2020/10/22,5972,17910,15775,11461,51118
FRA,2020/10/23,6784,18927,16989,12670,55370
FRA,2020/10/24,3124,8754,7745,5531,25154
FRA,2020/10/25,820,2496,2070,1941,7327
FRA,2020/10/26,8173,22948,21409,16222,68752
FRA,2020/10/27,6919,20608,19514,14462,61503
FRA,2020/10/28,6768,18785,17588,13785,56926
FRA,2020/10/29,7400,17888,17289,13604,56181
FRA,2020/10/30,8786,17960,17941,13895,58582
FRA,2020/10/31,3899,8297,7899,6190,26285
FRA,2020/11/1,955,2062,1977,1990,6984
FRA,2020/11/2,10090,21501,21752,16759,70102
FRA,2020/11/3,8423,17432,17865,15348,59068
FRA,2020/11/4,7939,14481,14702,13007,50129
FRA,2020/11/5,7485,13494,13850,12098,46927
FRA,2020/11/6,7725,12346,12930,11989,44990
FRA,2020/11/7,3175,4873,5205,4694,17947
FRA,2020/11/8,566,1120,1084,1614,4384
FRA,2020/11/9,7537,12926,13990,13200,47653
FRA,2020/11/10,5711,9746,10758,11192,37407
FRA,2020/11/11,743,1479,1397,1768,5387
FRA,2020/11/12,6125,9525,10564,10311,36525
FRA,2020/11/13,5026,7527,7986,8395,28934
FRA,2020/11/14,1968,2939,3192,2907,11006
FRA,2020/11/15,377,705,657,973,2712
FRA,2020/11/16,4958,8079,8638,8672,30347
FRA,2020/11/17,3583,5731,6117,6249,21680
FRA,2020/11/18,3059,4494,4866,4936,17355
FRA,2020/11/19,2866,4388,4769,4814,16837
FRA,2020/11/20,2940,4272,4632,4402,16246
FRA,2020/11/21,1283,2093,2092,1782,7250
FRA,2020/11/22,241,478,483,640,1842
FRA,2020/11/23,2868,4723,5162,5008,17761
FRA,2020/11/24,2039,3506,3816,4385,13746
FRA,2020/11/25,2042,3404,3516,3679,12641
FRA,2020/11/26,1982,3469,3515,3569,12535
FRA,2020/11/27,2160,3353,3552,3393,12458
FRA,2020/11/28,1032,1652,1814,1581,6079
FRA,2020/11/29,165,457,374,612,1608
FRA,2020/11/30,2308,4374,4466,4722,15870
FRA,2020/12/1,1755,3365,3419,3858,12397
FRA,2020/12/2,1767,3226,3055,3502,11550
FRA,2020/12/3,1783,3435,3378,3445,12041
FRA,2020/12/4,1990,3498,3515,3560,12563
FRA,2020/12/5,1089,1894,1907,1693,6583
FRA,2020/12/6,181,458,407,708,1754
FRA,2020/12/7,2342,4818,4793,4788,16741
FRA,2020/12/8,1889,3796,3613,3953,13251
FRA,2020/12/9,1982,3668,3418,3667,12735
FRA,2020/12/10,1968,3900,3777,3920,13565
FRA,2020/12/11,2286,4091,3920,3794,14091
FRA,2020/12/12,1177,2342,2386,1944,7849
FRA,2020/12/13,210,566,520,752,2048
FRA,2020/12/14,2760,5676,5694,5564,19694
FRA,2020/12/15,2297,4648,4356,4637,15938
FRA,2020/12/16,2403,4514,4222,4254,15393
FRA,2020/12/17,2259,4816,4403,4399,15877
FRA,2020/12/18,2535,5131,4995,4831,17492
FRA,2020/12/19,1619,3195,3204,2661,10679
FRA,2020/12/20,478,1066,1081,1047,3672
FRA,2020/12/21,2775,6113,6268,6126,21282
FRA,2020/12/22,2352,5424,5185,5370,18331
FRA,2020/12/23,2269,5173,4811,4571,16824
FRA,2020/12/24,1806,4003,3811,3363,12983
FRA,2020/12/25,118,398,290,499,1305
FRA,2020/12/26,1305,3352,2835,2268,9760
FRA,2020/12/27,209,650,521,715,2095
FRA,2020/12/28,2739,6908,6515,5900,22062
FRA,2020/12/29,2497,5924,5237,5876,19534
FRA,2020/12/30,2750,5988,5276,5182,19196
FRA,2020/12/31,2221,4959,4308,4061,15549
FRA,2021/1/1,139,430,363,585,1517
FRA,2021/1/2,2148,4399,3913,2942,13402
FRA,2021/1/3,371,887,706,853,2817
FRA,2021/1/4,3988,9161,7799,6866,27814
FRA,2021/1/5,3297,6993,5904,5901,22095
FRA,2021/1/6,3193,6019,5196,5068,19476
FRA,2021/1/7,2927,5981,5014,4835,18757
FRA,2021/1/8,3173,6095,5232,4896,19396
FRA,2021/1/9,1817,3405,3198,2499,10919
FRA,2021/1/10,295,788,643,851,2577
FRA,2021/1/11,3784,7585,7486,7217,26072
FRA,2021/1/12,3111,5731,5691,5779,20312
FRA,2021/1/13,3310,5727,5529,5268,19834
FRA,2021/1/14,3054,5914,5564,5418,19950
FRA,2021/1/15,3756,6016,5955,5170,20897
FRA,2021/1/16,2189,3535,3410,2692,11826
FRA,2021/1/17,359,881,702,898,2840
FRA,2021/1/18,4732,8104,8524,7760,29120
FRA,2021/1/19,3780,6282,6516,6124,22702
FRA,2021/1/20,3978,6125,6078,5293,21474
FRA,2021/1/21,3713,6299,6160,5687,21859
FRA,2021/1/22,4427,6395,6427,5569,22818
FRA,2021/1/23,2399,3724,3769,2923,12815
FRA,2021/1/24,386,745,746,877,2754
FRA,2021/1/25,4994,8158,8636,8058,29846
FRA,2021/1/26,3867,6200,6200,5927,22194
FRA,2021/1/27,4051,6083,5698,5289,21121
FRA,2021/1/28,3834,6521,6154,5890,22399
FRA,2021/1/29,4444,6548,6417,5657,23066
FRA,2021/1/30,2304,3786,3829,2958,12877
FRA,2021/1/31,466,907,835,936,3144
FRA,2021/2/1,5038,8410,8809,7768,30025
FRA,2021/2/2,3943,6296,6530,5984,22753
FRA,2021/2/3,3901,5992,5847,4981,20721
FRA,2021/2/4,3617,6083,5806,5198,20704
FRA,2021/2/5,4266,6212,5893,5095,21466
FRA,2021/2/6,2363,3616,3521,2599,12099
FRA,2021/2/7,398,772,711,732,2613
FRA,2021/2/8,4352,7423,7565,6341,25681
FRA,2021/2/9,3571,5854,5671,4707,19803
FRA,2021/2/10,3655,5397,5028,4182,18262
FRA,2021/2/11,3337,5150,4838,4161,17486
FRA,2021/2/12,3711,5702,5064,4061,18538
FRA,2021/2/13,2206,3309,3062,2176,10753
FRA,2021/2/14,373,797,707,715,2592
FRA,2021/2/15,4271,7553,7381,5756,24961
FRA,2021/2/16,3426,6103,5714,4491,19734
FRA,2021/2/17,3529,6219,5693,4255,19696
FRA,2021/2/18,3708,6408,5994,4384,20494
FRA,2021/2/19,4217,6936,6406,4708,22267
FRA,2021/2/20,2429,3861,3751,2487,12528
FRA,2021/2/21,459,922,853,806,3040
FRA,2021/2/22,4871,8930,8942,6418,29161
FRA,2021/2/23,3701,6892,6594,4991,22178
FRA,2021/2/24,3840,6620,6012,4574,21046
FRA,2021/2/25,3869,6690,6152,4312,21023
FRA,2021/2/26,4309,6569,6296,4435,21609
FRA,2021/2/27,2524,3939,3710,2447,12620
FRA,2021/2/28,471,961,796,718,2946
FRA,2021/3/1,4968,8523,8174,5753,27418
FRA,2021/3/2,3858,6805,5985,4505,21153
FRA,2021/3/3,4093,6680,5788,3892,20453
FRA,2021/3/4,4053,6691,5758,3988,20490
FRA,2021/3/5,4629,6767,6171,4340,21907
FRA,2021/3/6,2807,4314,4026,2553,13700
FRA,2021/3/7,598,1018,869,668,3153
FRA,2021/3/8,5690,9248,8825,5570,29333
FRA,2021/3/9,4829,7280,6793,4730,23632
FRA,2021/3/10,4909,7760,6746,4386,23801
FRA,2021/3/11,5189,8154,6859,4423,24625
FRA,2021/3/12,6001,8321,7352,4772,26446
FRA,2021/3/13,3634,5374,5077,2944,17029
FRA,2021/3/14,762,1412,1240,830,4244
FRA,2021/3/15,7714,12347,11514,7205,38780
FRA,2021/3/16,6695,9897,8681,5482,30755
FRA,2021/3/17,6702,10049,8579,5104,30434
FRA,2021/3/18,7162,10012,8573,5451,31198
FRA,2021/3/19,8041,10234,9221,5704,33200
FRA,2021/3/20,4789,6331,6179,3432,20731
FRA,2021/3/21,971,1654,1410,975,5010
FRA,2021/3/22,10247,14400,14154,8144,46945
FRA,2021/3/23,8862,11793,11008,6424,38087
FRA,2021/3/24,8777,11740,10484,6133,37134
FRA,2021/3/25,9213,12008,10831,6173,38225
FRA,2021/3/26,10313,11985,11104,6557,39959
FRA,2021/3/27,5954,7866,7398,3939,25157
FRA,2021/3/28,1060,1578,1463,1023,5124
FRA,2021/3/29,12272,15978,15992,8886,53128
FRA,2021/3/30,10861,13360,12350,6996,43567
FRA,2021/3/31,9678,12328,11517,6106,39629
DEU,2020/2/1,0,1,0,0,1
DEU,2020/2/2,0,0,0,0,0
DEU,2020/2/3,0,1,0,0,1
DEU,2020/2/4,1,1,2,0,4
DEU,2020/2/5,0,1,1,0,2
DEU,2020/2/6,0,0,1,0,1
DEU,2020/2/7,0,0,1,0,1
DEU,2020/2/8,0,0,0,0,0
DEU,2020/2/9,0,0,0,0,0
DEU,2020/2/10,0,0,1,0,1
DEU,2020/2/11,1,0,1,0,2
DEU,2020/2/12,0,0,1,0,1
DEU,2020/2/13,0,0,0,0,0
DEU,2020/2/14,0,0,0,0,0
DEU,2020/2/15,1,0,0,0,1
DEU,2020/2/16,0,0,0,0,0
DEU,2020/2/17,0,2,0,0,2
DEU,2020/2/18,0,0,0,1,1
DEU,2020/2/19,1,0,0,0,1
DEU,2020/2/20,0,1,0,1,2
DEU,2020/2/21,0,0,0,0,0
DEU,2020/2/22,0,0,0,0,0
DEU,2020/2/23,0,0,0,0,0
DEU,2020/2/24,0,0,1,0,1
DEU,2020/2/25,0,2,1,0,3
DEU,2020/2/26,0,3,5,0,8
DEU,2020/2/27,1,11,8,4,24
DEU,2020/2/28,2,21,15,7,45
DEU,2020/2/29,1,8,13,1,23
DEU,2020/3/1,0,17,14,4,35
DEU,2020/3/2,0,16,17,10,43
DEU,2020/3/3,6,26,37,16,85
DEU,2020/3/4,3,56,79,19,157
DEU,2020/3/5,10,65,93,18,186
DEU,2020/3/6,8,35,104,39,186
DEU,2020/3/7,4,38,69,31,142
DEU,2020/3/8,7,24,65,10,106
DEU,2020/3/9,15,90,191,52,348
DEU,2020/3/10,23,151,307,114,595
DEU,2020/3/11,32,192,383,151,758
DEU,2020/3/12,17,214,600,159,990
DEU,2020/3/13,40,350,834,242,1466
DEU,2020/3/14,43,346,728,184,1301
DEU,2020/3/15,24,248,546,159,977
DEU,2020/3/16,49,522,1098,366,2035
DEU,2020/3/17,89,823,1602,519,3033
DEU,2020/3/18,89,979,1888,648,3604
DEU,2020/3/19,85,1098,2083,777,4043
DEU,2020/3/20,109,1106,1993,836,4044
DEU,2020/3/21,91,923,1559,782,3355
DEU,2020/3/22,52,588,1082,542,2264
DEU,2020/3/23,99,960,1753,915,3727
DEU,2020/3/24,130,1269,2243,1231,4873
DEU,2020/3/25,141,1395,2719,1417,5672
DEU,2020/3/26,144,1501,2647,1605,5897
DEU,2020/3/27,153,1459,2588,1771,5971
DEU,2020/3/28,138,1175,1938,1467,4718
DEU,2020/3/29,73,770,1310,920,3073
DEU,2020/3/30,84,968,1734,1337,4123
DEU,2020/3/31,180,1376,2504,1979,6039
DEU,2020/4/1,192,1435,2520,2108,6255
DEU,2020/4/2,166,1501,2634,2241,6542
DEU,2020/4/3,172,1391,2418,2201,6182
DEU,2020/4/4,129,961,1765,1485,4340
DEU,2020/4/5,66,576,993,897,2532
DEU,2020/4/6,96,847,1374,1342,3659
DEU,2020/4/7,166,1178,2090,1749,5183
DEU,2020/4/8,148,1176,2104,1843,5271
DEU,2020/4/9,117,1184,1908,1703,4912
DEU,2020/4/10,97,780,1272,1200,3349
DEU,2020/4/11,113,683,1045,1035,2876
DEU,2020/4/12,42,419,638,769,1868
DEU,2020/4/13,43,352,504,697,1596
DEU,2020/4/14,81,575,863,946,2465
DEU,2020/4/15,85,771,1246,1222,3324
DEU,2020/4/16,117,885,1349,1061,3412
DEU,2020/4/17,113,832,1113,986,3044
DEU,2020/4/18,79,549,751,728,2107
DEU,2020/4/19,37,328,473,536,1374
DEU,2020/4/20,57,396,610,648,1711
DEU,2020/4/21,98,568,760,757,2183
DEU,2020/4/22,97,680,898,813,2488
DEU,2020/4/23,99,525,720,746,2090
DEU,2020/4/24,95,563,637,607,1902
DEU,2020/4/25,55,328,437,451,1271
DEU,2020/4/26,28,193,238,239,698
DEU,2020/4/27,58,319,367,370,1114
DEU,2020/4/28,71,414,523,465,1473
DEU,2020/4/29,65,403,498,462,1428
DEU,2020/4/30,67,397,524,476,1464
DEU,2020/5/1,50,237,308,323,918
DEU,2020/5/2,53,182,208,179,622
DEU,2020/5/3,29,150,161,83,423
DEU,2020/5/4,46,219,245,217,727
DEU,2020/5/5,67,307,406,314,1094
DEU,2020/5/6,72,328,453,366,1219
DEU,2020/5/7,64,350,451,338,1203
DEU,2020/5/8,68,277,364,271,980
DEU,2020/5/9,33,194,259,191,677
DEU,2020/5/10,20,103,129,89,341
DEU,2020/5/11,47,218,257,167,689
DEU,2020/5/12,56,231,324,242,853
DEU,2020/5/13,61,248,352,253,914
DEU,2020/5/14,49,201,335,227,812
DEU,2020/5/15,54,227,250,203,734
DEU,2020/5/16,43,147,154,118,462
DEU,2020/5/17,39,118,110,49,316
DEU,2020/5/18,55,185,191,109,540
DEU,2020/5/19,51,215,271,193,730
DEU,2020/5/20,75,251,309,197,832
DEU,2020/5/21,44,133,147,94,418
DEU,2020/5/22,47,167,184,127,525
DEU,2020/5/23,23,98,114,102,337
DEU,2020/5/24,14,77,71,57,219
DEU,2020/5/25,35,120,148,108,411
DEU,2020/5/26,59,182,240,136,617
DEU,2020/5/27,49,225,234,145,653
DEU,2020/5/28,46,168,188,127,529
DEU,2020/5/29,51,125,168,101,445
DEU,2020/5/30,51,146,122,55,374
DEU,2020/5/31,28,66,47,37,178
DEU,2020/6/1,17,51,26,41,135
DEU,2020/6/2,44,105,90,68,307
DEU,2020/6/3,49,180,189,79,497
DEU,2020/6/4,83,189,181,77,530
DEU,2020/6/5,51,145,152,85,433
DEU,2020/6/6,37,99,95,54,285
DEU,2020/6/7,29,46,53,36,164
DEU,2020/6/8,47,107,96,45,295
DEU,2020/6/9,50,162,143,71,426
DEU,2020/6/10,72,180,184,82,518
DEU,2020/6/11,52,83,98,50,283
DEU,2020/6/12,53,120,109,71,353
DEU,2020/6/13,64,113,90,34,301
DEU,2020/6/14,16,65,57,34,172
DEU,2020/6/15,27,85,101,46,259
DEU,2020/6/16,76,180,192,70,518
DEU,2020/6/17,87,281,400,99,867
DEU,2020/6/18,101,262,323,79,765
DEU,2020/6/19,135,356,413,85,989
DEU,2020/6/20,68,213,233,57,571
DEU,2020/6/21,33,75,91,24,223
DEU,2020/6/22,64,137,200,45,446
DEU,2020/6/23,62,169,235,73,539
DEU,2020/6/24,59,180,209,62,510
DEU,2020/6/25,63,178,245,83,569
DEU,2020/6/26,92,209,204,68,573
DEU,2020/6/27,40,126,123,37,326
DEU,2020/6/28,43,66,78,13,200
DEU,2020/6/29,51,150,158,56,415
DEU,2020/6/30,61,171,156,70,458
DEU,2020/7/1,74,167,177,63,481
DEU,2020/7/2,50,183,188,50,471
DEU,2020/7/3,62,149,168,48,427
DEU,2020/7/4,42,104,99,49,294
DEU,2020/7/5,33,45,53,14,145
DEU,2020/7/6,63,107,115,37,322
DEU,2020/7/7,55,136,152,54,397
DEU,2020/7/8,68,150,167,66,451
DEU,2020/7/9,52,156,158,56,422
DEU,2020/7/10,62,173,142,49,426
DEU,2020/7/11,47,104,83,43,277
DEU,2020/7/12,18,51,45,18,132
DEU,2020/7/13,37,118,135,38,328
DEU,2020/7/14,71,180,169,50,470
DEU,2020/7/15,77,203,188,74,542
DEU,2020/7/16,78,200,204,77,559
DEU,2020/7/17,70,199,195,58,522
DEU,2020/7/18,60,152,174,53,439
DEU,2020/7/19,35,55,63,26,179
DEU,2020/7/20,56,186,158,51,451
DEU,2020/7/21,53,185,213,75,526
DEU,2020/7/22,91,245,287,79,702
DEU,2020/7/23,111,240,253,87,691
DEU,2020/7/24,116,300,306,83,805
DEU,2020/7/25,59,186,234,65,544
DEU,2020/7/26,18,74,99,21,212
DEU,2020/7/27,68,197,193,69,527
DEU,2020/7/28,106,258,297,92,753
DEU,2020/7/29,97,353,357,106,913
DEU,2020/7/30,119,329,324,93,865
DEU,2020/7/31,103,353,345,112,913
DEU,2020/8/1,74,219,217,52,562
DEU,2020/8/2,33,109,116,44,302
DEU,2020/8/3,98,301,303,87,789
DEU,2020/8/4,103,364,364,120,951
DEU,2020/8/5,147,469,386,105,1107
DEU,2020/8/6,168,448,425,129,1170
DEU,2020/8/7,161,397,365,79,1002
DEU,2020/8/8,109,301,232,67,709
DEU,2020/8/9,53,136,104,23,316
DEU,2020/8/10,161,449,402,90,1102
DEU,2020/8/11,180,514,407,89,1190
DEU,2020/8/12,271,655,491,128,1545
DEU,2020/8/13,230,681,498,94,1503
DEU,2020/8/14,193,628,445,108,1374
DEU,2020/8/15,132,319,236,72,759
DEU,2020/8/16,70,204,182,36,492
DEU,2020/8/17,211,729,504,94,1538
DEU,2020/8/18,204,728,494,102,1528
DEU,2020/8/19,216,870,556,110,1752
DEU,2020/8/20,192,781,531,116,1620
DEU,2020/8/21,216,758,580,103,1657
DEU,2020/8/22,116,428,306,69,919
DEU,2020/8/23,78,264,189,33,564
DEU,2020/8/24,184,678,469,96,1427
DEU,2020/8/25,178,706,471,133,1488
DEU,2020/8/26,201,789,519,112,1621
DEU,2020/8/27,168,737,519,121,1545
DEU,2020/8/28,159,687,447,98,1391
DEU,2020/8/29,107,396,274,56,833
DEU,2020/8/30,62,255,181,36,534
DEU,2020/8/31,119,599,383,75,1176
DEU,2020/9/1,130,665,428,99,1322
DEU,2020/9/2,137,702,471,102,1412
DEU,2020/9/3,175,733,477,130,1515
DEU,2020/9/4,195,693,497,109,1494
DEU,2020/9/5,134,470,402,100,1106
DEU,2020/9/6,88,252,192,47,579
DEU,2020/9/7,167,640,474,131,1412
DEU,2020/9/8,145,592,470,173,1380
DEU,2020/9/9,179,732,640,192,1743
DEU,2020/9/10,175,717,527,170,1589
DEU,2020/9/11,184,715,556,212,1667
DEU,2020/9/12,126,541,405,155,1227
DEU,2020/9/13,74,354,241,93,762
DEU,2020/9/14,141,634,551,162,1488
DEU,2020/9/15,162,880,669,288,1999
DEU,2020/9/16,220,897,784,277,2178
DEU,2020/9/17,240,999,823,298,2360
DEU,2020/9/18,202,950,738,276,2166
DEU,2020/9/19,136,584,475,197,1392
DEU,2020/9/20,64,288,247,89,688
DEU,2020/9/21,158,714,547,230,1649
DEU,2020/9/22,159,796,611,241,1807
DEU,2020/9/23,186,883,826,317,2212
DEU,2020/9/24,227,1016,811,332,2386
DEU,2020/9/25,255,918,881,273,2327
DEU,2020/9/26,190,695,633,266,1784
DEU,2020/9/27,98,341,318,115,872
DEU,2020/9/28,155,731,669,278,1833
DEU,2020/9/29,233,860,737,329,2159
DEU,2020/9/30,260,1084,1019,376,2739
DEU,2020/10/1,269,1176,1070,411,2926
DEU,2020/10/2,251,1165,1032,480,2928
DEU,2020/10/3,192,854,788,362,2196
DEU,2020/10/4,115,469,412,158,1154
DEU,2020/10/5,182,913,922,393,2410
DEU,2020/10/6,357,1379,1317,530,3583
DEU,2020/10/7,359,1667,1772,698,4496
DEU,2020/10/8,403,1777,1764,715,4659
DEU,2020/10/9,441,1946,1915,765,5067
DEU,2020/10/10,325,1365,1389,547,3626
DEU,2020/10/11,222,868,821,362,2273
DEU,2020/10/12,366,1596,1530,695,4187
DEU,2020/10/13,447,2001,2036,872,5356
DEU,2020/10/14,636,2658,2727,1221,7242
DEU,2020/10/15,660,2953,2971,1315,7899
DEU,2020/10/16,640,2981,2934,1408,7963
DEU,2020/10/17,438,2076,2168,982,5664
DEU,2020/10/18,324,1400,1329,621,3674
DEU,2020/10/19,587,2335,2436,1087,6445
DEU,2020/10/20,739,3249,3650,1783,9421
DEU,2020/10/21,972,4355,4899,2155,12381
DEU,2020/10/22,1057,4994,5271,2566,13888
DEU,2020/10/23,1114,5003,5382,2534,14033
DEU,2020/10/24,960,3911,4256,1956,11083
DEU,2020/10/25,594,2598,2784,1457,7433
DEU,2020/10/26,986,4157,4495,2381,12019
DEU,2020/10/27,1191,5417,6278,3039,15925
DEU,2020/10/28,1560,6326,7696,3639,19221
DEU,2020/10/29,1594,6678,7841,3707,19820
DEU,2020/10/30,1653,6662,7495,3592,19402
DEU,2020/10/31,1182,4647,5354,2787,13970
DEU,2020/11/1,933,3618,3960,2009,10520
DEU,2020/11/2,1255,5254,5736,2980,15225
DEU,2020/11/3,1555,6447,7585,3739,19326
DEU,2020/11/4,1645,6730,8503,4312,21190
DEU,2020/11/5,1823,7472,8534,4431,22260
DEU,2020/11/6,1862,7267,8279,4137,21545
DEU,2020/11/7,1501,5299,5998,3113,15911
DEU,2020/11/8,913,3294,3802,2080,10089
DEU,2020/11/9,1394,5442,5990,3118,15944
DEU,2020/11/10,1668,6303,7704,3924,19599
DEU,2020/11/11,1940,7367,8684,4689,22680
DEU,2020/11/12,2087,7510,9064,4811,23472
DEU,2020/11/13,1955,6780,8062,4495,21292
DEU,2020/11/14,1493,4858,5954,3497,15802
DEU,2020/11/15,862,2677,3341,1964,8844
DEU,2020/11/16,1297,4535,5496,3353,14681
DEU,2020/11/17,1626,6031,8096,4611,20364
DEU,2020/11/18,2129,7223,9191,5117,23660
DEU,2020/11/19,2183,7148,8953,5441,23725
DEU,2020/11/20,2097,6637,8620,4950,22304
DEU,2020/11/21,1425,4343,5644,3343,14755
DEU,2020/11/22,866,2501,3241,2193,8801
DEU,2020/11/23,1456,4371,5654,3577,15058
DEU,2020/11/24,1669,5597,7676,4456,19398
DEU,2020/11/25,2045,6414,8491,5063,22013
DEU,2020/11/26,1964,6400,8597,5770,22731
DEU,2020/11/27,1868,5526,7473,5276,20143
DEU,2020/11/28,1455,4079,5711,3685,14930
DEU,2020/11/29,885,2375,3183,2335,8778
DEU,2020/11/30,1141,3776,4766,3598,13281
DEU,2020/12/1,1615,5337,7415,4894,19261
DEU,2020/12/2,1977,6389,9064,5750,23180
DEU,2020/12/3,2048,6725,9069,6588,24430
DEU,2020/12/4,1881,6127,8235,5898,22141
DEU,2020/12/5,1497,4350,5894,3962,15703
DEU,2020/12/6,975,2792,3694,2754,10215
DEU,2020/12/7,1360,4350,6140,4542,16392
DEU,2020/12/8,1652,6082,9028,6050,22812
DEU,2020/12/9,2158,7530,10937,6980,27605
DEU,2020/12/10,2350,7947,11004,7707,29008
DEU,2020/12/11,2346,7327,10115,7460,27248
DEU,2020/12/12,1711,5411,7557,5935,20614
DEU,2020/12/13,1063,3239,4498,3688,12488
DEU,2020/12/14,1579,5070,6890,5459,18998
DEU,2020/12/15,2019,7010,10585,7282,26896
DEU,2020/12/16,2296,8337,12192,8528,31353
DEU,2020/12/17,2207,8398,12141,9193,31939
DEU,2020/12/18,2041,7860,11312,8464,29677
DEU,2020/12/19,1574,5392,8269,6485,21720
DEU,2020/12/20,977,3571,5144,4211,13903
DEU,2020/12/21,1334,5126,7494,6301,20255
DEU,2020/12/22,1757,7007,11386,8768,28918
DEU,2020/12/23,2011,8387,13280,10240,33918
DEU,2020/12/24,1355,5336,8176,6241,21108
DEU,2020/12/25,834,3305,4967,4037,13143
DEU,2020/12/26,657,2794,4270,3824,11545
DEU,2020/12/27,574,2408,3495,3324,9801
DEU,2020/12/28,737,3907,5943,5105,15692
DEU,2020/12/29,1310,6768,10758,8697,27533
DEU,2020/12/30,1472,7813,11825,9935,31045
DEU,2020/12/31,1039,5163,7265,6077,19544
DEU,2021/1/1,587,2650,3816,3189,10242
DEU,2021/1/2,471,2540,3475,3513,9999
DEU,2021/1/3,501,2297,3155,2868,8821
DEU,2021/1/4,699,3753,5410,4490,14352
DEU,2021/1/5,1363,7390,10700,7963,27416
DEU,2021/1/6,1379,7679,10680,8189,27927
DEU,2021/1/7,1288,7156,9572,8065,26081
DEU,2021/1/8,1365,6679,8675,7799,24518
DEU,2021/1/9,1006,4663,5945,5050,16664
DEU,2021/1/10,545,2327,2961,2634,8467
DEU,2021/1/11,710,3677,4839,4251,13477
DEU,2021/1/12,1140,5938,8719,6790,22587
DEU,2021/1/13,1302,6602,8983,7214,24101
DEU,2021/1/14,1148,5365,7186,6687,20386
DEU,2021/1/15,1092,4839,6561,5822,18314
DEU,2021/1/16,926,3454,4834,4209,13423
DEU,2021/1/17,450,1650,2281,2212,6593
DEU,2021/1/18,495,2354,3214,3099,9162
DEU,2021/1/19,957,4598,7167,5743,18465
DEU,2021/1/20,1112,4961,7478,5918,19469
DEU,2021/1/21,1108,4154,6155,5399,16816
DEU,2021/1/22,976,3799,5556,4698,15029
DEU,2021/1/23,820,2949,4158,3646,11573
DEU,2021/1/24,376,1240,1861,1536,5013
DEU,2021/1/25,341,1671,2373,2358,6743
DEU,2021/1/26,900,3859,6110,4644,15513
DEU,2021/1/27,964,3917,6027,4904,15812
DEU,2021/1/28,820,3430,5015,4095,13360
DEU,2021/1/29,881,3216,4594,3871,12562
DEU,2021/1/30,793,2634,3672,2849,9948
DEU,2021/1/31,366,1091,1523,1227,4207
DEU,2021/2/1,368,1491,2062,1940,5861
DEU,2021/2/2,835,3123,4892,3445,12295
DEU,2021/2/3,960,3450,5166,3839,13415
DEU,2021/2/4,856,2926,4352,3384,11518
DEU,2021/2/5,854,2614,3633,2917,10018
DEU,2021/2/6,705,2230,3126,2315,8376
DEU,2021/2/7,279,859,1124,831,3093
DEU,2021/2/8,266,1110,1498,1323,4197
DEU,2021/2/9,666,2483,3570,2371,9090
DEU,2021/2/10,777,2651,4066,2785,10279
DEU,2021/2/11,727,2494,3651,2497,9369
DEU,2021/2/12,751,2340,3211,2233,8535
DEU,2021/2/13,594,1466,2063,1463,5586
DEU,2021/2/14,369,1064,1388,937,3758
DEU,2021/2/15,330,1172,1607,1280,4389
DEU,2021/2/16,678,2453,3715,2382,9228
DEU,2021/2/17,776,2713,3951,2553,9993
DEU,2021/2/18,787,2627,3532,2262,9208
DEU,2021/2/19,793,2504,3364,2053,8714
DEU,2021/2/20,785,2247,2915,1821,7768
DEU,2021/2/21,339,868,1061,754,3022
DEU,2021/2/22,386,1145,1700,1171,4402
DEU,2021/2/23,861,2765,4190,2347,10163
DEU,2021/2/24,1031,3219,4446,2609,11305
DEU,2021/2/25,1041,2826,3833,2194,9894
DEU,2021/2/26,1072,2737,3607,2052,9468
DEU,2021/2/27,916,2209,2926,1607,7658
DEU,2021/2/28,471,1033,1261,686,3451
DEU,2021/3/1,531,1315,1750,1091,4687
DEU,2021/3/2,1208,3053,4489,2216,10966
DEU,2021/3/3,1308,3300,4449,2255,11312
DEU,2021/3/4,1247,2955,3950,1983,10135
DEU,2021/3/5,1422,2755,3675,1800,9652
DEU,2021/3/6,1167,2471,3177,1481,8296
DEU,2021/3/7,546,927,1254,633,3360
DEU,2021/3/8,606,1366,1857,1020,4849
DEU,2021/3/9,1398,3248,4706,2163,11515
DEU,2021/3/10,1697,4170,5618,2516,14001
DEU,2021/3/11,1805,3853,5138,2364,13160
DEU,2021/3/12,1729,3799,4847,2180,12555
DEU,2021/3/13,1529,3133,3983,1821,10466
DEU,2021/3/14,815,1454,1781,784,4834
DEU,2021/3/15,917,2012,2625,1295,6849
DEU,2021/3/16,2005,4539,6437,2802,15783
DEU,2021/3/17,2535,5477,7225,3115,18352
DEU,2021/3/18,2329,4987,6544,2863,16723
DEU,2021/3/19,2342,4658,5897,2797,15694
DEU,2021/3/20,1986,3946,4937,2345,13214
DEU,2021/3/21,902,1727,2232,1092,5953
DEU,2021/3/22,1416,2553,3378,1550,8897
DEU,2021/3/23,2673,5453,7892,3426,19444
DEU,2021/3/24,3280,6663,8985,3703,22631
DEU,2021/3/25,3281,6551,8405,3653,21890
DEU,2021/3/26,3112,5960,7666,3294,20032
DEU,2021/3/27,2575,4557,5984,2659,15775
DEU,2021/3/28,1146,2280,2858,1293,7577
DEU,2021/3/29,1529,3191,4298,1985,11003
DEU,2021/3/30,2459,5992,8354,3578,20383
DEU,2021/3/31,3052,7130,9657,4137,23976
ITA,2020/4/24,135,809,1812,3389,6140
ITA,2020/4/25,168,1393,2686,5172,9443
ITA,2020/4/26,96,437,740,1581,2849
ITA,2020/4/27,65,234,438,827,1321
ITA,2020/4/28,75,311,663,1333,2603
ITA,2020/4/29,44,226,436,894,1596
ITA,2020/4/30,91,407,635,1338,2453
ITA,2020/5/1,46,197,296,495,1097
ITA,2020/5/2,59,295,626,807,1785
ITA,2020/5/3,70,299,562,848,1773
ITA,2020/5/4,49,186,344,550,1129
ITA,2020/5/5,66,304,612,998,1966
ITA,2020/5/6,63,180,387,670,1317
ITA,2020/5/7,73,268,424,813,1573
ITA,2020/5/8,68,287,467,740,1568
ITA,2020/5/9,69,263,449,594,1419
ITA,2020/5/10,73,227,361,471,1128
ITA,2020/5/11,43,161,262,363,825
ITA,2020/5/12,26,110,135,165,358
ITA,2020/5/13,41,234,522,904,1765
ITA,2020/5/14,51,168,301,419,1137
ITA,2020/5/15,49,184,391,384,1162
ITA,2020/5/16,39,163,246,365,813
ITA,2020/5/17,45,188,285,385,904
ITA,2020/5/18,28,167,261,284,740
ITA,2020/5/19,26,112,184,224,546
ITA,2020/5/20,52,217,371,470,1110
ITA,2020/5/21,24,77,95,215,411
ITA,2020/5/22,24,173,286,320,803
ITA,2020/5/23,38,133,206,313,690
ITA,2020/5/24,44,159,249,302,753
ITA,2020/5/25,40,116,206,189,552
ITA,2020/5/26,30,82,142,146,400
ITA,2020/5/27,7,45,81,87,220
ITA,2020/5/28,32,137,227,308,704
ITA,2020/5/29,23,100,183,230,536
ITA,2020/5/30,34,121,196,214,565
ITA,2020/5/31,32,79,125,164,400
ITA,2020/6/1,26,89,133,127,375
ITA,2020/6/2,13,39,50,80,182
ITA,2020/6/3,28,60,110,133,331
ITA,2020/6/4,12,55,114,119,300
ITA,2020/6/5,12,45,49,72,178
ITA,2020/6/6,39,123,167,206,535
ITA,2020/6/7,18,53,64,73,208
ITA,2020/6/8,24,48,74,94,240
ITA,2020/6/9,15,60,86,87,248
ITA,2020/6/10,12,59,94,85,250
ITA,2020/6/11,15,60,67,86,228
ITA,2020/6/12,29,74,107,134,344
ITA,2020/6/13,14,39,53,66,167
ITA,2020/6/14,40,134,158,232,569
ITA,2020/6/15,24,68,103,116,311
ITA,2020/6/16,33,73,143,142,391
ITA,2020/6/17,6,41,47,92,186
ITA,2020/6/18,30,69,113,121,333
ITA,2020/6/19,26,63,89,122,300
ITA,2020/6/20,20,63,92,94,269
ITA,2020/6/21,23,66,67,76,232
ITA,2020/6/22,31,64,67,67,221
ITA,2020/6/23,23,29,9,21,94
ITA,2020/6/24,14,36,30,27,118
ITA,2020/6/25,0,0,0,0,0
ITA,2020/6/26,17,81,103,108,309
ITA,2020/6/27,23,70,92,78,258
ITA,2020/6/28,7,31,42,16,101
ITA,2020/6/29,22,63,66,77,228
ITA,2020/6/30,24,51,52,61,188
ITA,2020/7/1,6,43,45,28,122
ITA,2020/7/2,14,55,53,37,159
ITA,2020/7/3,29,62,55,70,216
ITA,2020/7/4,26,62,64,66,218
ITA,2020/7/5,26,65,67,52,210
ITA,2020/7/6,19,40,42,59,160
ITA,2020/7/7,33,93,99,61,286
ITA,2020/7/8,19,54,30,42,145
ITA,2020/7/9,25,61,56,50,192
ITA,2020/7/10,35,62,73,66,236
ITA,2020/7/11,28,102,100,93,323
ITA,2020/7/12,8,28,25,18,79
ITA,2020/7/13,41,72,90,68,271
ITA,2020/7/14,58,100,52,51,261
ITA,2020/7/15,17,33,29,41,120
ITA,2020/7/16,25,44,65,59,193
ITA,2020/7/17,30,117,80,36,263
ITA,2020/7/18,22,74,66,53,215
ITA,2020/7/19,25,60,34,27,146
ITA,2020/7/20,37,93,79,47,256
ITA,2020/7/21,31,73,65,27,196
ITA,2020/7/22,16,45,51,33,145
ITA,2020/7/23,34,75,101,65,275
ITA,2020/7/24,36,87,77,78,278
ITA,2020/7/25,34,114,95,77,320
ITA,2020/7/26,46,85,57,54,242
ITA,2020/7/27,42,67,41,37,187
ITA,2020/7/28,33,106,87,51,277
ITA,2020/7/29,20,50,61,43,174
ITA,2020/7/30,35,62,58,31,186
ITA,2020/7/31,59,234,0,0,293
ITA,2020/8/1,52,117,134,97,400
ITA,2020/8/2,45,101,83,33,262
ITA,2020/8/3,25,49,35,29,138
ITA,2020/8/4,0,0,0,0,0
ITA,2020/8/5,93,213,347,3303,3956
ITA,2020/8/6,72,139,92,72,375
ITA,2020/8/7,66,199,99,47,411
ITA,2020/8/8,91,159,109,84,443
ITA,2020/8/9,100,102,67,25,294
ITA,2020/8/10,79,117,69,36,301
ITA,2020/8/11,124,141,123,89,477
ITA,2020/8/12,105,140,100,59,404
ITA,2020/8/13,130,162,98,47,437
ITA,2020/8/14,140,249,141,93,623
ITA,2020/8/15,124,201,134,83,542
ITA,2020/8/16,65,123,74,33,295
ITA,2020/8/17,80,138,66,60,344
ITA,2020/8/18,124,279,150,111,664
ITA,2020/8/19,124,222,124,65,535
ITA,2020/8/20,156,296,166,98,716
ITA,2020/8/21,159,377,181,85,802
ITA,2020/8/22,124,359,150,66,699
ITA,2020/8/23,129,419,188,64,800
ITA,2020/8/24,132,442,226,108,908
ITA,2020/8/25,204,887,303,171,1565
ITA,2020/8/26,145,474,175,84,878
ITA,2020/8/27,229,676,357,191,1453
ITA,2020/8/28,222,593,280,150,1245
ITA,2020/8/29,237,646,307,186,1376
ITA,2020/8/30,138,394,276,143,951
ITA,2020/8/31,171,481,272,147,1071
ITA,2020/9/1,246,840,428,246,1760
ITA,2020/9/2,152,346,231,126,855
ITA,2020/9/3,138,508,325,168,1139
ITA,2020/9/4,229,656,556,237,1678
ITA,2020/9/5,206,698,538,270,1712
ITA,2020/9/6,219,473,395,189,1276
ITA,2020/9/7,157,345,278,164,944
ITA,2020/9/8,267,652,645,382,1946
ITA,2020/9/9,179,446,445,208,1278
ITA,2020/9/10,162,402,340,233,1137
ITA,2020/9/11,207,620,518,262,1607
ITA,2020/9/12,315,739,686,413,2153
ITA,2020/9/13,135,306,283,184,908
ITA,2020/9/14,139,285,262,161,847
ITA,2020/9/15,337,709,684,471,2201
ITA,2020/9/16,140,334,314,172,960
ITA,2020/9/17,243,498,488,328,1557
ITA,2020/9/18,344,847,857,522,2570
ITA,2020/9/19,99,149,187,81,516
ITA,2020/9/20,144,356,334,208,1042
ITA,2020/9/21,227,358,322,264,1171
ITA,2020/9/22,364,767,817,517,2465
ITA,2020/9/23,190,407,473,289,1359
ITA,2020/9/24,231,429,523,317,1500
ITA,2020/9/25,276,558,600,357,1791
ITA,2020/9/26,312,608,568,371,1859
ITA,2020/9/27,194,315,378,239,1126
ITA,2020/9/28,225,464,482,353,1524
ITA,2020/9/29,448,748,757,558,2511
ITA,2020/9/30,162,278,310,265,1015
ITA,2020/10/1,416,744,766,460,2386
ITA,2020/10/2,363,706,723,500,2292
ITA,2020/10/3,274,535,526,363,1698
ITA,2020/10/4,457,709,744,484,2394
ITA,2020/10/5,455,611,662,485,2213
ITA,2020/10/6,795,1356,1452,1101,4704
ITA,2020/10/7,430,699,731,548,2408
ITA,2020/10/8,664,1117,1210,867,3858
ITA,2020/10/9,511,685,831,524,2551
ITA,2020/10/10,995,1807,1837,1180,5819
ITA,2020/10/11,549,827,893,612,2881
ITA,2020/10/12,1202,1848,1925,1374,6349
ITA,2020/10/13,1419,2054,2300,1483,7256
ITA,2020/10/14,928,1436,1567,1070,5001
ITA,2020/10/15,1748,2913,3387,2174,10222
ITA,2020/10/16,1357,1867,2097,1463,6784
ITA,2020/10/17,1228,1675,1857,1226,5986
ITA,2020/10/18,1555,2353,2725,1710,8343
ITA,2020/10/19,2130,3726,3815,2343,12014
ITA,2020/10/20,2268,3489,4113,3040,12910
ITA,2020/10/21,1825,2656,3090,2218,9789
ITA,2020/10/22,2089,3461,4139,2720,12409
ITA,2020/10/23,2183,3331,3804,2461,11779
ITA,2020/10/24,3598,6773,7521,4905,22797
ITA,2020/10/25,1858,2984,3751,2790,11378
ITA,2020/10/26,4410,7800,8836,5454,26500
ITA,2020/10/27,3896,6486,7827,5624,23833
ITA,2020/10/28,1558,2427,3140,2083,9208
ITA,2020/10/29,3122,5238,6207,3991,18558
ITA,2020/10/30,4384,7568,9885,6544,28381
ITA,2020/10/31,5422,9945,12440,8121,35928
ITA,2020/11/1,243,428,600,417,1688
ITA,2020/11/2,6032,11546,14170,9220,40968
ITA,2020/11/3,7603,12466,16804,11501,48373
ITA,2020/11/4,2946,5476,7028,4734,20184
ITA,2020/11/5,4790,8459,11576,8274,33099
ITA,2020/11/6,4304,9123,12088,8335,33850
ITA,2020/11/7,5038,9380,12949,8644,36011
ITA,2020/11/8,3062,6663,9060,6280,25065
ITA,2020/11/9,2664,5584,7898,5771,21917
ITA,2020/11/10,6650,13094,18230,13463,51437
ITA,2020/11/11,4578,9416,13333,9640,36967
ITA,2020/11/12,2501,5265,7568,5810,21144
ITA,2020/11/13,4748,9426,14211,10135,38520
ITA,2020/11/14,3661,8132,10972,8116,30881
ITA,2020/11/15,4725,10373,14880,11762,41740
ITA,2020/11/16,3991,8424,12569,10076,35060
ITA,2020/11/17,4486,9200,13149,9795,36630
ITA,2020/11/18,5735,11301,16881,13495,47412
ITA,2020/11/19,2866,6311,9077,7522,25776
ITA,2020/11/20,2809,6024,9189,7104,25126
ITA,2020/11/21,4117,10223,15620,12991,42951
ITA,2020/11/22,3447,7267,10159,8056,28929
ITA,2020/11/23,2624,5789,8654,7183,24250
ITA,2020/11/24,4181,8595,11915,10107,34798
ITA,2020/11/25,4887,9741,14424,12285,41338
ITA,2020/11/26,2058,4418,6792,5812,19080
ITA,2020/11/27,3654,7112,9932,8260,28958
ITA,2020/11/28,2116,4570,7017,6397,20100
ITA,2020/11/29,2821,5695,7958,6726,23200
ITA,2020/11/30,1801,3444,5256,4641,15142
ITA,2020/12/1,4408,7851,11804,9955,34018
ITA,2020/12/2,3727,6563,9880,9062,29232
ITA,2020/12/3,1244,2303,3241,2992,9780
ITA,2020/12/4,2099,4041,6054,5464,17658
ITA,2020/12/5,3251,6032,8487,7331,25101
ITA,2020/12/6,1853,3538,5252,5182,15825
ITA,2020/12/7,2698,4749,6557,5486,19490
ITA,2020/12/8,3268,5870,8630,7360,25133
ITA,2020/12/9,2116,3865,5841,5642,17464
ITA,2020/12/10,1270,2055,3064,2708,9097
ITA,2020/12/11,2483,4411,6582,6398,19874
ITA,2020/12/12,1000,2086,3186,2714,8986
ITA,2020/12/13,2046,3910,5594,5094,16644
ITA,2020/12/14,2266,3916,5606,4787,16575
ITA,2020/12/15,1282,2586,3746,3618,11232
ITA,2020/12/16,3783,6893,10008,8837,29521
ITA,2020/12/17,1263,2079,3294,3036,9672
ITA,2020/12/18,2256,4372,6042,5178,17848
ITA,2020/12/19,2096,4082,5734,5124,17036
ITA,2020/12/20,1590,3009,4096,3690,12385
ITA,2020/12/21,3516,6787,9527,8891,28721
ITA,2020/12/22,1809,2922,3780,2209,10720
ITA,2020/12/23,1888,3365,4784,3995,14032
ITA,2020/12/24,1009,2487,3587,4048,11131
ITA,2020/12/25,1300,2445,3394,2932,10071
ITA,2020/12/26,1774,3426,4824,4142,14166
ITA,2020/12/27,988,1715,2315,2222,7240
ITA,2020/12/28,1780,3143,4413,3956,13292
ITA,2020/12/29,2049,3955,5858,5118,16980
ITA,2020/12/30,1124,2258,2994,2841,9217
ITA,2020/12/31,1787,3604,4741,4091,14223
ITA,2021/1/1,2236,5049,6531,5635,19451
ITA,2021/1/2,1506,2829,3640,3239,11214
ITA,2021/1/3,2138,3920,5207,4581,15846
ITA,2021/1/4,2342,4561,6324,5460,18687
ITA,2021/1/5,2809,5214,7151,6018,21192
ITA,2021/1/6,1605,3614,5136,4806,15161
ITA,2021/1/7,2566,5210,6664,5899,20339
ITA,2021/1/8,1908,3812,4773,4206,14699
ITA,2021/1/9,2240,4015,5323,4572,16150
ITA,2021/1/10,1701,3074,3669,3131,11575
ITA,2021/1/11,2756,4873,6267,5603,19499
ITA,2021/1/12,2457,4294,5740,4917,17408
ITA,2021/1/13,2773,5523,7108,6446,21850
ITA,2021/1/14,1344,2613,3301,3041,10299
ITA,2021/1/15,1623,2610,3612,3021,10866
ITA,2021/1/16,2343,3812,5173,4777,16105
ITA,2021/1/17,1437,2258,2965,2688,9348
ITA,2021/1/18,0,0,0,0,0
ITA,2021/1/19,5646,9476,13022,12138,40282
ITA,2021/1/20,0,0,0,0,0
ITA,2021/1/21,3751,5962,8111,7041,24865
ITA,2021/1/22,1849,2782,3882,3249,11762
ITA,2021/1/23,1581,2377,3373,3142,10473
ITA,2021/1/24,2675,3972,5529,4823,16999
ITA,2021/1/25,1955,2908,3991,3407,12261
ITA,2021/1/26,1069,1522,2264,2110,6965
ITA,2021/1/27,3425,4491,6665,5790,20371
ITA,2021/1/28,1375,1775,2553,2020,7723
ITA,2021/1/29,2069,2826,4105,3413,12413
ITA,2021/1/30,2780,3844,5380,4509,16513
ITA,2021/1/31,1409,1882,2512,2031,7834
ITA,2021/2/1,2485,3307,4609,3849,14250
ITA,2021/2/2,1364,1805,2428,2003,7600
ITA,2021/2/3,2924,3500,5115,4246,15785
ITA,2021/2/4,1890,2519,3408,2799,10616
ITA,2021/2/5,1534,2060,2960,2312,8866
ITA,2021/2/6,1670,2125,3014,2320,9129
ITA,2021/2/7,2728,3360,4576,3598,14262
ITA,2021/2/8,2501,2845,3968,3324,12638
ITA,2021/2/9,2214,2882,4000,3085,12181
ITA,2021/2/10,2960,3547,5337,4081,15925
ITA,2021/2/11,2117,2645,3777,2695,11234
ITA,2021/2/12,2330,2983,4349,3343,13005
ITA,2021/2/13,2566,3045,4264,3127,13002
ITA,2021/2/14,2030,2534,3519,2631,10714
ITA,2021/2/15,2354,2847,3827,2832,11860
ITA,2021/2/16,2420,2923,4081,3113,12537
ITA,2021/2/17,2129,2638,3598,2766,11131
ITA,2021/2/18,2781,3813,5052,3451,15097
ITA,2021/2/19,2439,3068,4079,2833,12419
ITA,2021/2/20,1949,2362,3203,2126,9640
ITA,2021/2/21,2686,3274,4227,3202,13389
ITA,2021/2/22,2830,3536,4812,3706,14884
ITA,2021/2/23,3009,4086,5683,4367,17145
ITA,2021/2/24,2111,2690,3562,2485,10848
ITA,2021/2/25,2963,3904,5310,3613,15790
ITA,2021/2/26,3367,4493,6070,4287,18217
ITA,2021/2/27,2789,4058,5434,3834,16115
ITA,2021/2/28,2661,3559,4459,3120,13799
ITA,2021/3/1,4014,5119,6830,4950,20913
ITA,2021/3/2,3816,4849,6575,4616,19856
ITA,2021/3/3,3331,4473,6132,4833,18769
ITA,2021/3/4,2930,4079,5479,3669,16157
ITA,2021/3/5,4563,6235,8460,6020,25278
ITA,2021/3/6,4765,6712,9082,6282,26841
ITA,2021/3/7,2535,3434,4491,3394,13854
ITA,2021/3/8,3645,4313,6120,3991,18069
ITA,2021/3/9,2781,3979,5547,3997,16304
ITA,2021/3/10,4914,6817,9299,6887,27917
ITA,2021/3/11,1288,1682,2391,1538,6899
ITA,2021/3/12,6012,8624,11515,8138,34289
ITA,2021/3/13,4216,6251,8794,6491,25752
ITA,2021/3/14,3403,4608,6504,4604,19119
ITA,2021/3/15,5449,6974,9656,6926,29005
ITA,2021/3/16,2680,3778,5504,3801,15763
ITA,2021/3/17,4380,6184,8849,6565,25978
ITA,2021/3/18,3337,4844,6503,4747,19431
ITA,2021/3/19,1741,2265,3144,2094,9244
ITA,2021/3/20,5115,7878,11480,8589,33062
ITA,2021/3/21,3405,4807,6716,4892,19820
ITA,2021/3/22,2717,3594,4834,3511,14656
ITA,2021/3/23,4564,6382,8975,6472,26393
ITA,2021/3/24,4010,6076,8586,6662,25334
ITA,2021/3/25,2510,3682,5182,3666,15040
ITA,2021/3/26,3127,4646,6340,4616,18729
ITA,2021/3/27,2830,4270,6177,4484,17761
ITA,2021/3/28,2832,4372,6481,5196,18881
ITA,2021/3/29,3743,5174,6605,4965,20487
ITA,2021/3/30,2771,4318,6262,4877,18228
ITA,2021/3/31,5526,8140,11536,8597,33799
NLD,2020/2/1,0,0,1,2,3
NLD,2020/2/2,0,0,0,0,0
NLD,2020/2/3,0,0,1,1,2
NLD,2020/2/4,0,0,0,0,0
NLD,2020/2/5,0,0,0,0,0
NLD,2020/2/6,0,1,0,1,2
NLD,2020/2/7,0,0,0,2,2
NLD,2020/2/8,0,0,0,0,0
NLD,2020/2/9,0,0,0,0,0
NLD,2020/2/10,0,0,1,4,5
NLD,2020/2/11,0,0,0,1,1
NLD,2020/2/12,0,0,2,0,2
NLD,2020/2/13,0,0,0,1,1
NLD,2020/2/14,0,0,3,1,4
NLD,2020/2/15,0,0,0,2,2
NLD,2020/2/16,0,0,2,1,3
NLD,2020/2/17,0,0,0,3,3
NLD,2020/2/18,0,0,0,1,1
NLD,2020/2/19,0,1,0,4,5
NLD,2020/2/20,0,0,4,5,9
NLD,2020/2/21,0,1,6,2,9
NLD,2020/2/22,1,2,1,1,5
NLD,2020/2/23,0,1,2,7,10
NLD,2020/2/24,1,4,9,8,22
NLD,2020/2/25,2,2,9,11,24
NLD,2020/2/26,0,6,14,14,34
NLD,2020/2/27,3,15,24,23,65
NLD,2020/2/28,4,9,33,24,70
NLD,2020/2/29,4,13,29,19,65
NLD,2020/3/1,9,14,63,48,134
NLD,2020/3/2,6,17,58,63,144
NLD,2020/3/3,4,27,51,46,128
NLD,2020/3/4,8,23,43,66,140
NLD,2020/3/5,4,14,70,78,166
NLD,2020/3/6,4,22,79,97,202
NLD,2020/3/7,3,39,81,115,238
NLD,2020/3/8,1,51,83,104,239
NLD,2020/3/9,7,82,137,223,449
NLD,2020/3/10,4,67,133,215,419
NLD,2020/3/11,4,86,150,286,526
NLD,2020/3/12,4,99,173,301,577
NLD,2020/3/13,3,115,206,354,678
NLD,2020/3/14,8,111,213,362,694
NLD,2020/3/15,7,122,220,409,758
NLD,2020/3/16,6,153,296,601,1056
NLD,2020/3/17,3,116,234,471,824
NLD,2020/3/18,5,101,274,485,865
NLD,2020/3/19,7,109,235,471,822
NLD,2020/3/20,6,146,285,561,998
NLD,2020/3/21,7,121,244,501,873
NLD,2020/3/22,3,98,234,413,748
NLD,2020/3/23,7,151,337,703,1198
NLD,2020/3/24,11,133,259,564,967
NLD,2020/3/25,12,153,274,591,1030
NLD,2020/3/26,6,146,227,571,950
NLD,2020/3/27,12,178,304,579,1073
NLD,2020/3/28,18,153,260,433,864
NLD,2020/3/29,5,143,231,420,799
NLD,2020/3/30,20,185,341,572,1118
NLD,2020/3/31,14,137,279,424,854
NLD,2020/4/1,17,215,337,550,1119
NLD,2020/4/2,7,182,344,491,1024
NLD,2020/4/3,13,209,330,499,1051
NLD,2020/4/4,18,193,321,464,996
NLD,2020/4/5,16,157,241,374,788
NLD,2020/4/6,15,228,365,543,1151
NLD,2020/4/7,9,209,293,484,995
NLD,2020/4/8,12,205,303,514,1034
NLD,2020/4/9,11,175,268,431,885
NLD,2020/4/10,18,194,310,490,1012
NLD,2020/4/11,11,199,280,343,833
NLD,2020/4/12,14,140,219,360,733
NLD,2020/4/13,12,206,245,315,778
NLD,2020/4/14,14,138,210,391,753
NLD,2020/4/15,13,155,223,353,744
NLD,2020/4/16,9,131,208,362,710
NLD,2020/4/17,19,144,220,316,699
NLD,2020/4/18,12,134,194,264,604
NLD,2020/4/19,16,98,128,221,463
NLD,2020/4/20,9,130,196,316,651
NLD,2020/4/21,7,105,126,236,474
NLD,2020/4/22,9,83,118,242,452
NLD,2020/4/23,7,83,118,202,410
NLD,2020/4/24,11,88,111,195,405
NLD,2020/4/25,7,81,98,185,371
NLD,2020/4/26,6,71,94,128,299
NLD,2020/4/27,4,75,104,146,329
NLD,2020/4/28,13,72,91,158,334
NLD,2020/4/29,7,49,87,172,315
NLD,2020/4/30,8,47,83,140,278
NLD,2020/5/1,2,82,100,151,335
NLD,2020/5/2,6,54,61,118,239
NLD,2020/5/3,4,48,63,94,209
NLD,2020/5/4,10,53,80,124,267
NLD,2020/5/5,9,34,69,93,205
NLD,2020/5/6,6,49,53,108,216
NLD,2020/5/7,4,48,54,105,211
NLD,2020/5/8,8,46,47,100,201
NLD,2020/5/9,3,54,55,81,193
NLD,2020/5/10,8,45,39,61,153
NLD,2020/5/11,8,47,66,110,231
NLD,2020/5/12,5,32,49,99,185
NLD,2020/5/13,14,38,45,79,176
NLD,2020/5/14,6,32,42,63,143
NLD,2020/5/15,6,42,52,71,171
NLD,2020/5/16,9,38,44,46,137
NLD,2020/5/17,5,43,47,67,162
NLD,2020/5/18,7,57,65,59,188
NLD,2020/5/19,11,73,55,56,195
NLD,2020/5/20,11,58,47,65,181
NLD,2020/5/21,15,66,51,67,199
NLD,2020/5/22,11,70,60,60,201
NLD,2020/5/23,11,67,64,42,184
NLD,2020/5/24,5,44,43,30,122
NLD,2020/5/25,16,56,69,57,198
NLD,2020/5/26,11,56,36,40,143
NLD,2020/5/27,20,61,48,36,165
NLD,2020/5/28,16,52,42,30,140
NLD,2020/5/29,13,49,55,25,142
NLD,2020/5/30,13,47,56,51,167
NLD,2020/5/31,8,41,49,27,125
NLD,2020/6/1,18,61,53,33,165
NLD,2020/6/2,16,43,51,28,138
NLD,2020/6/3,13,53,55,28,149
NLD,2020/6/4,12,54,41,49,156
NLD,2020/6/5,17,57,53,40,167
NLD,2020/6/6,20,46,56,39,161
NLD,2020/6/7,7,38,41,16,102
NLD,2020/6/8,15,62,43,25,145
NLD,2020/6/9,16,54,34,30,134
NLD,2020/6/10,20,62,51,26,159
NLD,2020/6/11,23,43,43,25,134
NLD,2020/6/12,16,45,54,24,139
NLD,2020/6/13,12,46,37,18,113
NLD,2020/6/14,18,45,24,18,105
NLD,2020/6/15,13,45,47,11,116
NLD,2020/6/16,6,32,30,15,83
NLD,2020/6/17,10,38,28,15,91
NLD,2020/6/18,15,24,17,11,67
NLD,2020/6/19,9,27,21,15,72
NLD,2020/6/20,14,36,21,7,78
NLD,2020/6/21,7,23,19,7,56
NLD,2020/6/22,9,34,20,18,81
NLD,2020/6/23,8,27,25,13,73
NLD,2020/6/24,9,36,30,17,92
NLD,2020/6/25,9,32,26,6,73
NLD,2020/6/26,8,23,22,10,63
NLD,2020/6/27,8,35,25,9,77
NLD,2020/6/28,6,28,18,5,57
NLD,2020/6/29,12,22,24,17,75
NLD,2020/6/30,6,29,19,8,62
NLD,2020/7/1,14,30,19,11,74
NLD,2020/7/2,9,27,18,10,64
NLD,2020/7/3,6,27,12,7,52
NLD,2020/7/4,7,15,20,10,52
NLD,2020/7/5,8,15,19,10,52
NLD,2020/7/6,13,40,36,9,98
NLD,2020/7/7,12,32,28,9,81
NLD,2020/7/8,14,49,29,11,103
NLD,2020/7/9,17,34,41,6,98
NLD,2020/7/10,18,45,41,13,117
NLD,2020/7/11,18,50,35,27,130
NLD,2020/7/12,16,41,44,19,120
NLD,2020/7/13,24,65,57,29,175
NLD,2020/7/14,18,79,49,24,170
NLD,2020/7/15,23,100,57,31,211
NLD,2020/7/16,19,58,41,26,144
NLD,2020/7/17,29,55,67,36,187
NLD,2020/7/18,22,68,52,31,173
NLD,2020/7/19,19,80,56,31,186
NLD,2020/7/20,25,101,83,35,244
NLD,2020/7/21,16,115,68,31,230
NLD,2020/7/22,38,130,92,29,289
NLD,2020/7/23,19,99,63,38,219
NLD,2020/7/24,29,103,74,33,239
NLD,2020/7/25,30,135,98,59,322
NLD,2020/7/26,38,132,86,37,293
NLD,2020/7/27,55,216,127,57,455
NLD,2020/7/28,47,172,115,62,396
NLD,2020/7/29,47,217,122,61,447
NLD,2020/7/30,40,197,130,50,417
NLD,2020/7/31,43,210,151,69,473
NLD,2020/8/1,57,232,145,58,492
NLD,2020/8/2,54,246,147,60,507
NLD,2020/8/3,85,356,153,73,667
NLD,2020/8/4,65,301,151,72,589
NLD,2020/8/5,74,320,164,60,618
NLD,2020/8/6,66,265,163,72,566
NLD,2020/8/7,72,286,195,73,626
NLD,2020/8/8,64,245,154,62,525
NLD,2020/8/9,81,235,139,64,519
NLD,2020/8/10,64,308,161,87,620
NLD,2020/8/11,62,288,139,74,563
NLD,2020/8/12,89,302,148,59,598
NLD,2020/8/13,72,261,134,78,545
NLD,2020/8/14,75,258,131,64,528
NLD,2020/8/15,72,245,135,53,505
NLD,2020/8/16,46,227,125,46,444
NLD,2020/8/17,65,229,136,76,506
NLD,2020/8/18,72,250,127,45,494
NLD,2020/8/19,71,269,106,60,506
NLD,2020/8/20,54,241,141,44,480
NLD,2020/8/21,67,221,129,51,468
NLD,2020/8/22,75,276,136,51,538
NLD,2020/8/23,70,262,115,63,510
NLD,2020/8/24,71,295,153,58,577
NLD,2020/8/25,88,312,132,69,601
NLD,2020/8/26,76,320,145,77,618
NLD,2020/8/27,77,293,134,58,562
NLD,2020/8/28,77,305,153,62,597
NLD,2020/8/29,91,290,142,64,587
NLD,2020/8/30,100,292,150,53,595
NLD,2020/8/31,121,479,238,82,920
NLD,2020/9/1,129,508,230,132,999
NLD,2020/9/2,153,465,225,115,958
NLD,2020/9/3,158,413,296,109,976
NLD,2020/9/4,143,527,337,147,1154
NLD,2020/9/5,195,542,328,162,1227
NLD,2020/9/6,178,603,329,142,1252
NLD,2020/9/7,269,704,425,166,1564
NLD,2020/9/8,240,785,434,201,1660
NLD,2020/9/9,234,733,459,215,1641
NLD,2020/9/10,229,669,440,237,1575
NLD,2020/9/11,266,727,573,223,1789
NLD,2020/9/12,270,712,532,218,1732
NLD,2020/9/13,285,784,506,234,1809
NLD,2020/9/14,379,1088,691,341,2499
NLD,2020/9/15,360,1058,697,311,2426
NLD,2020/9/16,387,1061,734,330,2512
NLD,2020/9/17,413,1033,712,350,2508
NLD,2020/9/18,355,1039,698,335,2427
NLD,2020/9/19,351,999,764,359,2473
NLD,2020/9/20,414,1161,724,379,2678
NLD,2020/9/21,513,1428,972,468,3381
NLD,2020/9/22,441,1370,923,406,3140
NLD,2020/9/23,404,1340,978,473,3195
NLD,2020/9/24,428,1172,953,482,3035
NLD,2020/9/25,435,1255,1112,498,3300
NLD,2020/9/26,399,1269,1076,502,3246
NLD,2020/9/27,488,1337,1054,539,3418
NLD,2020/9/28,668,1882,1479,802,4831
NLD,2020/9/29,576,1871,1474,724,4645
NLD,2020/9/30,582,1884,1546,861,4873
NLD,2020/10/1,647,1967,1719,971,5304
NLD,2020/10/2,682,2037,1935,992,5646
NLD,2020/10/3,661,2077,1902,1028,5668
NLD,2020/10/4,733,2027,1755,912,5427
NLD,2020/10/5,925,2558,2270,1324,7077
NLD,2020/10/6,780,2331,2146,1210,6467
NLD,2020/10/7,801,2480,2327,1343,6951
NLD,2020/10/8,775,2353,2335,1316,6779
NLD,2020/10/9,822,2477,2549,1356,7204
NLD,2020/10/10,931,2530,2580,1476,7517
NLD,2020/10/11,813,2529,2371,1262,6975
NLD,2020/10/12,1136,3083,2890,1675,8784
NLD,2020/10/13,1030,2990,2897,1524,8441
NLD,2020/10/14,1060,3089,2947,1696,8792
NLD,2020/10/15,994,2834,2840,1625,8293
NLD,2020/10/16,994,3003,3076,1714,8787
NLD,2020/10/17,975,3014,3096,1660,8745
NLD,2020/10/18,1008,2772,2760,1568,8108
NLD,2020/10/19,1063,3446,3415,2001,9925
NLD,2020/10/20,1084,3356,3272,1965,9677
NLD,2020/10/21,1067,3255,3189,1967,9478
NLD,2020/10/22,1014,2995,3019,1933,8961
NLD,2020/10/23,1040,3006,3150,2008,9204
NLD,2020/10/24,1044,2913,2978,1834,8769
NLD,2020/10/25,1005,2579,2739,1706,8029
NLD,2020/10/26,1112,2987,3130,1948,9177
NLD,2020/10/27,978,2565,2678,1721,7942
NLD,2020/10/28,923,2481,2499,1741,7644
NLD,2020/10/29,782,2250,2390,1686,7108
NLD,2020/10/30,794,2168,2379,1577,6918
NLD,2020/10/31,759,2052,2233,1394,6438
NLD,2020/11/1,779,2006,2075,1389,6249
NLD,2020/11/2,795,2063,2000,1502,6360
NLD,2020/11/3,741,1937,1877,1300,5855
NLD,2020/11/4,732,1831,1850,1270,5683
NLD,2020/11/5,645,1684,1684,1213,5226
NLD,2020/11/6,675,1643,1773,1247,5338
NLD,2020/11/7,670,1550,1724,1052,4996
NLD,2020/11/8,638,1609,1584,1038,4869
NLD,2020/11/9,846,1731,1880,1258,5715
NLD,2020/11/10,768,1670,1735,1152,5325
NLD,2020/11/11,785,1770,1860,1255,5670
NLD,2020/11/12,707,1528,1682,1149,5066
NLD,2020/11/13,749,1522,1715,1175,5161
NLD,2020/11/14,771,1539,1777,1102,5189
NLD,2020/11/15,840,1551,1580,955,4926
NLD,2020/11/16,988,1723,1926,1227,5864
NLD,2020/11/17,917,1654,1807,1096,5474
NLD,2020/11/18,901,1557,1733,1061,5252
NLD,2020/11/19,880,1425,1535,974,4814
NLD,2020/11/20,800,1449,1549,1035,4833
NLD,2020/11/21,851,1377,1542,918,4688
NLD,2020/11/22,844,1239,1395,813,4291
NLD,2020/11/23,1065,1585,1665,1018,5333
NLD,2020/11/24,883,1467,1528,984,4862
NLD,2020/11/25,865,1390,1580,965,4800
NLD,2020/11/26,868,1314,1469,968,4619
NLD,2020/11/27,911,1398,1632,1001,4942
NLD,2020/11/28,829,1391,1693,1018,4931
NLD,2020/11/29,930,1438,1490,911,4769
NLD,2020/11/30,1253,1849,1985,1288,6375
NLD,2020/12/1,1142,1969,2051,1371,6533
NLD,2020/12/2,1256,1871,2165,1396,6688
NLD,2020/12/3,1336,1786,2148,1373,6643
NLD,2020/12/4,1451,1945,2347,1413,7156
NLD,2020/12/5,1505,1987,2404,1453,7349
NLD,2020/12/6,1584,2079,2339,1428,7430
NLD,2020/12/7,1963,2512,2800,1811,9086
NLD,2020/12/8,1853,2710,3032,1997,9592
NLD,2020/12/9,1885,2690,3033,1966,9574
NLD,2020/12/10,1777,2452,2958,2052,9239
NLD,2020/12/11,1804,2690,3292,2136,9922
NLD,2020/12/12,1798,2748,3293,2150,9989
NLD,2020/12/13,1812,2835,3209,2048,9904
NLD,2020/12/14,2161,3483,4122,2550,12316
NLD,2020/12/15,2100,3509,4007,2546,12162
NLD,2020/12/16,1947,3300,3828,2733,11808
NLD,2020/12/17,1665,3109,3634,2530,10938
NLD,2020/12/18,1660,3075,3731,2488,10954
NLD,2020/12/19,1624,2914,3705,2289,10532
NLD,2020/12/20,1429,2799,3250,2189,9667
NLD,2020/12/21,1527,3162,3626,2557,10872
NLD,2020/12/22,1427,2918,3348,2407,10100
NLD,2020/12/23,1350,2576,2934,2225,9085
NLD,2020/12/24,1220,2398,2844,2272,8734
NLD,2020/12/25,1038,2137,2597,1971,7743
NLD,2020/12/26,975,2200,2541,1740,7456
NLD,2020/12/27,1002,2457,2595,1917,7971
NLD,2020/12/28,1128,2694,2958,2294,9074
NLD,2020/12/29,984,2548,2573,2163,8268
NLD,2020/12/30,892,2173,2321,1918,7304
NLD,2020/12/31,901,2036,2182,1913,7032
NLD,2021/1/1,958,2153,2135,1573,6819
NLD,2021/1/2,943,2297,2213,1589,7042
NLD,2021/1/3,1135,2581,2211,1645,7572
NLD,2021/1/4,1237,2754,2503,1863,8357
NLD,2021/1/5,1025,2283,2076,1694,7078
NLD,2021/1/6,1055,2113,1965,1645,6778
NLD,2021/1/7,898,1827,1901,1477,6103
NLD,2021/1/8,798,1656,1869,1457,5780
NLD,2021/1/9,695,1629,1823,1321,5468
NLD,2021/1/10,695,1488,1748,1267,5198
NLD,2021/1/11,751,1771,1930,1596,6048
NLD,2021/1/12,830,1828,1832,1494,5984
NLD,2021/1/13,748,1689,1869,1444,5750
NLD,2021/1/14,673,1562,1639,1223,5097
NLD,2021/1/15,602,1615,1703,1424,5344
NLD,2021/1/16,645,1475,1678,1107,4905
NLD,2021/1/17,612,1486,1515,1067,4680
NLD,2021/1/18,722,1698,1776,1375,5571
NLD,2021/1/19,673,1668,1655,1314,5310
NLD,2021/1/20,674,1589,1707,1341,5311
NLD,2021/1/21,587,1453,1457,1132,4629
NLD,2021/1/22,580,1348,1486,1148,4562
NLD,2021/1/23,573,1275,1422,980,4250
NLD,2021/1/24,499,1176,1264,910,3849
NLD,2021/1/25,598,1328,1413,1145,4484
NLD,2021/1/26,559,1275,1311,1028,4173
NLD,2021/1/27,594,1279,1338,1079,4290
NLD,2021/1/28,505,1127,1252,974,3858
NLD,2021/1/29,498,1200,1235,902,3835
NLD,2021/1/30,516,1036,1208,807,3567
NLD,2021/1/31,481,1017,1119,781,3398
NLD,2021/2/1,570,1229,1290,989,4078
NLD,2021/2/2,548,1157,1198,932,3835
NLD,2021/2/3,552,1142,1242,933,3869
NLD,2021/2/4,479,1113,1100,903,3595
NLD,2021/2/5,516,1032,1154,901,3603
NLD,2021/2/6,514,931,1067,791,3303
NLD,2021/2/7,392,938,988,679,2997
NLD,2021/2/8,480,1066,1080,860,3486
NLD,2021/2/9,569,1159,1171,938,3837
NLD,2021/2/10,579,1150,1080,831,3640
NLD,2021/2/11,508,1048,1081,840,3477
NLD,2021/2/12,508,1016,1127,794,3445
NLD,2021/2/13,521,990,1142,732,3385
NLD,2021/2/14,569,1109,1084,738,3500
NLD,2021/2/15,633,1267,1290,874,4064
NLD,2021/2/16,657,1394,1362,989,4402
NLD,2021/2/17,819,1469,1347,960,4595
NLD,2021/2/18,785,1331,1377,936,4429
NLD,2021/2/19,725,1376,1327,919,4347
NLD,2021/2/20,790,1346,1398,807,4341
NLD,2021/2/21,765,1320,1286,815,4186
NLD,2021/2/22,935,1530,1482,932,4879
NLD,2021/2/23,903,1513,1358,919,4693
NLD,2021/2/24,910,1451,1364,941,4666
NLD,2021/2/25,834,1287,1263,824,4208
NLD,2021/2/26,829,1332,1296,794,4251
NLD,2021/2/27,875,1300,1301,776,4252
NLD,2021/2/28,904,1249,1165,741,4059
NLD,2021/3/1,970,1601,1446,869,4886
NLD,2021/3/2,977,1582,1339,773,4671
NLD,2021/3/3,997,1557,1392,799,4745
NLD,2021/3/4,884,1388,1267,789,4328
NLD,2021/3/5,982,1495,1556,788,4821
NLD,2021/3/6,1019,1493,1490,784,4786
NLD,2021/3/7,1076,1494,1417,768,4755
NLD,2021/3/8,1273,1792,1693,936,5694
NLD,2021/3/9,1227,1777,1809,957,5770
NLD,2021/3/10,1321,1929,1846,1007,6103
NLD,2021/3/11,1329,1831,1701,954,5815
NLD,2021/3/12,1272,1882,1925,973,6052
NLD,2021/3/13,1348,1792,1967,960,6067
NLD,2021/3/14,1301,1743,1709,858,5611
NLD,2021/3/15,1519,2103,1971,1073,6666
NLD,2021/3/16,1488,2165,2137,1064,6854
NLD,2021/3/17,1654,2240,2071,1105,7070
NLD,2021/3/18,1585,2073,2014,998,6670
NLD,2021/3/19,1507,2121,2021,1071,6720
NLD,2021/3/20,1574,2097,2136,1059,6866
NLD,2021/3/21,1570,2010,1989,1088,6657
NLD,2021/3/22,1766,2340,2261,1231,7598
NLD,2021/3/23,1739,2411,2409,1135,7694
NLD,2021/3/24,1817,2510,2259,1222,7808
NLD,2021/3/25,1725,2216,2163,1170,7274
NLD,2021/3/26,1598,2283,2313,1152,7346
NLD,2021/3/27,1546,2137,2195,1073,6951
NLD,2021/3/28,1449,1973,1949,941,6312
NLD,2021/3/29,1640,2298,2208,1175,7321
NLD,2021/3/30,1600,2350,2127,1086,7163
NLD,2021/3/31,1684,2343,2173,1173,7373
PRT,2020/3/3,0,2,1,1,4
PRT,2020/3/4,0,0,2,0,2
PRT,2020/3/5,0,0,2,1,3
PRT,2020/3/6,0,0,3,1,4
PRT,2020/3/7,3,2,2,1,8
PRT,2020/3/8,2,2,3,2,9
PRT,2020/3/9,1,2,5,1,9
PRT,2020/3/10,0,0,0,2,2
PRT,2020/3/11,6,5,3,4,18
PRT,2020/3/12,1,8,9,1,19
PRT,2020/3/13,3,14,12,5,34
PRT,2020/3/14,4,21,25,7,57
PRT,2020/3/15,6,27,29,14,76
PRT,2020/3/16,4,20,24,37,85
PRT,2020/3/17,5,40,46,27,118
PRT,2020/3/18,17,61,64,52,194
PRT,2020/3/19,4,44,58,37,143
PRT,2020/3/20,6,65,82,81,234
PRT,2020/3/21,5,78,86,92,261
PRT,2020/3/22,13,84,140,83,320
PRT,2020/3/23,11,112,169,168,460
PRT,2020/3/24,0,85,106,112,303
PRT,2020/3/25,21,166,215,231,633
PRT,2020/3/26,32,140,222,155,549
PRT,2020/3/27,10,126,288,296,720
PRT,2020/3/28,26,215,337,328,906
PRT,2020/3/29,23,171,297,301,792
PRT,2020/3/30,18,112,130,186,446
PRT,2020/3/31,58,268,369,340,1035
PRT,2020/4/1,31,175,267,335,808
PRT,2020/4/2,25,179,285,294,783
PRT,2020/4/3,35,254,332,231,852
PRT,2020/4/4,33,171,223,211,638
PRT,2020/4/5,36,201,255,262,754
PRT,2020/4/6,21,96,138,197,452
PRT,2020/4/7,26,166,226,294,712
PRT,2020/4/8,30,175,277,217,699
PRT,2020/4/9,42,170,208,395,815
PRT,2020/4/10,88,366,507,555,1516
PRT,2020/4/11,35,72,162,246,515
PRT,2020/4/12,33,140,177,248,598
PRT,2020/4/13,6,100,88,155,349
PRT,2020/4/14,22,107,159,226,514
PRT,2020/4/15,33,162,224,224,643
PRT,2020/4/16,32,214,289,215,750
PRT,2020/4/17,3,44,56,78,181
PRT,2020/4/18,27,186,208,242,663
PRT,2020/4/19,45,132,173,171,521
PRT,2020/4/20,59,251,197,150,657
PRT,2020/4/21,6,131,110,269,516
PRT,2020/4/22,62,170,220,151,603
PRT,2020/4/23,11,129,93,138,371
PRT,2020/4/24,12,136,107,189,444
PRT,2020/4/25,20,114,175,165,474
PRT,2020/4/26,27,96,107,182,412
PRT,2020/4/27,10,28,51,74,163
PRT,2020/4/28,19,65,86,125,295
PRT,2020/4/29,8,44,64,67,183
PRT,2020/4/30,20,137,128,83,368
PRT,2020/5/1,17,97,106,75,295
PRT,2020/5/2,14,79,64,46,203
PRT,2020/5/3,0,3,4,4,11
PRT,2020/5/4,29,113,98,83,323
PRT,2020/5/5,15,36,26,101,178
PRT,2020/5/6,11,196,200,73,480
PRT,2020/5/7,37,205,189,102,533
PRT,2020/5/8,25,192,195,141,553
PRT,2020/5/9,13,32,32,61,138
PRT,2020/5/10,14,64,62,35,175
PRT,2020/5/11,12,25,25,36,98
PRT,2020/5/12,20,76,81,57,234
PRT,2020/5/13,14,84,71,50,219
PRT,2020/5/14,15,68,76,28,187
PRT,2020/5/15,21,115,70,58,264
PRT,2020/5/16,25,74,71,57,227
PRT,2020/5/17,17,75,98,36,226
PRT,2020/5/18,16,75,60,22,173
PRT,2020/5/19,10,89,74,50,223
PRT,2020/5/20,20,92,81,35,228
PRT,2020/5/21,22,97,85,48,252
PRT,2020/5/22,28,115,81,64,288
PRT,2020/5/23,22,108,77,64,271
PRT,2020/5/24,20,61,37,34,152
PRT,2020/5/25,16,77,46,26,165
PRT,2020/5/26,28,77,44,70,219
PRT,2020/5/27,28,122,103,32,285
PRT,2020/5/28,34,122,91,57,304
PRT,2020/5/29,33,126,87,104,350
PRT,2020/5/30,24,115,78,40,257
PRT,2020/5/31,36,123,91,47,297
PRT,2020/6/1,28,83,42,47,200
PRT,2020/6/2,24,74,55,36,189
PRT,2020/6/3,41,131,110,90,372
PRT,2020/6/4,25,158,116,32,331
PRT,2020/6/5,36,176,110,55,377
PRT,2020/6/6,38,165,129,50,382
PRT,2020/6/7,35,109,107,58,309
PRT,2020/6/8,35,60,54,43,192
PRT,2020/6/9,28,163,135,92,418
PRT,2020/6/10,51,107,95,52,305
PRT,2020/6/11,48,141,79,41,309
PRT,2020/6/12,51,106,75,39,271
PRT,2020/6/13,14,100,101,68,283
PRT,2020/6/14,30,94,73,25,222
PRT,2020/6/15,26,137,104,84,351
PRT,2020/6/16,25,96,109,70,300
PRT,2020/6/17,27,119,131,59,336
PRT,2020/6/18,52,171,104,88,415
PRT,2020/6/19,60,151,92,71,374
PRT,2020/6/20,57,137,103,80,377
PRT,2020/6/21,46,102,97,45,290
PRT,2020/6/22,26,63,51,118,258
PRT,2020/6/23,45,136,108,59,348
PRT,2020/6/24,40,126,105,94,365
PRT,2020/6/25,55,116,83,58,312
PRT,2020/6/26,67,157,100,127,451
PRT,2020/6/27,45,120,88,70,323
PRT,2020/6/28,66,166,116,110,458
PRT,2020/6/29,36,101,76,53,266
PRT,2020/6/30,31,101,65,61,258
PRT,2020/7/1,33,154,86,74,347
PRT,2020/7/2,53,146,97,82,378
PRT,2020/7/3,54,150,126,125,455
PRT,2020/7/4,62,143,116,91,412
PRT,2020/7/5,61,128,72,66,327
PRT,2020/7/6,27,81,68,55,231
PRT,2020/7/7,35,103,84,65,287
PRT,2020/7/8,43,186,123,91,443
PRT,2020/7/9,49,147,125,97,418
PRT,2020/7/10,57,167,115,63,402
PRT,2020/7/11,51,130,101,59,341
PRT,2020/7/12,42,93,76,70,281
PRT,2020/7/13,41,119,84,62,306
PRT,2020/7/14,21,93,76,42,232
PRT,2020/7/15,50,128,128,62,368
PRT,2020/7/16,48,133,97,59,337
PRT,2020/7/17,42,126,90,48,306
PRT,2020/7/18,42,108,94,69,313
PRT,2020/7/19,38,82,81,45,246
PRT,2020/7/20,16,48,36,35,135
PRT,2020/7/21,12,52,31,32,127
PRT,2020/7/22,46,86,71,48,251
PRT,2020/7/23,32,76,71,48,227
PRT,2020/7/24,42,119,83,69,313
PRT,2020/7/25,34,106,73,50,263
PRT,2020/7/26,29,75,63,41,208
PRT,2020/7/27,15,50,45,25,135
PRT,2020/7/28,13,31,26,37,107
PRT,2020/7/29,31,72,73,25,201
PRT,2020/7/30,24,93,89,49,255
PRT,2020/7/31,37,52,69,44,202
PRT,2020/8/1,43,69,63,63,238
PRT,2020/8/2,34,56,36,27,153
PRT,2020/8/3,14,37,30,25,106
PRT,2020/8/4,16,32,30,32,110
PRT,2020/8/5,28,49,53,37,167
PRT,2020/8/6,29,75,56,53,213
PRT,2020/8/7,28,104,67,91,290
PRT,2020/8/8,37,57,52,40,186
PRT,2020/8/9,15,45,44,27,131
PRT,2020/8/10,20,58,55,24,157
PRT,2020/8/11,10,53,27,29,119
PRT,2020/8/12,34,106,70,71,281
PRT,2020/8/13,29,102,94,100,325
PRT,2020/8/14,43,110,55,28,236
PRT,2020/8/15,28,67,73,29,197
PRT,2020/8/16,14,41,37,29,121
PRT,2020/8/17,16,41,40,35,132
PRT,2020/8/18,16,64,67,67,214
PRT,2020/8/19,24,95,77,57,253
PRT,2020/8/20,24,112,83,72,291
PRT,2020/8/21,23,85,62,49,219
PRT,2020/8/22,24,90,68,58,240
PRT,2020/8/23,20,65,40,20,145
PRT,2020/8/24,13,51,27,32,123
PRT,2020/8/25,24,62,54,52,192
PRT,2020/8/26,31,131,90,109,361
PRT,2020/8/27,50,153,107,89,399
PRT,2020/8/28,61,139,136,65,401
PRT,2020/8/29,52,153,109,60,374
PRT,2020/8/30,27,122,88,79,316
PRT,2020/8/31,15,63,77,89,244
PRT,2020/9/1,28,91,62,50,231
PRT,2020/9/2,49,149,105,87,390
PRT,2020/9/3,46,146,115,111,418
PRT,2020/9/4,44,134,125,103,406
PRT,2020/9/5,82,152,139,113,486
PRT,2020/9/6,41,94,84,96,315
PRT,2020/9/7,31,76,62,60,229
PRT,2020/9/8,55,115,109,108,387
PRT,2020/9/9,99,218,189,140,646
PRT,2020/9/10,70,211,165,119,565
PRT,2020/9/11,80,234,214,158,686
PRT,2020/9/12,79,174,144,100,497
PRT,2020/9/13,88,267,158,158,671
PRT,2020/9/14,78,218,195,122,613
PRT,2020/9/15,48,145,107,125,425
PRT,2020/9/16,65,199,196,119,579
PRT,2020/9/17,94,270,265,137,766
PRT,2020/9/18,106,275,224,193,798
PRT,2020/9/19,111,302,280,161,854
PRT,2020/9/20,81,159,153,139,532
PRT,2020/9/21,91,231,189,111,622
PRT,2020/9/22,61,131,145,129,466
PRT,2020/9/23,110,280,219,194,803
PRT,2020/9/24,98,187,236,169,690
PRT,2020/9/25,130,298,278,195,901
PRT,2020/9/26,127,287,238,232,884
PRT,2020/9/27,90,226,176,130,622
PRT,2020/9/28,69,138,122,97,426
PRT,2020/9/29,83,246,183,177,689
PRT,2020/9/30,138,260,241,186,825
PRT,2020/10/1,138,246,255,208,847
PRT,2020/10/2,136,267,266,218,887
PRT,2020/10/3,135,323,264,235,957
PRT,2020/10/4,154,249,274,232,909
PRT,2020/10/5,84,229,238,182,733
PRT,2020/10/6,38,156,139,94,427
PRT,2020/10/7,109,319,282,234,944
PRT,2020/10/8,188,429,395,266,1278
PRT,2020/10/9,188,487,463,255,1393
PRT,2020/10/10,248,589,481,344,1662
PRT,2020/10/11,128,395,303,263,1089
PRT,2020/10/12,178,474,327,270,1249
PRT,2020/10/13,134,409,383,283,1209
PRT,2020/10/14,294,700,641,439,2074
PRT,2020/10/15,273,791,648,392,2104
PRT,2020/10/16,292,891,788,653,2624
PRT,2020/10/17,263,773,657,458,2151
PRT,2020/10/18,265,599,615,377,1856
PRT,2020/10/19,273,658,648,379,1958
PRT,2020/10/20,232,643,587,413,1875
PRT,2020/10/21,324,853,834,522,2533
PRT,2020/10/22,442,1062,1043,723,3270
PRT,2020/10/23,342,1014,871,666,2893
PRT,2020/10/24,512,1204,1152,787,3655
PRT,2020/10/25,331,896,823,521,2571
PRT,2020/10/26,331,824,824,467,2446
PRT,2020/10/27,407,1124,1051,717,3299
PRT,2020/10/28,506,1304,1236,913,3959
PRT,2020/10/29,565,1417,1299,947,4228
PRT,2020/10/30,647,1581,1464,960,4652
PRT,2020/10/31,553,1277,1233,944,4007
PRT,2020/11/1,437,527,980,758,2702
PRT,2020/11/2,333,1130,729,674,2866
PRT,2020/11/3,368,766,818,644,2596
PRT,2020/11/4,1081,2550,2529,1336,7496
PRT,2020/11/5,644,1362,1461,940,4407
PRT,2020/11/6,920,1725,1734,1084,5463
PRT,2020/11/7,1062,2018,2187,1396,6663
PRT,2020/11/8,911,1757,1967,1151,5786
PRT,2020/11/9,677,1207,1261,944,4089
PRT,2020/11/10,570,1109,1201,940,3820
PRT,2020/11/11,754,1516,1599,1066,4935
PRT,2020/11/12,967,1735,1865,1273,5840
PRT,2020/11/13,1171,1988,2188,1316,6663
PRT,2020/11/14,1171,2011,2041,1377,6600
PRT,2020/11/15,913,1668,1922,1532,6035
PRT,2020/11/16,1188,617,1485,908,4198
PRT,2020/11/17,714,1201,1343,1120,4378
PRT,2020/11/18,901,1669,1921,1323,5814
PRT,2020/11/19,1244,1961,2292,1440,6937
PRT,2020/11/20,1116,1886,2010,1415,6427
PRT,2020/11/21,1141,1769,2052,1469,6431
PRT,2020/11/22,761,1290,1516,1173,4740
PRT,2020/11/23,661,971,1272,907,3811
PRT,2020/11/24,620,1285,1278,869,4052
PRT,2020/11/25,1189,1408,1701,1296,5594
PRT,2020/11/26,744,1808,1969,1439,5960
PRT,2020/11/27,901,1512,1633,1267,5313
PRT,2020/11/28,809,1314,1542,1243,4908
PRT,2020/11/29,716,1138,1230,982,4066
PRT,2020/11/30,554,821,963,883,3221
PRT,2020/12/1,363,590,747,679,2379
PRT,2020/12/2,572,937,1105,748,3362
PRT,2020/12/3,538,1005,1177,929,3649
PRT,2020/12/4,809,1354,1573,1248,4984
PRT,2020/12/5,876,1633,1543,1220,5272
PRT,2020/12/6,649,924,1162,1057,3792
PRT,2020/12/7,377,657,782,763,2579
PRT,2020/12/8,362,784,847,879,2872
PRT,2020/12/9,638,1108,1237,1095,4078
PRT,2020/12/10,1078,3491,2566,2070,9205
PRT,2020/12/11,790,1415,1541,1333,5079
PRT,2020/12/12,666,1334,1326,1088,4414
PRT,2020/12/13,658,1154,1207,1025,4044
PRT,2020/12/14,330,605,634,625,2194
PRT,2020/12/15,324,788,793,736,2641
PRT,2020/12/16,715,1303,1461,1241,4720
PRT,2020/12/17,653,1190,1285,1190,4318
PRT,2020/12/18,676,1150,1291,1219,4336
PRT,2020/12/19,585,1080,1136,1030,3831
PRT,2020/12/20,518,898,1035,883,3334
PRT,2020/12/21,311,566,629,592,2098
PRT,2020/12/22,306,666,790,674,2436
PRT,2020/12/23,643,1249,1469,1241,4602
PRT,2020/12/24,632,1193,1347,1205,4377
PRT,2020/12/25,625,1127,1320,1074,4146
PRT,2020/12/26,173,327,386,328,1214
PRT,2020/12/27,219,426,536,396,1577
PRT,2020/12/28,290,593,673,536,2092
PRT,2020/12/29,410,1030,1099,797,3336
PRT,2020/12/30,865,1833,1523,1373,5594
PRT,2020/12/31,1087,2268,2838,1882,8075
PRT,2021/1/1,1013,2074,2121,1741,6949
PRT,2021/1/2,433,1017,951,841,3242
PRT,2021/1/3,438,926,1072,947,3383
PRT,2021/1/4,587,1206,1373,1199,4365
PRT,2021/1/5,612,1484,1596,1261,4953
PRT,2021/1/6,1474,3102,3084,2365,10025
PRT,2021/1/7,1470,2982,3051,2422,9925
PRT,2021/1/8,1528,3124,3069,2456,10177
PRT,2021/1/9,1381,2754,2819,2518,9472
PRT,2021/1/10,1144,2175,2236,1946,7501
PRT,2021/1/11,831,1611,1679,1484,5605
PRT,2021/1/12,1005,2101,2210,1940,7256
PRT,2021/1/13,1598,3046,3309,2603,10556
PRT,2021/1/14,1641,2909,3362,2784,10696
PRT,2021/1/15,1773,2953,3395,2537,10658
PRT,2021/1/16,1859,2964,3479,2641,10943
PRT,2021/1/17,1822,2685,3156,2721,10384
PRT,2021/1/18,1151,1851,2045,1655,6702
PRT,2021/1/19,1423,2756,3394,2879,10452
PRT,2021/1/20,2265,3940,4714,3727,14646
PRT,2021/1/21,2333,3519,4446,3241,13539
PRT,2021/1/22,2413,3798,4501,3272,13984
PRT,2021/1/23,2576,4074,5029,3654,15333
PRT,2021/1/24,1969,3055,3798,2896,11718
PRT,2021/1/25,1199,1815,2172,1736,6922
PRT,2021/1/26,1616,2865,3556,2723,10760
PRT,2021/1/27,2372,3861,5103,3734,15070
PRT,2021/1/28,2807,4278,5207,4133,16425
PRT,2021/1/29,2163,3370,4278,3377,13188
PRT,2021/1/30,1993,3165,4049,3225,12432
PRT,2021/1/31,1717,2348,3029,2405,9499
PRT,2021/2/1,925,1421,1860,1596,5802
PRT,2021/2/2,741,1327,1856,1613,5537
PRT,2021/2/3,1392,2315,2905,2472,9084
PRT,2021/2/4,1142,1967,2557,2244,7910
PRT,2021/2/5,1057,1726,2171,1953,6907
PRT,2021/2/6,837,1444,1959,1887,6127
PRT,2021/2/7,506,838,1114,1048,3506
PRT,2021/2/8,351,647,812,696,2506
PRT,2021/2/9,271,693,793,826,2583
PRT,2021/2/10,545,1073,1425,1337,4380
PRT,2021/2/11,411,887,1108,1071,3477
PRT,2021/2/12,363,745,892,851,2851
PRT,2021/2/13,384,796,861,812,2853
PRT,2021/2/14,252,406,509,512,1679
PRT,2021/2/15,162,335,392,414,1303
PRT,2021/2/16,142,409,464,484,1499
PRT,2021/2/17,313,612,716,681,2322
PRT,2021/2/18,272,542,553,569,1936
PRT,2021/2/19,264,542,584,554,1944
PRT,2021/2/20,207,428,478,458,1571
PRT,2021/2/21,156,303,349,377,1185
PRT,2021/2/22,59,115,173,202,549
PRT,2021/2/23,108,268,324,331,1031
PRT,2021/2/24,197,423,463,398,1481
PRT,2021/2/25,135,330,319,377,1161
PRT,2021/2/26,168,246,306,308,1028
PRT,2021/2/27,136,291,334,309,1070
PRT,2021/2/28,117,181,224,196,718
PRT,2021/3/1,39,118,91,146,394
PRT,2021/3/2,84,188,237,180,689
PRT,2021/3/3,170,247,302,262,981
PRT,2021/3/4,82,246,284,220,832
PRT,2021/3/5,133,255,314,248,950
PRT,2021/3/6,172,273,295,264,1004
PRT,2021/3/7,115,184,224,160,683
PRT,2021/3/8,32,105,105,123,365
PRT,2021/3/9,114,225,256,250,845
PRT,2021/3/10,74,199,187,170,630
PRT,2021/3/11,70,202,185,170,627
PRT,2021/3/12,75,167,172,164,578
PRT,2021/3/13,79,173,161,152,565
PRT,2021/3/14,79,170,160,128,537
PRT,2021/3/15,11,53,89,105,258
PRT,2021/3/16,38,100,113,131,382
PRT,2021/3/17,75,185,222,192,674
PRT,2021/3/18,48,151,149,132,480
PRT,2021/3/19,81,177,167,142,567
PRT,2021/3/20,52,135,146,125,458
PRT,2021/3/21,50,136,142,122,450
PRT,2021/3/22,11,68,83,86,248
PRT,2021/3/23,52,82,150,146,430
PRT,2021/3/24,62,212,152,151,577
PRT,2021/3/25,40,119,129,149,437
PRT,2021/3/26,80,145,133,124,482
PRT,2021/3/27,25,69,99,151,344
PRT,2021/3/28,32,97,113,123,365
PRT,2021/3/29,63,69,77,101,310
PRT,2021/3/30,42,90,142,113,387
PRT,2021/3/31,138,140,208,130,616
ESP,2020/2/1,0,0,0,0,0
ESP,2020/2/2,0,0,0,0,0
ESP,2020/2/3,0,0,0,0,0
ESP,2020/2/4,0,0,0,0,0
ESP,2020/2/5,0,0,0,0,0
ESP,2020/2/6,0,0,0,0,0
ESP,2020/2/7,0,0,0,0,0
ESP,2020/2/8,0,0,0,0,0
ESP,2020/2/9,0,0,1,0,1
ESP,2020/2/10,0,0,0,0,0
ESP,2020/2/11,0,0,0,0,0
ESP,2020/2/12,0,1,2,0,3
ESP,2020/2/13,0,0,0,0,0
ESP,2020/2/14,0,0,0,0,0
ESP,2020/2/15,0,0,0,0,0
ESP,2020/2/16,0,0,0,0,0
ESP,2020/2/17,0,0,0,0,0
ESP,2020/2/18,0,0,0,0,0
ESP,2020/2/19,0,0,0,0,0
ESP,2020/2/20,0,0,0,0,0
ESP,2020/2/21,1,0,0,0,1
ESP,2020/2/22,0,0,0,1,1
ESP,2020/2/23,0,0,1,1,2
ESP,2020/2/24,0,0,0,2,2
ESP,2020/2/25,0,0,0,1,1
ESP,2020/2/26,0,2,3,2,7
ESP,2020/2/27,1,5,9,8,23
ESP,2020/2/28,1,6,7,9,23
ESP,2020/2/29,1,1,9,7,18
ESP,2020/3/1,3,9,14,11,37
ESP,2020/3/2,1,18,22,31,72
ESP,2020/3/3,3,16,24,41,84
ESP,2020/3/4,5,9,31,54,99
ESP,2020/3/5,7,35,52,94,188
ESP,2020/3/6,16,48,87,123,274
ESP,2020/3/7,4,47,83,155,289
ESP,2020/3/8,13,65,99,192,369
ESP,2020/3/9,25,105,173,346,649
ESP,2020/3/10,36,208,286,488,1018
ESP,2020/3/11,34,287,400,611,1332
ESP,2020/3/12,42,396,568,781,1787
ESP,2020/3/13,57,459,686,921,2123
ESP,2020/3/14,36,432,643,882,1993
ESP,2020/3/15,36,388,689,1118,2231
ESP,2020/3/16,47,490,997,1635,3169
ESP,2020/3/17,25,689,1424,2246,4384
ESP,2020/3/18,34,733,1538,2354,4659
ESP,2020/3/19,40,857,1927,2886,5710
ESP,2020/3/20,42,976,2173,3176,6367
ESP,2020/3/21,44,785,1836,3020,5685
ESP,2020/3/22,34,672,1754,2766,5226
ESP,2020/3/23,47,1213,2852,3943,8055
ESP,2020/3/24,59,1309,3215,4963,9546
ESP,2020/3/25,66,1336,3543,5061,10006
ESP,2020/3/26,48,1374,3442,5077,9941
ESP,2020/3/27,40,1188,3089,4648,8965
ESP,2020/3/28,46,801,2330,3775,6952
ESP,2020/3/29,26,611,1577,2785,4999
ESP,2020/3/30,44,1111,2716,4008,7879
ESP,2020/3/31,53,1115,2654,3965,7787
ESP,2020/4/1,46,919,2221,3747,6933
ESP,2020/4/2,53,962,2188,3613,6816
ESP,2020/4/3,47,940,2284,3455,6726
ESP,2020/4/4,35,592,1437,2541,4605
ESP,2020/4/5,21,378,890,1815,3104
ESP,2020/4/6,40,776,1657,2838,5311
ESP,2020/4/7,34,742,1618,2843,5237
ESP,2020/4/8,69,826,1654,2779,5328
ESP,2020/4/9,35,646,1279,2549,4509
ESP,2020/4/10,32,587,1136,2582,4337
ESP,2020/4/11,25,379,803,1797,3004
ESP,2020/4/12,15,247,503,1588,2353
ESP,2020/4/13,37,449,895,1691,3072
ESP,2020/4/14,47,578,1185,2075,3885
ESP,2020/4/15,25,514,968,2084,3591
ESP,2020/4/16,36,501,926,1858,3321
ESP,2020/4/17,33,455,909,1935,3332
ESP,2020/4/18,18,271,494,1289,2072
ESP,2020/4/19,20,168,322,844,1354
ESP,2020/4/20,37,336,678,1342,2393
ESP,2020/4/21,40,418,694,1421,2573
ESP,2020/4/22,27,368,730,1425,2550
ESP,2020/4/23,25,345,578,1167,2115
ESP,2020/4/24,27,363,617,1089,2096
ESP,2020/4/25,18,213,369,617,1217
ESP,2020/4/26,14,146,205,405,770
ESP,2020/4/27,25,316,507,741,1589
ESP,2020/4/28,30,277,521,845,1673
ESP,2020/4/29,25,304,448,649,1426
ESP,2020/4/30,42,253,466,624,1385
ESP,2020/5/1,20,135,204,405,764
ESP,2020/5/2,12,84,169,284,549
ESP,2020/5/3,13,66,136,226,441
ESP,2020/5/4,25,188,298,465,976
ESP,2020/5/5,25,163,270,493,951
ESP,2020/5/6,21,196,289,453,959
ESP,2020/5/7,31,152,298,448,929
ESP,2020/5/8,27,163,272,430,892
ESP,2020/5/9,12,105,137,227,481
ESP,2020/5/10,10,59,99,144,312
ESP,2020/5/11,28,294,669,730,1721
ESP,2020/5/12,29,136,233,337,735
ESP,2020/5/13,33,158,258,341,790
ESP,2020/5/14,26,190,270,296,782
ESP,2020/5/15,44,191,284,280,799
ESP,2020/5/16,21,81,112,131,345
ESP,2020/5/17,13,51,67,112,243
ESP,2020/5/18,33,144,209,242,628
ESP,2020/5/19,41,198,331,273,843
ESP,2020/5/20,43,168,275,268,754
ESP,2020/5/21,42,195,294,247,778
ESP,2020/5/22,53,187,269,314,823
ESP,2020/5/23,21,60,87,142,310
ESP,2020/5/24,8,67,87,96,258
ESP,2020/5/25,38,115,187,207,547
ESP,2020/5/26,31,178,239,291,739
ESP,2020/5/27,38,165,210,206,619
ESP,2020/5/28,43,155,240,221,659
ESP,2020/5/29,72,168,246,252,738
ESP,2020/5/30,20,86,98,129,333
ESP,2020/5/31,18,50,53,60,181
ESP,2020/6/1,19,78,141,128,366
ESP,2020/6/2,43,111,178,141,473
ESP,2020/6/3,40,130,204,233,607
ESP,2020/6/4,39,138,188,145,510
ESP,2020/6/5,50,191,233,180,654
ESP,2020/6/6,32,81,78,84,275
ESP,2020/6/7,11,30,32,71,144
ESP,2020/6/8,25,96,84,141,346
ESP,2020/6/9,34,124,158,138,454
ESP,2020/6/10,22,130,172,144,468
ESP,2020/6/11,29,110,133,113,385
ESP,2020/6/12,33,140,163,159,495
ESP,2020/6/13,14,34,40,37,125
ESP,2020/6/14,8,26,21,30,85
ESP,2020/6/15,17,53,121,112,303
ESP,2020/6/16,28,103,130,141,402
ESP,2020/6/17,37,100,102,125,364
ESP,2020/6/18,37,104,134,113,388
ESP,2020/6/19,33,109,104,104,350
ESP,2020/6/20,32,73,73,54,232
ESP,2020/6/21,24,44,64,37,169
ESP,2020/6/22,39,77,72,60,248
ESP,2020/6/23,61,136,138,116,451
ESP,2020/6/24,66,115,87,77,345
ESP,2020/6/25,57,105,127,87,376
ESP,2020/6/26,59,144,159,117,479
ESP,2020/6/27,48,83,77,56,264
ESP,2020/6/28,31,66,56,36,189
ESP,2020/6/29,29,88,90,79,286
ESP,2020/6/30,53,142,147,116,458
ESP,2020/7/1,67,141,162,89,459
ESP,2020/7/2,64,160,154,119,497
ESP,2020/7/3,66,223,197,110,596
ESP,2020/7/4,35,96,90,78,299
ESP,2020/7/5,31,78,74,27,210
ESP,2020/7/6,36,120,109,83,348
ESP,2020/7/7,90,249,257,126,722
ESP,2020/7/8,79,301,252,124,756
ESP,2020/7/9,118,307,273,165,863
ESP,2020/7/10,142,453,360,211,1166
ESP,2020/7/11,97,229,208,79,613
ESP,2020/7/12,66,137,123,69,395
ESP,2020/7/13,121,324,273,174,892
ESP,2020/7/14,146,540,416,221,1323
ESP,2020/7/15,243,584,467,292,1586
ESP,2020/7/16,241,653,476,257,1627
ESP,2020/7/17,358,867,587,305,2117
ESP,2020/7/18,284,583,415,263,1545
ESP,2020/7/19,224,515,258,149,1146
ESP,2020/7/20,244,682,452,233,1611
ESP,2020/7/21,401,974,657,296,2328
ESP,2020/7/22,365,973,689,304,2331
ESP,2020/7/23,454,919,665,313,2351
ESP,2020/7/24,524,1163,767,374,2828
ESP,2020/7/25,312,687,450,252,1701
ESP,2020/7/26,250,501,382,222,1355
ESP,2020/7/27,312,767,588,360,2027
ESP,2020/7/28,517,1065,859,450,2891
ESP,2020/7/29,553,1204,862,563,3182
ESP,2020/7/30,619,1315,975,540,3449
ESP,2020/7/31,713,1489,1085,563,3850
ESP,2020/8/1,560,1118,876,491,3045
ESP,2020/8/2,270,716,525,326,1837
ESP,2020/8/3,490,1011,756,536,2793
ESP,2020/8/4,780,1683,1308,659,4430
ESP,2020/8/5,718,1684,1228,685,4315
ESP,2020/8/6,774,1897,1471,744,4886
ESP,2020/8/7,1011,2177,1595,944,5727
ESP,2020/8/8,621,1280,1010,597,3508
ESP,2020/8/9,434,1028,730,438,2630
ESP,2020/8/10,635,1427,1098,762,3922
ESP,2020/8/11,1041,2238,1806,1102,6187
ESP,2020/8/12,1129,2400,1909,988,6426
ESP,2020/8/13,1190,2715,2036,1138,7079
ESP,2020/8/14,1490,3167,2517,1219,8393
ESP,2020/8/15,836,1839,1399,739,4813
ESP,2020/8/16,574,1194,933,586,3287
ESP,2020/8/17,787,1818,1489,887,4981
ESP,2020/8/18,1440,3153,2547,1379,8519
ESP,2020/8/19,1510,3189,2571,1408,8678
ESP,2020/8/20,1539,3395,2639,1460,9033
ESP,2020/8/21,1914,3954,2983,1661,10512
ESP,2020/8/22,1014,2276,1789,964,6043
ESP,2020/8/23,652,1545,1344,735,4276
ESP,2020/8/24,885,2220,1857,1084,6046
ESP,2020/8/25,1790,3756,3114,1666,10326
ESP,2020/8/26,1787,3703,3171,1654,10315
ESP,2020/8/27,1834,3780,3102,1625,10341
ESP,2020/8/28,2233,4176,3575,1985,11969
ESP,2020/8/29,1143,2354,2056,1326,6879
ESP,2020/8/30,828,1745,1589,1018,5180
ESP,2020/8/31,1124,2184,2059,1271,6638
ESP,2020/9/1,1924,3499,3307,1791,10521
ESP,2020/9/2,1780,3525,3365,2064,10734
ESP,2020/9/3,1974,3537,3389,2098,10998
ESP,2020/9/4,2547,4135,4112,2417,13211
ESP,2020/9/5,1417,2364,2455,1656,7892
ESP,2020/9/6,861,1719,1684,1231,5495
ESP,2020/9/7,1144,2125,2259,1528,7056
ESP,2020/9/8,2199,3591,3874,2316,11980
ESP,2020/9/9,2458,3867,4134,2370,12829
ESP,2020/9/10,2573,3980,4045,2448,13046
ESP,2020/9/11,2810,4293,4426,2898,14427
ESP,2020/9/12,1553,2430,2598,1734,8315
ESP,2020/9/13,1136,1836,2072,1351,6395
ESP,2020/9/14,1559,2317,2606,1730,8212
ESP,2020/9/15,2765,4105,4303,2674,13847
ESP,2020/9/16,2803,4099,4479,2671,14052
ESP,2020/9/17,2875,4179,4089,2645,13788
ESP,2020/9/18,3718,4869,5001,3141,16729
ESP,2020/9/19,1672,2310,2569,1763,8314
ESP,2020/9/20,1128,1607,1839,1276,5850
ESP,2020/9/21,1485,2340,2535,1665,8025
ESP,2020/9/22,2651,3690,3917,2554,12812
ESP,2020/9/23,2741,3618,3868,2534,12761
ESP,2020/9/24,2707,3602,3889,2460,12658
ESP,2020/9/25,3017,3979,4045,2495,13536
ESP,2020/9/26,1566,2157,2339,1583,7645
ESP,2020/9/27,1012,1378,1608,1030,5028
ESP,2020/9/28,1392,1951,2249,1457,7049
ESP,2020/9/29,2323,3218,3546,2244,11331
ESP,2020/9/30,2321,3278,3443,2165,11207
ESP,2020/10/1,2313,3263,3488,2012,11076
ESP,2020/10/2,2535,3561,3814,2503,12413
ESP,2020/10/3,1325,1996,2100,1469,6890
ESP,2020/10/4,1007,1419,1631,1092,5149
ESP,2020/10/5,1781,2387,2923,1843,8934
ESP,2020/10/6,2400,3345,3906,2598,12249
ESP,2020/10/7,2409,3579,3917,2534,12439
ESP,2020/10/8,2702,4146,4171,2841,13860
ESP,2020/10/9,3009,4253,4539,2990,14791
ESP,2020/10/10,1563,2460,2775,1940,8738
ESP,2020/10/11,1161,1832,2144,1625,6762
ESP,2020/10/12,1027,1731,2120,1453,6331
ESP,2020/10/13,2203,3494,4187,2530,12414
ESP,2020/10/14,3094,4582,5317,3407,16400
ESP,2020/10/15,3384,4961,5554,3615,17514
ESP,2020/10/16,3665,5139,5892,3599,18295
ESP,2020/10/17,2057,3344,3832,2705,11938
ESP,2020/10/18,1407,2180,2718,1924,8229
ESP,2020/10/19,2933,4329,5136,3315,15713
ESP,2020/10/20,4090,5599,6755,4462,20906
ESP,2020/10/21,4426,6348,7278,5156,23208
ESP,2020/10/22,4437,6797,7369,5189,23792
ESP,2020/10/23,4772,6947,7775,5499,24993
ESP,2020/10/24,2808,4176,4879,3542,15405
ESP,2020/10/25,1950,2895,3607,2767,11219
ESP,2020/10/26,3524,5440,6642,4360,19966
ESP,2020/10/27,4574,6525,7900,5272,24271
ESP,2020/10/28,4591,6488,7924,5571,24574
ESP,2020/10/29,4574,6464,7489,5593,24120
ESP,2020/10/30,4655,6524,7998,5697,24874
ESP,2020/10/31,2845,4021,5118,4002,15986
ESP,2020/11/1,1844,2727,3572,2829,10972
ESP,2020/11/2,2706,3877,5035,3901,15519
ESP,2020/11/3,3915,5763,7420,4995,22093
ESP,2020/11/4,4397,6240,7855,5667,24159
ESP,2020/11/5,4333,6093,7575,5585,23586
ESP,2020/11/6,4531,5889,7517,5600,23537
ESP,2020/11/7,2601,3659,4632,3677,14569
ESP,2020/11/8,1636,2401,3164,2633,9834
ESP,2020/11/9,2973,4065,5657,3863,16558
ESP,2020/11/10,3897,5075,6523,5109,20604
ESP,2020/11/11,3797,4963,6484,4763,20007
ESP,2020/11/12,3593,4804,6032,4757,19186
ESP,2020/11/13,3481,4526,6086,4332,18425
ESP,2020/11/14,2008,2589,3298,2691,10586
ESP,2020/11/15,1120,1650,2208,1697,6675
ESP,2020/11/16,2264,3216,4246,3097,12823
ESP,2020/11/17,2936,3947,5133,3856,15872
ESP,2020/11/18,2764,3687,4793,3557,14801
ESP,2020/11/19,2613,3283,4122,3183,13201
ESP,2020/11/20,2567,3135,3924,3017,12643
ESP,2020/11/21,1337,1740,2312,1850,7239
ESP,2020/11/22,828,1070,1462,1253,4613
ESP,2020/11/23,1605,2306,3089,2153,9153
ESP,2020/11/24,1928,2744,3611,2660,10943
ESP,2020/11/25,1841,2491,3116,2565,10013
ESP,2020/11/26,1764,2451,2993,2424,9632
ESP,2020/11/27,1916,2428,3140,2418,9902
ESP,2020/11/28,942,1380,1725,1433,5480
ESP,2020/11/29,552,825,1099,922,3398
ESP,2020/11/30,1298,1897,2495,1732,7422
ESP,2020/12/1,1756,2319,2957,2482,9514
ESP,2020/12/2,1724,2339,2778,2071,8912
ESP,2020/12/3,1606,2056,2563,1938,8163
ESP,2020/12/4,1648,2212,2590,1987,8437
ESP,2020/12/5,993,1225,1597,1149,4964
ESP,2020/12/6,611,801,1049,816,3277
ESP,2020/12/7,803,1315,1694,1429,5241
ESP,2020/12/8,654,1044,1341,1011,4050
ESP,2020/12/9,1441,2217,2812,1963,8433
ESP,2020/12/10,1976,2849,3430,2515,10770
ESP,2020/12/11,2094,3159,3513,2572,11338
ESP,2020/12/12,1159,1776,2110,1549,6594
ESP,2020/12/13,661,1189,1386,1010,4246
ESP,2020/12/14,1626,2710,3316,2260,9912
ESP,2020/12/15,2171,3263,3786,2968,12188
ESP,2020/12/16,2023,3187,3648,2900,11758
ESP,2020/12/17,2022,3067,3462,2431,10982
ESP,2020/12/18,2229,3392,3951,2645,12217
ESP,2020/12/19,1312,1872,2193,1549,6926
ESP,2020/12/20,676,1158,1460,1085,4379
ESP,2020/12/21,1844,3052,3655,2460,11011
ESP,2020/12/22,2256,3692,4327,3151,13426
ESP,2020/12/23,2471,4169,4794,3094,14528
ESP,2020/12/24,1784,2857,3219,2121,9981
ESP,2020/12/25,755,1355,1592,1111,4813
ESP,2020/12/26,968,1766,2200,1493,6427
ESP,2020/12/27,849,1743,1931,1441,5964
ESP,2020/12/28,2236,4433,5136,3300,15105
ESP,2020/12/29,3094,5537,6174,4165,18970
ESP,2020/12/30,3514,6412,6614,4553,21093
ESP,2020/12/31,2698,4688,4813,3384,15583
ESP,2021/1/1,1136,2169,2492,1866,7663
ESP,2021/1/2,1462,3184,3449,2437,10532
ESP,2021/1/3,1419,3052,3170,2325,9966
ESP,2021/1/4,3090,7016,7316,4764,22186
ESP,2021/1/5,5030,9467,9790,6474,30761
ESP,2021/1/6,2298,4500,4569,3264,14631
ESP,2021/1/7,4072,8412,8731,5592,26807
ESP,2021/1/8,5527,9782,10632,6957,32898
ESP,2021/1/9,3302,5776,6108,4134,19320
ESP,2021/1/10,2064,4108,4540,3238,13950
ESP,2021/1/11,5029,9525,10905,7065,32524
ESP,2021/1/12,6166,10699,12092,8434,37391
ESP,2021/1/13,6677,10943,12563,8833,39016
ESP,2021/1/14,6711,10816,12382,8499,38408
ESP,2021/1/15,7855,11720,13766,9656,42997
ESP,2021/1/16,4347,6523,8133,6027,25030
ESP,2021/1/17,3126,4642,6236,4658,18662
ESP,2021/1/18,5652,9287,12346,8523,35808
ESP,2021/1/19,7728,10844,14110,9807,42489
ESP,2021/1/20,7881,10625,13721,9745,41972
ESP,2021/1/21,8028,10283,13236,9342,40889
ESP,2021/1/22,8480,10648,13642,9503,42273
ESP,2021/1/23,4649,5714,7721,5745,23829
ESP,2021/1/24,3189,4229,5752,4179,17349
ESP,2021/1/25,5950,8101,11232,7534,32817
ESP,2021/1/26,7528,9144,12252,8601,37525
ESP,2021/1/27,7621,8493,11656,8087,35857
ESP,2021/1/28,7170,8089,10776,7371,33406
ESP,2021/1/29,7244,7599,10423,7136,32402
ESP,2021/1/30,4075,4237,5834,4077,18223
ESP,2021/1/31,2425,2765,3895,2675,11760
ESP,2021/2/1,4530,5557,7578,4931,22596
ESP,2021/2/2,5947,6051,8221,5892,26111
ESP,2021/2/3,5469,5680,7571,5167,23887
ESP,2021/2/4,4874,5056,6695,4569,21194
ESP,2021/2/5,4936,4601,6277,4422,20236
ESP,2021/2/6,2305,2410,3363,2285,10363
ESP,2021/2/7,1289,1459,1994,1378,6120
ESP,2021/2/8,2994,3309,4605,2928,13836
ESP,2021/2/9,3606,3688,4898,3219,15411
ESP,2021/2/10,3243,3231,4174,2769,13417
ESP,2021/2/11,2790,2892,3755,2462,11899
ESP,2021/2/12,2851,2847,3680,2384,11762
ESP,2021/2/13,1352,1386,1810,1219,5767
ESP,2021/2/14,777,804,1225,782,3588
ESP,2021/2/15,1897,2294,2883,1821,8895
ESP,2021/2/16,2331,2442,3130,1990,9893
ESP,2021/2/17,2124,2190,2703,1646,8663
ESP,2021/2/18,1906,2008,2654,1649,8217
ESP,2021/2/19,1985,2014,2434,1562,7995
ESP,2021/2/20,917,988,1266,862,4033
ESP,2021/2/21,561,632,926,567,2686
ESP,2021/2/22,1516,1699,2293,1347,6855
ESP,2021/2/23,1760,1895,2316,1432,7403
ESP,2021/2/24,1519,1670,2071,1239,6499
ESP,2021/2/25,1470,1593,1936,1197,6196
ESP,2021/2/26,1502,1649,2054,1290,6495
ESP,2021/2/27,706,773,1082,659,3220
ESP,2021/2/28,463,568,743,474,2248
ESP,2021/3/1,1208,1330,1795,1079,5412
ESP,2021/3/2,1371,1598,1847,1091,5907
ESP,2021/3/3,1369,1614,1903,1106,5992
ESP,2021/3/4,1284,1512,1724,1129,5649
ESP,2021/3/5,1287,1522,1830,1134,5773
ESP,2021/3/6,585,735,967,596,2883
ESP,2021/3/7,377,509,716,462,2064
ESP,2021/3/8,1076,1333,1767,984,5160
ESP,2021/3/9,1297,1468,1868,1072,5705
ESP,2021/3/10,1308,1503,1740,996,5547
ESP,2021/3/11,1253,1441,1690,1019,5403
ESP,2021/3/12,1395,1482,1849,1136,5862
ESP,2021/3/13,582,749,935,583,2849
ESP,2021/3/14,375,528,658,431,1992
ESP,2021/3/15,1152,1510,1886,1071,5619
ESP,2021/3/16,1413,1653,1915,1167,6148
ESP,2021/3/17,1327,1596,1855,1104,5882
ESP,2021/3/18,1506,1736,2021,1165,6428
ESP,2021/3/19,1078,1204,1515,927,4724
ESP,2021/3/20,631,743,1003,585,2962
ESP,2021/3/21,458,560,833,466,2317
ESP,2021/3/22,1236,1698,2073,1188,6195
ESP,2021/3/23,1637,2012,2346,1448,7443
ESP,2021/3/24,1598,1953,2132,1299,6982
ESP,2021/3/25,1584,2194,2243,1352,7373
ESP,2021/3/26,1714,2103,2442,1444,7703
ESP,2021/3/27,786,1136,1423,811,4156
ESP,2021/3/28,545,772,1023,635,2975
ESP,2021/3/29,1429,1992,2488,1532,7441
ESP,2021/3/30,1658,2193,2816,1603,8270
ESP,2021/3/31,1797,2628,2914,1720,9059
GBR,2020/2/1,0,0,0,0,0
GBR,2020/2/2,0,0,1,0,1
GBR,2020/2/3,1,0,2,0,3
GBR,2020/2/4,0,0,0,0,0
GBR,2020/2/5,0,0,1,0,1
GBR,2020/2/6,0,0,0,0,0
GBR,2020/2/7,0,0,0,0,0
GBR,2020/2/8,0,0,3,0,3
GBR,2020/2/9,0,0,1,0,1
GBR,2020/2/10,0,1,0,0,1
GBR,2020/2/11,0,2,0,0,2
GBR,2020/2/12,0,0,0,0,0
GBR,2020/2/13,0,0,0,0,0
GBR,2020/2/14,0,0,0,0,0
GBR,2020/2/15,0,0,0,0,0
GBR,2020/2/16,0,0,0,0,0
GBR,2020/2/17,0,0,0,0,0
GBR,2020/2/18,0,0,0,0,0
GBR,2020/2/19,0,0,0,0,0
GBR,2020/2/20,0,0,0,0,0
GBR,2020/2/21,0,1,0,1,2
GBR,2020/2/22,0,0,0,0,0
GBR,2020/2/23,0,1,1,0,2
GBR,2020/2/24,0,1,1,0,2
GBR,2020/2/25,0,1,2,1,4
GBR,2020/2/26,0,1,3,0,4
GBR,2020/2/27,0,1,6,1,8
GBR,2020/2/28,0,5,6,0,11
GBR,2020/2/29,1,2,0,2,5
GBR,2020/3/1,0,5,10,4,19
GBR,2020/3/2,0,11,23,6,40
GBR,2020/3/3,3,14,24,12,53
GBR,2020/3/4,2,21,15,11,49
GBR,2020/3/5,2,22,16,6,46
GBR,2020/3/6,6,25,20,21,72
GBR,2020/3/7,3,9,18,19,49
GBR,2020/3/8,0,18,18,13,49
GBR,2020/3/9,3,38,50,35,126
GBR,2020/3/10,10,52,71,95,228
GBR,2020/3/11,12,113,96,132,353
GBR,2020/3/12,11,126,119,162,418
GBR,2020/3/13,5,85,101,202,393
GBR,2020/3/14,7,37,65,202,311
GBR,2020/3/15,8,49,90,248,395
GBR,2020/3/16,9,53,123,356,541
GBR,2020/3/17,11,102,162,398,673
GBR,2020/3/18,15,129,224,523,891
GBR,2020/3/19,13,122,247,516,898
GBR,2020/3/20,18,162,272,601,1053
GBR,2020/3/21,22,118,257,610,1007
GBR,2020/3/22,22,160,270,735,1187
GBR,2020/3/23,48,253,508,1161,1970
GBR,2020/3/24,36,273,480,1155,1944
GBR,2020/3/25,36,280,560,1281,2157
GBR,2020/3/26,38,294,630,1524,2486
GBR,2020/3/27,42,308,626,1566,2542
GBR,2020/3/28,35,286,566,1411,2298
GBR,2020/3/29,28,254,623,1446,2351
GBR,2020/3/30,49,441,883,2030,3403
GBR,2020/3/31,54,498,1000,2110,3662
GBR,2020/4/1,64,622,1114,2196,3996
GBR,2020/4/2,59,635,1145,2106,3945
GBR,2020/4/3,55,640,1094,2127,3916
GBR,2020/4/4,49,530,1019,1736,3334
GBR,2020/4/5,39,507,845,1655,3046
GBR,2020/4/6,61,804,1358,2095,4318
GBR,2020/4/7,67,905,1434,2067,4473
GBR,2020/4/8,50,893,1270,1907,4120
GBR,2020/4/9,55,830,1231,1792,3908
GBR,2020/4/10,57,717,1090,1575,3439
GBR,2020/4/11,53,661,869,1347,2930
GBR,2020/4/12,38,596,937,1261,2832
GBR,2020/4/13,41,770,1093,1429,3333
GBR,2020/4/14,64,835,1092,1428,3419
GBR,2020/4/15,64,1026,1442,1563,4095
GBR,2020/4/16,47,1072,1413,1697,4229
GBR,2020/4/17,78,967,1282,1592,3919
GBR,2020/4/18,75,1112,1454,1398,4039
GBR,2020/4/19,52,900,1292,1201,3445
GBR,2020/4/20,46,872,1068,1596,3582
GBR,2020/4/21,63,962,1236,1557,3818
GBR,2020/4/22,88,1255,1718,1611,4672
GBR,2020/4/23,104,1161,1490,1666,4421
GBR,2020/4/24,98,1126,1333,1669,4226
GBR,2020/4/25,64,909,1085,1156,3214
GBR,2020/4/26,61,830,1047,980,2918
GBR,2020/4/27,77,949,1249,1466,3741
GBR,2020/4/28,96,985,1227,1448,3756
GBR,2020/4/29,94,1274,1550,1624,4542
GBR,2020/4/30,98,1119,1344,1707,4268
GBR,2020/5/1,96,1112,1251,1585,4044
GBR,2020/5/2,54,692,836,1109,2691
GBR,2020/5/3,82,665,769,1017,2533
GBR,2020/5/4,91,615,762,1325,2793
GBR,2020/5/5,111,816,903,1222,3052
GBR,2020/5/6,130,845,981,1255,3211
GBR,2020/5/7,121,787,893,1332,3133
GBR,2020/5/8,125,743,802,925,2595
GBR,2020/5/9,70,495,560,654,1779
GBR,2020/5/10,87,534,597,780,1998
GBR,2020/5/11,109,760,852,1351,3072
GBR,2020/5/12,113,772,784,1233,2902
GBR,2020/5/13,135,724,771,1234,2864
GBR,2020/5/14,101,615,635,830,2181
GBR,2020/5/15,82,642,679,711,2114
GBR,2020/5/16,113,570,531,547,1761
GBR,2020/5/17,78,470,486,534,1568
GBR,2020/5/18,108,605,683,811,2207
GBR,2020/5/19,117,717,731,1005,2570
GBR,2020/5/20,115,632,702,873,2322
GBR,2020/5/21,120,645,625,836,2226
GBR,2020/5/22,97,479,483,711,1770
GBR,2020/5/23,74,407,394,413,1288
GBR,2020/5/24,86,371,358,376,1191
GBR,2020/5/25,72,382,425,501,1380
GBR,2020/5/26,70,421,412,549,1452
GBR,2020/5/27,82,461,432,632,1607
GBR,2020/5/28,102,424,414,617,1557
GBR,2020/5/29,64,390,380,532,1366
GBR,2020/5/30,56,305,251,389,1001
GBR,2020/5/31,67,266,250,395,978
GBR,2020/6/1,70,334,360,540,1304
GBR,2020/6/2,84,392,332,550,1358
GBR,2020/6/3,91,339,312,487,1229
GBR,2020/6/4,77,320,295,449,1141
GBR,2020/6/5,71,296,276,366,1009
GBR,2020/6/6,60,249,205,204,718
GBR,2020/6/7,51,235,172,206,664
GBR,2020/6/8,74,301,299,302,976
GBR,2020/6/9,83,348,270,356,1057
GBR,2020/6/10,87,340,272,382,1081
GBR,2020/6/11,70,303,258,273,904
GBR,2020/6/12,80,316,287,249,932
GBR,2020/6/13,74,258,221,224,777
GBR,2020/6/14,74,266,240,171,751
GBR,2020/6/15,83,299,302,253,937
GBR,2020/6/16,88,319,262,322,991
GBR,2020/6/17,79,310,263,254,906
GBR,2020/6/18,99,326,266,239,930
GBR,2020/6/19,78,246,250,238,812
GBR,2020/6/20,73,205,195,143,616
GBR,2020/6/21,50,201,167,129,547
GBR,2020/6/22,94,290,229,201,814
GBR,2020/6/23,74,235,182,233,724
GBR,2020/6/24,84,253,203,187,727
GBR,2020/6/25,70,218,181,167,636
GBR,2020/6/26,71,223,176,158,628
GBR,2020/6/27,53,195,119,104,471
GBR,2020/6/28,47,164,101,94,406
GBR,2020/6/29,64,239,206,151,660
GBR,2020/6/30,81,196,173,118,568
GBR,2020/7/1,65,214,164,148,591
GBR,2020/7/2,49,185,171,133,538
GBR,2020/7/3,70,177,151,121,519
GBR,2020/7/4,45,147,105,68,365
GBR,2020/7/5,64,216,158,100,538
GBR,2020/7/6,89,221,173,166,649
GBR,2020/7/7,71,200,158,129,558
GBR,2020/7/8,67,248,207,153,675
GBR,2020/7/9,85,269,194,135,683
GBR,2020/7/10,75,174,158,115,522
GBR,2020/7/11,64,173,129,65,431
GBR,2020/7/12,55,146,101,46,348
GBR,2020/7/13,90,270,186,135,681
GBR,2020/7/14,91,253,157,151,652
GBR,2020/7/15,94,274,207,143,718
GBR,2020/7/16,88,260,151,139,638
GBR,2020/7/17,75,211,172,88,546
GBR,2020/7/18,68,200,139,66,473
GBR,2020/7/19,75,174,110,60,419
GBR,2020/7/20,110,284,220,149,763
GBR,2020/7/21,92,270,200,130,692
GBR,2020/7/22,119,289,223,126,757
GBR,2020/7/23,92,300,205,140,737
GBR,2020/7/24,120,268,186,143,717
GBR,2020/7/25,84,190,139,83,496
GBR,2020/7/26,84,223,153,57,517
GBR,2020/7/27,118,318,244,140,820
GBR,2020/7/28,126,307,187,170,790
GBR,2020/7/29,131,397,285,172,985
GBR,2020/7/30,121,359,247,150,877
GBR,2020/7/31,89,233,197,116,635
GBR,2020/8/1,82,212,136,76,506
GBR,2020/8/2,84,237,122,73,516
GBR,2020/8/3,126,378,273,185,962
GBR,2020/8/4,129,365,273,193,960
GBR,2020/8/5,119,389,282,180,970
GBR,2020/8/6,136,406,273,186,1001
GBR,2020/8/7,139,355,225,161,880
GBR,2020/8/8,118,266,169,93,646
GBR,2020/8/9,92,248,157,72,569
GBR,2020/8/10,194,577,314,189,1274
GBR,2020/8/11,176,468,300,206,1150
GBR,2020/8/12,180,503,268,147,1098
GBR,2020/8/13,136,454,269,170,1029
GBR,2020/8/14,143,473,269,172,1057
GBR,2020/8/15,99,307,161,85,652
GBR,2020/8/16,103,243,126,60,532
GBR,2020/8/17,183,556,283,131,1153
GBR,2020/8/18,128,426,251,144,949
GBR,2020/8/19,122,527,299,153,1101
GBR,2020/8/20,208,591,307,141,1247
GBR,2020/8/21,169,487,247,123,1026
GBR,2020/8/22,149,350,151,77,727
GBR,2020/8/23,144,313,167,76,700
GBR,2020/8/24,196,546,264,142,1148
GBR,2020/8/25,141,506,271,151,1069
GBR,2020/8/26,206,572,251,140,1169
GBR,2020/8/27,256,620,290,174,1340
GBR,2020/8/28,280,666,291,142,1379
GBR,2020/8/29,239,469,223,108,1039
GBR,2020/8/30,237,410,237,89,973
GBR,2020/8/31,242,571,342,118,1273
GBR,2020/9/1,278,901,507,258,1944
GBR,2020/9/2,383,1146,728,417,2674
GBR,2020/9/3,379,1188,773,364,2704
GBR,2020/9/4,397,1213,638,367,2615
GBR,2020/9/5,387,1005,537,253,2182
GBR,2020/9/6,375,912,545,237,2069
GBR,2020/9/7,581,1488,919,504,3492
GBR,2020/9/8,503,1286,834,431,3054
GBR,2020/9/9,480,1257,760,375,2872
GBR,2020/9/10,581,1312,831,389,3113
GBR,2020/9/11,539,1170,761,380,2850
GBR,2020/9/12,430,878,626,279,2213
GBR,2020/9/13,385,600,474,249,1708
GBR,2020/9/14,454,1199,824,382,2859
GBR,2020/9/15,512,1164,857,445,2978
GBR,2020/9/16,590,1483,1124,492,3689
GBR,2020/9/17,693,1601,1145,471,3910
GBR,2020/9/18,758,1769,1198,482,4207
GBR,2020/9/19,846,1692,1145,440,4123
GBR,2020/9/20,890,1877,1303,518,4588
GBR,2020/9/21,847,1886,1314,559,4606
GBR,2020/9/22,943,2137,1450,733,5263
GBR,2020/9/23,1155,2321,1547,727,5750
GBR,2020/9/24,1215,2606,1620,784,6225
GBR,2020/9/25,1257,2400,1557,727,5941
GBR,2020/9/26,1386,2119,1428,659,5592
GBR,2020/9/27,1640,2259,1476,600,5975
GBR,2020/9/28,2055,3264,2098,1020,8437
GBR,2020/9/29,2358,3233,1979,1096,8666
GBR,2020/9/30,3211,3964,2257,1110,10542
GBR,2020/10/1,3346,4191,2510,1248,11295
GBR,2020/10/2,3285,4389,2605,1311,11590
GBR,2020/10/3,2660,3651,2277,1154,9742
GBR,2020/10/4,2717,3824,2328,1045,9914
GBR,2020/10/5,3492,5319,3523,1731,14065
GBR,2020/10/6,3460,5615,3496,1732,14303
GBR,2020/10/7,3805,5895,3627,1974,15301
GBR,2020/10/8,3827,5923,3755,1820,15325
GBR,2020/10/9,3079,4976,3261,1742,13058
GBR,2020/10/10,2394,3835,2674,1326,10229
GBR,2020/10/11,2151,3598,2644,1318,9711
GBR,2020/10/12,3237,6157,4449,2398,16241
GBR,2020/10/13,3115,5952,4184,2272,15523
GBR,2020/10/14,3109,6348,4564,2418,16439
GBR,2020/10/15,2884,5769,4292,2316,15261
GBR,2020/10/16,2585,5451,4135,2389,14560
GBR,2020/10/17,2007,4648,3680,1984,12319
GBR,2020/10/18,2031,4479,3576,1730,11816
GBR,2020/10/19,3574,8262,6701,3416,21953
GBR,2020/10/20,3504,8072,6358,3243,21177
GBR,2020/10/21,3488,8171,6304,3334,21297
GBR,2020/10/22,3167,7278,5837,3166,19448
GBR,2020/10/23,2770,6673,5428,3095,17966
GBR,2020/10/24,2058,4936,4152,2234,13380
GBR,2020/10/25,1912,4899,4139,2181,13131
GBR,2020/10/26,3129,8413,7324,3812,22678
GBR,2020/10/27,2826,7776,6363,3415,20380
GBR,2020/10/28,2743,7699,6354,3401,20197
GBR,2020/10/29,2650,7382,6295,3576,19903
GBR,2020/10/30,2645,7051,6208,3675,19579
GBR,2020/10/31,1947,5344,4653,2444,14388
GBR,2020/11/1,1796,4818,4453,2372,13439
GBR,2020/11/2,3697,10169,8981,5185,28032
GBR,2020/11/3,3138,8123,6953,4115,22329
GBR,2020/11/4,2937,7690,6380,3817,20824
GBR,2020/11/5,3154,7804,6385,3590,20933
GBR,2020/11/6,3033,7673,6415,3798,20919
GBR,2020/11/7,2371,6324,5263,2768,16726
GBR,2020/11/8,2568,6846,5666,3021,18101
GBR,2020/11/9,4126,10174,8872,5090,28262
GBR,2020/11/10,3667,8750,7477,4623,24517
GBR,2020/11/11,3870,8828,7615,4478,24791
GBR,2020/11/12,3615,7886,6728,3811,22040
GBR,2020/11/13,3666,7429,6722,3950,21767
GBR,2020/11/14,2703,5609,5098,2725,16135
GBR,2020/11/15,2454,4711,4583,2518,14266
GBR,2020/11/16,4280,7622,7475,4373,23750
GBR,2020/11/17,3820,6552,6207,3750,20329
GBR,2020/11/18,3547,5963,5580,3163,18253
GBR,2020/11/19,3097,5029,4640,2712,15478
GBR,2020/11/20,2870,4780,4399,2696,14745
GBR,2020/11/21,2026,3421,3312,1900,10659
GBR,2020/11/22,1949,3272,3144,1715,10080
GBR,2020/11/23,3260,5181,4937,2889,16267
GBR,2020/11/24,2692,4505,4180,2712,14089
GBR,2020/11/25,2889,4486,4185,2398,13958
GBR,2020/11/26,2577,3970,3556,2156,12259
GBR,2020/11/27,2511,3767,3616,2293,12187
GBR,2020/11/28,1827,3030,2874,1490,9221
GBR,2020/11/29,1766,2881,2821,1479,8947
GBR,2020/11/30,3079,4638,4521,2816,15054
GBR,2020/12/1,2818,4225,3962,2537,13542
GBR,2020/12/2,2743,4316,4085,2349,13493
GBR,2020/12/3,2630,4103,3693,2209,12635
GBR,2020/12/4,2789,3963,3826,2315,12893
GBR,2020/12/5,2075,3359,3136,1645,10215
GBR,2020/12/6,2240,3543,3365,1803,10951
GBR,2020/12/7,3679,5487,5366,2898,17430
GBR,2020/12/8,3421,5516,4899,2820,16656
GBR,2020/12/9,3587,6000,5147,2785,17519
GBR,2020/12/10,3821,6381,5620,2816,18638
GBR,2020/12/11,4171,6603,5998,3198,19970
GBR,2020/12/12,3329,5460,4972,2345,16106
GBR,2020/12/13,3866,6165,5558,2692,18281
GBR,2020/12/14,6137,10065,9182,4422,29806
GBR,2020/12/15,5677,10705,8866,4193,29441
GBR,2020/12/16,5466,11615,9092,4251,30424
GBR,2020/12/17,4991,11550,9084,4314,29939
GBR,2020/12/18,5389,12043,10044,4659,32135
GBR,2020/12/19,3752,8205,6695,3315,21967
GBR,2020/12/20,4797,11403,9229,3951,29380
GBR,2020/12/21,6636,16299,13921,6199,43055
GBR,2020/12/22,6326,15853,13047,6202,41428
GBR,2020/12/23,5742,14737,12018,5636,38133
GBR,2020/12/24,4345,10790,9693,4321,29149
GBR,2020/12/25,1609,4665,4350,2270,12894
GBR,2020/12/26,5214,14059,12666,5404,37343
GBR,2020/12/27,5805,16770,14272,6264,43111
GBR,2020/12/28,5202,15571,13365,6472,40610
GBR,2020/12/29,9550,28608,23730,11900,73788
GBR,2020/12/30,8555,24930,20190,10334,64009
GBR,2020/12/31,6419,18176,15235,7790,47620
GBR,2021/1/1,3716,10602,9331,5143,28792
GBR,2021/1/2,7391,21472,17622,8738,55223
GBR,2021/1/3,6827,20427,15657,7589,50500
GBR,2021/1/4,9182,27548,21651,12111,70492
GBR,2021/1/5,7281,23430,17881,10696,59288
GBR,2021/1/6,6514,20674,15712,9450,52350
GBR,2021/1/7,6051,18133,14508,8974,47666
GBR,2021/1/8,5362,16225,13140,8431,43158
GBR,2021/1/9,4567,13768,11370,6535,36240
GBR,2021/1/10,4078,12799,10756,5953,33586
GBR,2021/1/11,6093,19591,17243,10219,53146
GBR,2021/1/12,5261,16597,14783,8970,45611
GBR,2021/1/13,5151,15690,13453,7730,42024
GBR,2021/1/14,4744,14642,12548,7459,39393
GBR,2021/1/15,4765,13839,11833,7208,37645
GBR,2021/1/16,3638,10705,8942,4971,28256
GBR,2021/1/17,3368,10100,8694,4685,26847
GBR,2021/1/18,5065,14962,13724,7940,41691
GBR,2021/1/19,4522,13592,11673,7023,36810
GBR,2021/1/20,4097,11937,10127,6305,32466
GBR,2021/1/21,3678,10939,9264,5526,29407
GBR,2021/1/22,3572,10131,8662,5212,27577
GBR,2021/1/23,2657,7507,6504,3661,20329
GBR,2021/1/24,2040,5901,4997,2859,15797
GBR,2021/1/25,3472,10119,8815,5407,27813
GBR,2021/1/26,3145,9242,7797,4863,25047
GBR,2021/1/27,3042,8733,7553,4423,23751
GBR,2021/1/28,2798,8240,7064,4242,22344
GBR,2021/1/29,2774,7095,6363,3978,20210
GBR,2021/1/30,2146,5700,4877,2700,15423
GBR,2021/1/31,1824,5330,4479,2432,14065
GBR,2021/2/1,2584,7528,6582,3953,20647
GBR,2021/2/2,2407,6615,5602,3466,18090
GBR,2021/2/3,2370,6680,5481,3284,17815
GBR,2021/2/4,2444,6189,4946,3014,16593
GBR,2021/2/5,1938,5261,4419,2709,14327
GBR,2021/2/6,1501,4059,3413,1915,10888
GBR,2021/2/7,1448,3945,3215,1780,10388
GBR,2021/2/8,1881,5171,4623,2597,14272
GBR,2021/2/9,1664,4703,3950,2306,12623
GBR,2021/2/10,1550,4573,3887,2195,12205
GBR,2021/2/11,1595,4402,3546,2011,11554
GBR,2021/2/12,1500,4072,3396,1953,10921
GBR,2021/2/13,1145,2998,2493,1330,7966
GBR,2021/2/14,1050,3000,2404,1273,7727
GBR,2021/2/15,1560,4773,4243,2311,12887
GBR,2021/2/16,1362,4423,3516,1894,11195
GBR,2021/2/17,1318,4000,3307,1713,10338
GBR,2021/2/18,1283,4042,3251,1659,10235
GBR,2021/2/19,1236,3520,2818,1562,9136
GBR,2021/2/20,1055,2691,2243,1136,7125
GBR,2021/2/21,964,2750,2227,1053,6994
GBR,2021/2/22,1405,3938,3207,1682,10232
GBR,2021/2/23,1185,3297,2694,1283,8459
GBR,2021/2/24,1036,2909,2444,1167,7556
GBR,2021/2/25,974,2606,2160,1141,6881
GBR,2021/2/26,870,2272,1792,912,5846
GBR,2021/2/27,577,1693,1317,642,4229
GBR,2021/2/28,563,1619,1325,584,4091
GBR,2021/3/1,902,2328,1961,997,6188
GBR,2021/3/2,921,2200,1869,886,5876
GBR,2021/3/3,870,2086,1592,720,5268
GBR,2021/3/4,912,1925,1452,675,4964
GBR,2021/3/5,919,1808,1364,599,4690
GBR,2021/3/6,718,1518,1106,464,3806
GBR,2021/3/7,609,1409,1158,461,3637
GBR,2021/3/8,1270,2058,1728,720,5776
GBR,2021/3/9,1223,2023,1573,627,5446
GBR,2021/3/10,1097,2008,1489,604,5198
GBR,2021/3/11,1133,1818,1346,521,4818
GBR,2021/3/12,1157,1701,1301,576,4735
GBR,2021/3/13,717,1408,1042,404,3571
GBR,2021/3/14,860,1385,1106,344,3695
GBR,2021/3/15,1509,1987,1555,543,5594
GBR,2021/3/16,1371,1775,1279,473,4898
GBR,2021/3/17,1540,1725,1325,429,5019
GBR,2021/3/18,1370,1687,1198,397,4652
GBR,2021/3/19,1223,1565,1119,396,4303
GBR,2021/3/20,927,1275,949,341,3492
GBR,2021/3/21,1812,1398,1131,326,4667
GBR,2021/3/22,1687,1833,1406,446,5372
GBR,2021/3/23,1369,1612,1215,331,4527
GBR,2021/3/24,1857,1764,1291,369,5281
GBR,2021/3/25,1554,1557,1133,387,4631
GBR,2021/3/26,1058,1309,1034,341,3742
GBR,2021/3/27,883,1147,828,254,3112
GBR,2021/3/28,1773,1308,1108,270,4459
GBR,2021/3/29,826,1280,972,304,3382
GBR,2021/3/30,777,1150,862,299,3088
GBR,2021/3/31,980,1116,923,266,3285
